gamma,run,caa_risk,caa_return,caa_sharpe,aa_risk,aa_return,aa_sharpe,l1_weight_distance,n_communities,aa_raw_sum,caa_upper_raw_sum,caa_inner_raw_sum_min,caa_w_0,caa_w_1,caa_w_2,caa_w_3,caa_w_4,caa_w_5,caa_w_6,caa_w_7,caa_w_8,caa_w_9,caa_w_10,caa_w_11,caa_w_12,caa_w_13,caa_w_14,caa_w_15,caa_w_16,caa_w_17,caa_w_18,caa_w_19,aa_w_0,aa_w_1,aa_w_2,aa_w_3,aa_w_4,aa_w_5,aa_w_6,aa_w_7,aa_w_8,aa_w_9,aa_w_10,aa_w_11,aa_w_12,aa_w_13,aa_w_14,aa_w_15,aa_w_16,aa_w_17,aa_w_18,aa_w_19
8.0,0,0.05184832038361032,0.7956846342397835,3.4944081153502564,0.054494914023477586,0.8234948636767527,3.5276290377930675,0.33123891034338804,5,1.046875,1.046875,0.984375,0.0,0.02261420171867933,0.0,0.027137042062415195,0.4580941446613088,0.0,0.0,0.12663952962460423,0.04070556309362279,0.0,0.08141112618724558,0.0642939150401837,0.0,0.0,0.06061997703788748,0.0,0.0,0.0,0.0,0.1184845005740528,0.0,0.029850746268656716,0.0,0.029850746268656716,0.4626865671641791,0.0,0.0,0.13432835820895522,0.0,0.0,0.11940298507462686,0.0,0.0,0.0,0.0,0.0,0.0,0.0,0.0,0.22388059701492538
8.0,1,0.055809382274255935,0.8142875386088058,3.446864259645175,0.055972255260240966,0.8303799033821291,3.5098651165544794,0.43526953974715166,5,1.046875,1.046875,0.890625,0.0,0.015636105188343994,0.0,0.02345415778251599,0.5328580975718423,0.0,0.0,0.02804161013116237,0.07296849087893864,0.0,0.05212035062781331,0.014473089099954772,0.0,0.0,0.011583871686344397,0.0,0.0,0.017186793306196293,0.0,0.23167743372688793,0.0,0.04477611940298507,0.0,0.0,0.4626865671641791,0.0,0.0,0.13432835820895522,0.0,0.0,0.13432835820895522,0.0,0.0,0.0,0.0,0.0,0.0,0.0,0.0,0.22388059701492538
8.0,2,0.055886801917259234,0.8138399215651745,3.4425825303988993,0.054301776315335386,0.8226758766535065,3.530382360106943,0.3752942020665901,5,1.046875,1.046875,0.953125,0.0,0.0,0.0,0.03237657864523536,0.5180252583237658,0.0,0.0,0.07646383467278989,0.05396096440872561,0.0,0.09712973593570609,0.0,0.0,0.017957089552238806,0.05786452353616533,0.0,0.0,0.0,0.0,0.14622201492537312,0.0,0.029850746268656716,0.0,0.029850746268656716,0.4626865671641791,0.0,0.0,0.14925373134328357,0.0,0.0,0.11940298507462686,0.0,0.0,0.0,0.0,0.0,0.0,0.0,0.0,0.208955223880597
8.0,3,0.05613389979924129,0.803389429419921,3.3908884706070976,0.05563990157460111,0.8290055667240299,3.5145058478937403,0.5795030529172319,5,1.046875,1.046875,0.9375,0.0,0.02397105382180009,0.0,0.011985526910900044,0.5033921302578018,0.0,0.0,0.012826492537313433,0.0,0.0,0.10786974219810039,0.044097693351424695,0.0,0.0,0.04703753957485301,0.0020988805970149254,0.0,0.14382632293080053,0.0,0.10289461781999096,0.0,0.029850746268656716,0.0,0.0,0.4626865671641791,0.0,0.0,0.14925373134328357,0.0,0.0,0.14925373134328357,0.0,0.0,0.0,0.0,0.0,0.0,0.0,0.0,0.208955223880597
8.0,4,0.05946308516020639,0.832555347100325,3.414203437840839,0.05291747427960071,0.8157503388517297,3.5461549573252897,0.40100198309153523,5,1.046875,1.046875,0.890625,0.0037313432835820895,0.022043628013777267,0.0,0.022043628013777267,0.5180252583237658,0.0,0.012211668928086837,0.017639077340569877,0.0661308840413318,0.0,0.08817451205510907,0.008141112618724558,0.0,0.0,0.006784260515603799,0.0,0.0,0.0,0.0,0.23507462686567163,0.0,0.04477611940298507,0.0,0.014925373134328358,0.4626865671641791,0.0,0.0,0.1791044776119403,0.0,0.0,0.1044776119402985,0.0,0.0,0.0,0.0,0.0,0.0,0.0,0.0,0.19402985074626866
8.0,5,0.05226578038063106,0.8050921215746825,3.5215743110013698,0.056291276679306515,0.8316836350789056,3.505400197200214,0.19793340987370833,5,1.046875,1.046875,0.890625,0.0,0.010562571756601608,0.0,0.03168771526980482,0.4753157290470723,0.0,0.0,0.11940298507462686,0.03168771526980482,0.0,0.08450057405281286,0.05281285878300804,0.0,0.0,0.0,0.0,0.0,0.0,0.0,0.19402985074626866,0.0,0.029850746268656716,0.0,0.029850746268656716,0.4626865671641791,0.0,0.0,0.14925373134328357,0.0,0.0,0.13432835820895522,0.0,0.0,0.0,0.0,0.0,0.0,0.0,0.0,0.19402985074626866
8.0,6,0.05120266870548419,0.7993983146741034,3.5327827386550905,0.05709570390555415,0.83540382974902,3.4961877445161234,0.27757424130781233,5,1.046875,1.046875,0.984375,0.0,0.0,0.0,0.01225217197594119,0.47783470706170644,0.0,0.0,0.22053909556694143,0.0,0.0,0.11026954778347071,0.05235361653272101,0.0,0.0,0.0,0.0,0.0,0.0,0.0,0.1267508610792193,0.0,0.04477611940298507,0.0,0.014925373134328358,0.4626865671641791,0.0,0.0,0.14925373134328357,0.0,0.0,0.13432835820895522,0.0,0.0,0.0,0.0,0.0,0.0,0.0,0.0,0.19402985074626866
8.0,7,0.055186969642501346,0.8058070000747083,3.4301472360965297,0.05478766535128192,0.8250217346655221,3.5247148862220214,0.44121177330132555,5,1.046875,1.046875,0.984375,0.0,0.021584385763490244,0.0,0.021584385763490244,0.4964408725602756,0.0,0.0,0.09888059701492537,0.07554535017221585,0.0,0.08633754305396098,0.035278154681139755,0.0,0.0,0.0,0.0,0.020522388059701493,0.04884667571234735,0.0,0.09497964721845317,0.0,0.029850746268656716,0.0,0.014925373134328358,0.4626865671641791,0.0,0.0,0.16417910447761194,0.0,0.0,0.13432835820895522,0.0,0.0,0.0,0.0,0.0,0.0,0.0,0.0,0.19402985074626866
8.0,8,0.05033809450337779,0.7983593197543783,3.5583610646798363,0.05284774889799142,0.8160139762401231,3.549640335649725,0.2076519973661106,4,1.046875,1.0625,0.984375,0.0,0.01251097453906936,0.0,0.01251097453906936,0.5004389815627743,0.0,0.0,0.22519754170324846,0.0,0.0,0.08757682177348551,0.0,0.0,0.0,0.0,0.00505514705882353,0.0,0.0,0.0,0.1567095588235294,0.0,0.029850746268656716,0.0,0.014925373134328358,0.4626865671641791,0.0,0.0,0.16417910447761194,0.0,0.0,0.11940298507462686,0.0,0.0,0.0,0.0,0.0,0.0,0.0,0.0,0.208955223880597
8.0,9,0.056987743400034006,0.8168055779753459,3.421589975215603,0.054301776315335386,0.8226758766535065,3.530382360106943,0.3377035278154681,5,1.046875,1.046875,0.984375,0.0,0.021584385763490244,0.0,0.021584385763490244,0.4964408725602756,0.0,0.0,0.04206241519674356,0.06475315729047072,0.0,0.09712973593570609,0.021709633649932156,0.0,0.0228544776119403,0.0,0.0,0.0,0.025780189959294438,0.0,0.18610074626865672,0.0,0.029850746268656716,0.0,0.029850746268656716,0.4626865671641791,0.0,0.0,0.14925373134328357,0.0,0.0,0.11940298507462686,0.0,0.0,0.0,0.0,0.0,0.0,0.0,0.0,0.208955223880597
8.0,10,0.06221924813461588,0.847660398413114,3.398282778250901,0.05549736302268701,0.8281865797007837,3.5155397654368645,0.41745120551090703,5,1.046875,1.046875,0.984375,0.0,0.022502870264064296,0.0029850746268656717,0.022502870264064296,0.5288174512055109,0.0,0.0,0.01079219288174512,0.05625717566016074,0.0,0.10126291618828932,0.0,0.0,0.0,0.0,0.0,0.001148105625717566,0.0,0.0,0.2537313432835821,0.0,0.029850746268656716,0.0,0.0,0.4626865671641791,0.0,0.0,0.16417910447761194,0.0,0.0,0.14925373134328357,0.0,0.0,0.0,0.0,0.0,0.0,0.0,0.0,0.19402985074626866
8.0,11,0.05453037873243537,0.8120976945348017,3.477675218007241,0.054692667608698765,0.8240502133116057,3.5236204589910534,0.32210017649982,4,1.046875,1.046875,0.984375,0.0,0.039429717086210736,0.0,0.013143239028736911,0.49944308309200264,0.0,0.0018369690011481056,0.23657830251726442,0.0,0.0,0.09200267320115839,0.0,0.009184845005740528,0.0,0.0,0.0,0.011021814006888633,0.0,0.0,0.0973593570608496,0.0,0.04477611940298507,0.0,0.029850746268656716,0.4626865671641791,0.0,0.0,0.13432835820895522,0.0,0.0,0.1044776119402985,0.0,0.0,0.0,0.0,0.0,0.0,0.0,0.0,0.22388059701492538
8.0,12,0.05677388002348785,0.8148993393759145,3.4200281278029814,0.056455841084475086,0.8325026221021519,3.50373433517103,0.4264899279824653,5,1.046875,1.046875,0.921875,0.0,0.021584385763490244,0.0,0.021584385763490244,0.4964408725602756,0.0,0.0,0.06911595866819747,0.06475315729047072,0.0,0.09712973593570609,0.035361653272101036,0.0,0.0,0.0,0.0,0.0,0.07937584803256446,0.0,0.11465400271370421,0.0,0.029850746268656716,0.0,0.029850746268656716,0.4626865671641791,0.0,0.0,0.13432835820895522,0.0,0.0,0.13432835820895522,0.0,0.0,0.0,0.0,0.0,0.0,0.0,0.0,0.208955223880597
8.0,13,0.05189353303895815,0.8050740782799786,3.5341031710863784,0.05492948764011889,0.8258407216887683,3.5236561327839153,0.2020665901262916,5,1.046875,1.046875,0.890625,0.0,0.020665901262916193,0.0,0.030998851894374287,0.4856486796785304,0.0,0.0,0.14925373134328357,0.061997703788748575,0.0,0.07233065442020667,0.0,0.0,0.0,0.0,0.0,0.0,0.0,0.0,0.1791044776119403,0.0,0.029850746268656716,0.0,0.014925373134328358,0.4626865671641791,0.0,0.0,0.14925373134328357,0.0,0.0,0.13432835820895522,0.0,0.0,0.0,0.0,0.0,0.0,0.0,0.0,0.208955223880597
8.0,14,0.05760823327971638,0.8199425682865729,3.416183223876106,0.053018144489801994,0.8168329632633693,3.547488474793131,0.4092683435967018,5,1.046875,1.046875,0.96875,0.0,0.021125143513203215,0.0,0.010562571756601608,0.4964408725602755,0.0,0.0,0.047489823609226586,0.06337543053960965,0.0,0.09506314580941447,0.06544202066590127,0.0,0.0,0.0,0.0,0.0,0.04206241519674356,0.0,0.1584385763490241,0.0,0.029850746268656716,0.0,0.014925373134328358,0.4626865671641791,0.0,0.0,0.14925373134328357,0.0,0.0,0.11940298507462686,0.0,0.0,0.0,0.0,0.0,0.0,0.0,0.0,0.22388059701492538
8.0,15,0.05638775881770066,0.8163797262590575,3.4379518845783146,0.056291276679306515,0.8316836350789056,3.505400197200214,0.3822330654420207,5,1.046875,1.046875,0.953125,0.0,0.021584385763490244,0.0,0.0,0.5180252583237658,0.0,0.0,0.0679678530424799,0.06475315729047072,0.0,0.09712973593570609,0.0,0.0,0.019589552238805968,0.05143513203214696,0.0,0.0,0.0,0.0,0.15951492537313433,0.0,0.029850746268656716,0.0,0.029850746268656716,0.4626865671641791,0.0,0.0,0.14925373134328357,0.0,0.0,0.13432835820895522,0.0,0.0,0.0,0.0,0.0,0.0,0.0,0.0,0.19402985074626866
8.0,16,0.04965405276990091,0.7805371359651523,3.5028070875930726,0.05577464550298518,0.8295609163588828,3.5126095144224303,0.47918225250916635,5,1.046875,1.046875,0.96875,0.0,0.0072219547424169465,0.0,0.036109773712084736,0.4672789896670494,0.0,0.0,0.11940298507462686,0.0849598163030999,0.0,0.05536831969186326,0.05055368319691862,0.0,0.0,0.06337543053960965,0.0,0.0,0.0,0.0,0.11572904707233066,0.0,0.04477611940298507,0.0,0.0,0.4626865671641791,0.0,0.0,0.14925373134328357,0.0,0.0,0.13432835820895522,0.0,0.0,0.0,0.0,0.0,0.0,0.0,0.0,0.208955223880597
8.0,17,0.05677756476805478,0.8235984428463965,3.456424987780214,0.055123341611338215,0.8266597087120146,3.520943063523105,0.294534321399993,5,1.046875,1.046875,0.984375,0.0,0.021125143513203215,0.0,0.021125143513203215,0.4964408725602755,0.0,0.0,0.03505201266395296,0.05281285878300804,0.0,0.09506314580941447,0.018091361374943462,0.0,0.0,0.0,0.0,0.0,0.021483491632745363,0.0,0.23880597014925373,0.0,0.029850746268656716,0.0,0.014925373134328358,0.4626865671641791,0.0,0.0,0.13432835820895522,0.0,0.0,0.13432835820895522,0.0,0.0,0.0,0.0,0.0,0.0,0.0,0.0,0.22388059701492538
8.0,18,0.05323634255603857,0.8052624425134891,3.490063578572367,0.05243185941279285,0.8136681182281076,3.553445587834309,0.2998851894374282,5,1.046875,1.046875,0.90625,0.0,0.021125143513203215,0.0,0.021125143513203215,0.4753157290470723,0.0,0.0,0.13432835820895522,0.07393800229621125,0.0,0.09506314580941447,0.0,0.0,0.0,0.06337543053960965,0.0,0.0,0.0,0.0,0.11572904707233066,0.0,0.029850746268656716,0.0,0.029850746268656716,0.4626865671641791,0.0,0.0,0.14925373134328357,0.0,0.0,0.1044776119402985,0.0,0.0,0.0,0.0,0.0,0.0,0.0,0.0,0.22388059701492538
8.0,19,0.05571268152369616,0.8185423035815893,3.467880297455257,0.05563990157460111,0.8290055667240299,3.5145058478937403,0.3314198239571374,5,1.046875,1.046875,0.984375,0.0,0.023744911804613297,0.0,0.030998851894374287,0.4856486796785304,0.0,0.0,0.04590682948891904,0.061997703788748575,0.0,0.09299655568312286,0.0,0.0,0.0,0.0,0.0,0.0,0.03482587064676616,0.0,0.22388059701492538,0.0,0.029850746268656716,0.0,0.0,0.4626865671641791,0.0,0.0,0.14925373134328357,0.0,0.0,0.14925373134328357,0.0,0.0,0.0,0.0,0.0,0.0,0.0,0.0,0.208955223880597
8.0,20,0.059691473820803295,0.8304294414399633,3.3989641731732503,0.0552911101296205,0.8272150583468673,3.517959024515953,0.4399540757749713,4,1.046875,1.046875,0.984375,0.0,0.022043628013777267,0.001148105625717566,0.022043628013777267,0.5180252583237658,0.0,0.0,0.007577497129735935,0.05510907003444317,0.0,0.0991963260619977,0.0,0.0,0.0,0.09506314580941447,0.0,0.0,0.006199770378874857,0.0,0.17359357060849598,0.0,0.04477611940298507,0.0,0.014925373134328358,0.4626865671641791,0.0,0.0,0.13432835820895522,0.0,0.0,0.11940298507462686,0.0,0.0,0.0,0.0,0.0,0.0,0.0,0.0,0.22388059701492538
8.0,21,0.04906902335326338,0.7897264530689897,3.5651103627639618,0.05416067028957555,0.8218568896302603,3.531459133792123,0.23129755633596724,5,1.046875,1.0625,0.921875,0.0,0.05377524143985952,0.0,0.01633986928104575,0.47322212467076386,0.0,0.0027573529411764708,0.1935908691834943,0.04901960784313725,0.0,0.03758169934640523,0.0,0.0,0.0,0.0,0.0,0.0,0.0,0.0,0.17371323529411767,0.0,0.029850746268656716,0.0,0.029850746268656716,0.4626865671641791,0.0,0.0,0.16417910447761194,0.0,0.0,0.11940298507462686,0.0,0.0,0.0,0.0,0.0,0.0,0.0,0.0,0.19402985074626866
8.0,22,0.047563472967858664,0.7672802449497518,3.518173374275975,0.05368713217650983,0.819997808298631,3.5389757661802466,0.44155242377367054,5,1.046875,1.0625,0.9375,0.0,0.015406162464985995,0.0,0.023109243697478993,0.49864253393665164,0.0,0.0,0.11007130124777183,0.0718954248366013,0.0,0.051353874883286646,0.0,0.0,0.0,0.0,0.0,0.060180995475113123,0.029634581105169342,0.0,0.13970588235294118,0.0,0.029850746268656716,0.0,0.0,0.4626865671641791,0.0,0.0,0.14925373134328357,0.0,0.0,0.13432835820895522,0.0,0.0,0.0,0.0,0.0,0.0,0.0,0.0,0.22388059701492538
8.0,23,0.053328164822349394,0.8118858697934418,3.515739299612297,0.05088047869372768,0.8061872307914778,3.574047505676844,0.18553386911595865,5,1.046875,1.046875,0.921875,0.0,0.021125143513203215,0.0,0.021125143513203215,0.4753157290470723,0.0,0.0,0.14246947082767977,0.03168771526980482,0.0,0.09506314580941447,0.04225028702640643,0.0,0.0,0.0,0.0,0.0,0.0,0.0,0.17096336499321574,0.0,0.029850746268656716,0.0,0.014925373134328358,0.4626865671641791,0.0,0.0,0.1791044776119403,0.0,0.0,0.1044776119402985,0.0,0.0,0.0,0.0,0.0,0.0,0.0,0.0,0.208955223880597
8.0,24,0.05860188753225553,0.8256398318463949,3.410631779633187,0.051226384800913696,0.8078252048379704,3.569197216778407,0.4613518943742824,5,1.046875,1.046875,0.90625,0.0,0.020988805970149255,0.0,0.020988805970149255,0.5247201492537313,0.0,0.0,0.046842709529276695,0.042709529276693456,0.0,0.10494402985074627,0.0,0.0,0.0,0.047037539574853,0.0,0.0,0.07236544549977386,0.0,0.11940298507462686,0.0,0.029850746268656716,0.0,0.014925373134328358,0.4626865671641791,0.0,0.0,0.14925373134328357,0.0,0.0,0.1044776119402985,0.0,0.0,0.0,0.0,0.0,0.0,0.0,0.0,0.23880597014925373
8.0,25,0.053825020930066386,0.7902041803720097,3.4060201991739154,0.053212312826758146,0.8173883128982221,3.5434177475690003,0.5406886024423337,5,1.046875,1.046875,0.984375,0.0,0.05074626865671642,0.0,0.023320895522388058,0.47286295793758476,0.0,0.1390773405698779,0.019674355495251015,0.046641791044776115,0.0,0.04430970149253731,0.034981343283582086,0.0,0.0,0.013568521031207597,0.0,0.0,0.011533242876526458,0.0,0.14328358208955225,0.0,0.04477611940298507,0.0,0.014925373134328358,0.4626865671641791,0.0,0.0,0.14925373134328357,0.0,0.0,0.1044776119402985,0.0,0.0,0.0,0.0,0.0,0.0,0.0,0.0,0.22388059701492538
8.0,26,0.054878535758554205,0.8126872190769984,3.4691427610380794,0.055123341611338215,0.8266597087120146,3.520943063523105,0.31756258889250655,5,1.046875,1.046875,0.890625,0.0,0.020665901262916193,0.0,0.020665901262916193,0.47531572904707237,0.0,0.0,0.11271998217865895,0.061997703788748575,0.0,0.09299655568312286,0.053909556694141235,0.0,0.0,0.024504343951882376,0.0,0.0,0.0,0.0,0.1372243261305413,0.0,0.029850746268656716,0.0,0.014925373134328358,0.4626865671641791,0.0,0.0,0.13432835820895522,0.0,0.0,0.13432835820895522,0.0,0.0,0.0,0.0,0.0,0.0,0.0,0.0,0.22388059701492538
8.0,27,0.05758301878055381,0.8248822689417684,3.4375162032289364,0.055123341611338215,0.8266597087120146,3.520943063523105,0.30552460599102393,5,1.046875,1.046875,0.890625,0.003498134328358209,0.021584385763490244,0.0,0.021584385763490244,0.4964408725602756,0.0,0.0,0.030529172320217096,0.06475315729047072,0.0,0.09712973593570609,0.01582994120307553,0.0,0.0,0.018091361374943462,0.0,0.0,0.010176390773405698,0.0,0.22038246268656717,0.0,0.029850746268656716,0.0,0.014925373134328358,0.4626865671641791,0.0,0.0,0.13432835820895522,0.0,0.0,0.13432835820895522,0.0,0.0,0.0,0.0,0.0,0.0,0.0,0.0,0.22388059701492538
8.0,28,0.059036584733046425,0.835661783374406,3.439298961704583,0.05395254970095021,0.8208333567128855,3.5338573139431753,0.269828812310434,5,1.046875,1.046875,0.953125,0.0,0.07796836711962575,0.0,0.028932261768082668,0.44362801377726757,0.0,0.0,0.12809088883938516,0.057864523536165335,0.0,0.09644087256027556,0.0,0.0,0.0,0.0,0.0,0.0,0.0,0.0,0.16707507239919805,0.0,0.029850746268656716,0.0,0.0,0.44776119402985076,0.0,0.0,0.16417910447761194,0.0,0.0,0.14925373134328357,0.0,0.0,0.0,0.0,0.0,0.0,0.0,0.0,0.208955223880597
8.0,29,0.05377243837778368,0.8005202550377847,3.4521722706399482,0.05492948764011889,0.8258407216887683,3.5236561327839153,0.4391677973767525,5,1.046875,1.046875,0.875,0.0,0.011985526910900044,0.0,0.04794210764360018,0.46743554952510175,0.0,0.0,0.01582994120307553,0.0,0.0,0.09588421528720036,0.03595658073270013,0.0,0.0,0.13184079601990048,0.0,0.0,0.014020805065581185,0.0,0.1791044776119403,0.0,0.029850746268656716,0.0,0.014925373134328358,0.4626865671641791,0.0,0.0,0.14925373134328357,0.0,0.0,0.13432835820895522,0.0,0.0,0.0,0.0,0.0,0.0,0.0,0.0,0.208955223880597
8.0,30,0.06028019790770514,0.8262552687831417,3.365324189126498,0.054692667608698765,0.8240502133116057,3.5236204589910534,0.5261663709424904,4,1.046875,1.046875,0.890625,0.0,0.011021814006888633,0.003214695752009185,0.022043628013777267,0.5180252583237658,0.0,0.0,0.011710677382319174,0.0661308840413318,0.0,0.0991963260619977,0.05291723202170963,0.0,0.0,0.036635006784260515,0.0,0.0,0.048846675712347354,0.0,0.13025780189959293,0.0,0.04477611940298507,0.0,0.029850746268656716,0.4626865671641791,0.0,0.0,0.13432835820895522,0.0,0.0,0.1044776119402985,0.0,0.0,0.0,0.0,0.0,0.0,0.0,0.0,0.22388059701492538
8.0,31,0.05695450361172402,0.8260746229719207,3.461427544504708,0.05368713217650983,0.819997808298631,3.5389757661802466,0.32247851650836734,5,1.046875,1.046875,0.75,0.0,0.029850746268656716,0.0,0.012211668928086838,0.5006784260515604,0.0,0.0,0.18317503392130258,0.0,0.0,0.10990502035278153,0.03731343283582089,0.0,0.0,0.03980099502487562,0.0,0.0,0.0,0.0,0.08706467661691542,0.0,0.029850746268656716,0.0,0.0,0.4626865671641791,0.0,0.0,0.14925373134328357,0.0,0.0,0.13432835820895522,0.0,0.0,0.0,0.0,0.0,0.0,0.0,0.0,0.22388059701492538
8.0,32,0.05447135021647607,0.7970427199314868,3.4150536366979316,0.05492948764011889,0.8258407216887683,3.5236561327839153,0.5530469856381283,5,1.046875,1.046875,0.953125,0.0,0.011744555908979692,0.004404208465867384,0.02202104232933692,0.5522388059701493,0.0,0.09814563545906829,0.11080958842152872,0.06558118498417005,0.0,0.039637876192806454,0.0,0.0,0.0,0.0,0.011744555908979692,0.0,0.0,0.0,0.0836725463591135,0.0,0.029850746268656716,0.0,0.014925373134328358,0.4626865671641791,0.0,0.0,0.14925373134328357,0.0,0.0,0.13432835820895522,0.0,0.0,0.0,0.0,0.0,0.0,0.0,0.0,0.208955223880597
8.0,33,0.05165147451419687,0.8052933305407811,3.5433392930778593,0.05489675494417283,0.8252853720539155,3.522336237919126,0.18160364223657827,5,1.046875,1.046875,0.890625,0.0,0.02494987747828024,0.0,0.01247493873914012,0.4615727333481845,0.0,0.0,0.21207395856538205,0.0,0.0,0.12474938739140119,0.0,0.0,0.0,0.0,0.0,0.017957089552238806,0.0,0.0,0.14622201492537312,0.0,0.014925373134328358,0.0,0.014925373134328358,0.4626865671641791,0.0,0.0,0.14925373134328357,0.0,0.0,0.14925373134328357,0.0,0.0,0.0,0.0,0.0,0.0,0.0,0.0,0.208955223880597
8.0,34,0.05751996235116092,0.8259513590850389,3.4438575211727787,0.054692667608698765,0.8240502133116057,3.5236204589910534,0.22152698048220446,5,1.046875,1.046875,0.984375,0.0,0.05037313432835821,0.0,0.028932261768082668,0.4629161882893227,0.0,0.0,0.12873134328358207,0.04822043628013778,0.0,0.086796785304248,0.056716417910447764,0.0,0.0,0.0,0.0,0.0,0.0,0.0,0.1373134328358209,0.0,0.04477611940298507,0.0,0.029850746268656716,0.4626865671641791,0.0,0.0,0.13432835820895522,0.0,0.0,0.1044776119402985,0.0,0.0,0.0,0.0,0.0,0.0,0.0,0.0,0.22388059701492538
8.0,35,0.05134156119409974,0.7889496305445027,3.481887555518365,0.05425321741916874,0.8222076933709845,3.529951893753591,0.45815697631246755,4,1.046875,1.046875,0.984375,0.0,0.023518769787426504,0.0,0.011759384893713252,0.45861601085481685,0.0,0.15287200361827227,0.08687903764758298,0.011759384893713252,0.0,0.10583446404341926,0.011759384893713252,0.0,0.0,0.03007351303185565,0.0,0.0,0.0,0.0,0.10692804633548675,0.0,0.04477611940298507,0.0,0.0,0.44776119402985076,0.0,0.0,0.14925373134328357,0.0,0.0,0.13432835820895522,0.0,0.0,0.0,0.0,0.0,0.0,0.0,0.0,0.22388059701492538
8.0,36,0.062094110225382915,0.8439350190532202,3.3867551834048593,0.055123341611338215,0.8266597087120146,3.520943063523105,0.41769843962008135,5,1.046875,1.046875,0.953125,0.0,0.02005597014925373,0.0,0.03459972862957938,0.5114272388059701,0.0,0.0,0.06105834464043419,0.03867028493894166,0.0,0.11030783582089551,0.05088195386702849,0.0,0.0,0.05088195386702849,0.0,0.0,0.0,0.0,0.12211668928086838,0.0,0.029850746268656716,0.0,0.014925373134328358,0.4626865671641791,0.0,0.0,0.13432835820895522,0.0,0.0,0.13432835820895522,0.0,0.0,0.0,0.0,0.0,0.0,0.0,0.0,0.22388059701492538
8.0,37,0.05299410048514279,0.7953233137432167,3.4548560032517073,0.05449649037759723,0.8232312262883594,3.5264486828338297,0.4215078453884423,5,1.046875,1.046875,0.75,0.0,0.04477611940298507,0.0,0.02125734961555857,0.46766169154228854,0.0,0.0,0.03949483352468427,0.0,0.0,0.09565807327001356,0.020206659012629163,0.0,0.0,0.06865671641791045,0.0,0.0,0.11691542288557213,0.0,0.12537313432835823,0.0,0.04477611940298507,0.0,0.029850746268656716,0.4626865671641791,0.0,0.0,0.14925373134328357,0.0,0.0,0.1044776119402985,0.0,0.0,0.0,0.0,0.0,0.0,0.0,0.0,0.208955223880597
8.0,38,0.05568715263517658,0.8161537578293985,3.458553343094063,0.05351602032162213,0.8191788212753848,3.541088742907328,0.30447761194029854,5,1.046875,1.046875,0.984375,0.0,0.021125143513203215,0.006888633754305396,0.0,0.5070034443168772,0.0,0.0,0.16417910447761194,0.0,0.0,0.10562571756601608,0.05281285878300804,0.0,0.0,0.04822043628013777,0.0,0.0,0.0,0.0,0.0941446613088404,0.0,0.029850746268656716,0.0,0.0,0.4626865671641791,0.0,0.0,0.16417910447761194,0.0,0.0,0.13432835820895522,0.0,0.0,0.0,0.0,0.0,0.0,0.0,0.0,0.208955223880597
8.0,39,0.05872388472087183,0.8283267774612559,3.4181751486482246,0.05563990157460111,0.8290055667240299,3.5145058478937403,0.3686393208781269,5,1.046875,1.046875,0.921875,0.0,0.06636050516647532,0.0,0.03949483352468427,0.4541905855338691,0.0,0.0,0.05540479421076436,0.0,0.0,0.08886337543053961,0.059242250287026406,0.0,0.0,0.0,0.0,0.0,0.049072817729534146,0.0,0.18737083811710678,0.0,0.029850746268656716,0.0,0.0,0.4626865671641791,0.0,0.0,0.14925373134328357,0.0,0.0,0.14925373134328357,0.0,0.0,0.0,0.0,0.0,0.0,0.0,0.0,0.208955223880597
8.0,40,0.047496807827245566,0.7796709726316592,3.5774959796675248,0.05368713217650983,0.819997808298631,3.5389757661802466,0.2602611940298507,5,1.046875,1.046875,0.953125,0.0,0.006996268656716417,0.0,0.020988805970149252,0.491869013143239,0.0,0.0,0.13432835820895522,0.046641791044776115,0.0,0.041977611940298504,0.03264925373134328,0.0,0.0,0.0,0.0,0.0,0.0,0.0,0.22454889730452215,0.0,0.029850746268656716,0.0,0.0,0.4626865671641791,0.0,0.0,0.14925373134328357,0.0,0.0,0.13432835820895522,0.0,0.0,0.0,0.0,0.0,0.0,0.0,0.0,0.22388059701492538
8.0,41,0.04962235720544841,0.7914624478625394,3.552970639041448,0.05492948764011889,0.8258407216887683,3.5236561327839153,0.2525467898602226,5,1.046875,1.046875,0.984375,0.0,0.015636105188343994,0.0,0.020848140251125327,0.491869013143239,0.0,0.0,0.11940298507462686,0.0755745084103293,0.0,0.05212035062781331,0.0,0.0,0.0,0.0,0.0,0.0,0.0,0.0,0.22454889730452215,0.0,0.029850746268656716,0.0,0.014925373134328358,0.4626865671641791,0.0,0.0,0.14925373134328357,0.0,0.0,0.13432835820895522,0.0,0.0,0.0,0.0,0.0,0.0,0.0,0.0,0.208955223880597
8.0,42,0.05717467351700267,0.8174714234512952,3.418776682190729,0.05339694014911679,0.8183598342521385,3.541490818585851,0.4678008558605573,5,1.046875,1.046875,0.875,0.0,0.010562571756601608,0.0,0.03168771526980482,0.48587830080367395,0.0,0.0,0.03934871099050203,0.06337543053960965,0.0,0.09506314580941447,0.06544202066590127,0.0,0.0,0.027137042062415195,0.0,0.0,0.023066485753052916,0.0,0.1584385763490241,0.0,0.029850746268656716,0.0,0.0,0.4626865671641791,0.0,0.0,0.1791044776119403,0.0,0.0,0.13432835820895522,0.0,0.0,0.0,0.0,0.0,0.0,0.0,0.0,0.19402985074626866
8.0,43,0.053915600970561126,0.8088005205724259,3.4832463996727356,0.05662415532806308,0.8330579717370046,3.5008568779477893,0.368546725328581,5,1.046875,1.046875,0.921875,0.0,0.046641791044776115,0.0,0.011660447761194029,0.5503731343283582,0.0,0.0,0.12252171975941191,0.023320895522388058,0.0,0.022154850746268655,0.017490671641791043,0.0,0.0,0.03920695032301181,0.0,0.0,0.014702606371129428,0.0,0.15192693250167075,0.0,0.04477611940298507,0.0,0.029850746268656716,0.4626865671641791,0.0,0.0,0.13432835820895522,0.0,0.0,0.11940298507462686,0.0,0.0,0.0,0.0,0.0,0.0,0.0,0.0,0.208955223880597
8.0,44,0.058612296117293156,0.8232568994328822,3.4004861595194438,0.05254854607855475,0.8144856286677638,3.5530643533042974,0.45317849768025364,5,1.0625,1.046875,0.9375,0.0,0.0,0.0,0.022962112514351322,0.5051664753157291,0.0,0.020805065581184987,0.026232473993668022,0.05740528128587831,0.0,0.10332950631458096,0.05740528128587831,0.0,0.0,0.012663952962460425,0.006063432835820896,0.0,0.0,0.0,0.18796641791044777,0.0,0.029411764705882353,0.0,0.0,0.45588235294117646,0.0,0.0,0.16176470588235295,0.0,0.0,0.1323529411764706,0.0,0.0,0.0,0.0,0.0,0.0,0.0,0.0,0.22058823529411764
8.0,45,0.055355097211376575,0.8132005868902505,3.456359236341085,0.05368713217650983,0.819997808298631,3.5389757661802466,0.39609644087256024,5,1.046875,1.046875,0.890625,0.0,0.021584385763490244,0.0,0.03237657864523536,0.5072330654420206,0.0,0.0,0.13432835820895522,0.0,0.0,0.08633754305396098,0.05396096440872561,0.0,0.0,0.0,0.0,0.0,0.06716417910447761,0.0,0.09701492537313433,0.0,0.029850746268656716,0.0,0.0,0.4626865671641791,0.0,0.0,0.14925373134328357,0.0,0.0,0.13432835820895522,0.0,0.0,0.0,0.0,0.0,0.0,0.0,0.0,0.22388059701492538
8.0,46,0.05944992459341355,0.8296736670154351,3.4027626110239804,0.05583447180889758,0.8298245537472762,3.5118428613832418,0.47450248756218905,5,1.046875,1.046875,0.96875,0.0,0.0,0.0,0.0,0.5457089552238806,0.0,0.0,0.06331976481230212,0.0,0.0,0.12593283582089554,0.04748982360922659,0.0,0.0,0.0506558118498417,0.0,0.0,0.05608322026232474,0.0,0.11080958842152872,0.0,0.029850746268656716,0.0,0.0,0.4626865671641791,0.0,0.0,0.13432835820895522,0.0,0.0,0.14925373134328357,0.0,0.0,0.0,0.0,0.0,0.0,0.0,0.0,0.22388059701492538
8.0,47,0.05669888722588273,0.8181860872563227,3.4360923100787275,0.05243185941279285,0.8136681182281076,3.553445587834309,0.387791157847128,5,1.046875,1.046875,0.890625,0.0,0.025137470542026707,0.0,0.06980482204362802,0.49735935706084955,0.0,0.0,0.0865205223880597,0.0,0.0,0.09426551453260015,0.0,0.0,0.0,0.04115784712799638,0.0,0.017957089552238806,0.06015377657168702,0.0,0.10764360018091361,0.0,0.029850746268656716,0.0,0.029850746268656716,0.4626865671641791,0.0,0.0,0.14925373134328357,0.0,0.0,0.1044776119402985,0.0,0.0,0.0,0.0,0.0,0.0,0.0,0.0,0.22388059701492538
8.0,48,0.051880555112470396,0.7953520125619874,3.4918620429603515,0.05491154526972997,0.8251493991142536,3.5212815811646663,0.3731343283582089,5,1.046875,1.046875,0.765625,0.0,0.011533242876526458,0.0,0.0,0.4843962008141112,0.0,0.14993215739484395,0.10854816824966078,0.0,0.0,0.11533242876526459,0.0,0.0,0.0,0.0,0.0,0.0,0.0,0.0,0.13025780189959293,0.0,0.029850746268656716,0.0,0.029850746268656716,0.44776119402985076,0.0,0.0,0.13432835820895522,0.0,0.0,0.13432835820895522,0.0,0.0,0.0,0.0,0.0,0.0,0.0,0.0,0.22388059701492538
8.0,49,0.05734717072503869,0.8193908661789783,3.4216463500819625,0.055123341611338215,0.8266597087120146,3.520943063523105,0.45092022405455234,4,1.046875,1.046875,1.0,0.0,0.021584385763490244,0.0,0.010792192881745122,0.5072330654420206,0.0,0.0,0.02804161013116237,0.06475315729047072,0.0,0.09712973593570609,0.014473089099954772,0.0,0.0,0.08450057405281286,0.0,0.0,0.017186793306196293,0.0,0.15430539609644087,0.0,0.029850746268656716,0.0,0.014925373134328358,0.4626865671641791,0.0,0.0,0.13432835820895522,0.0,0.0,0.13432835820895522,0.0,0.0,0.0,0.0,0.0,0.0,0.0,0.0,0.22388059701492538
8.0,50,0.05583541881661158,0.8286713157228465,3.5069325824424045,0.05226218008405941,0.8128491312048614,3.5556269135393332,0.17910447761194037,5,1.046875,1.046875,0.953125,0.0,0.0,0.0,0.0,0.5335820895522388,0.0,0.0,0.15603799185888736,0.0,0.0,0.12313432835820895,0.0,0.0,0.0,0.0,0.0,0.0,0.0,0.0,0.18724559023066484,0.0,0.029850746268656716,0.0,0.029850746268656716,0.4626865671641791,0.0,0.0,0.16417910447761194,0.0,0.0,0.1044776119402985,0.0,0.0,0.0,0.0,0.0,0.0,0.0,0.0,0.208955223880597
8.0,51,0.05168122518140365,0.7920716942493397,3.4841600208205326,0.054692667608698765,0.8240502133116057,3.5236204589910534,0.28389520926834355,5,1.046875,1.046875,0.984375,0.0,0.021709633649932156,0.0,0.010854816824966078,0.4776119402985074,0.0,0.0,0.04936854190585533,0.021709633649932156,0.0,0.10854816824966078,0.02525832376578645,0.0,0.0,0.0,0.0,0.07598371777476255,0.0,0.0,0.208955223880597,0.0,0.04477611940298507,0.0,0.029850746268656716,0.4626865671641791,0.0,0.0,0.13432835820895522,0.0,0.0,0.1044776119402985,0.0,0.0,0.0,0.0,0.0,0.0,0.0,0.0,0.22388059701492538
8.0,52,0.055851293453272784,0.8130149031329299,3.440185721014646,0.05709570390555415,0.83540382974902,3.4961877445161234,0.435361653272101,5,1.046875,1.046875,0.890625,0.0,0.021125143513203215,0.0,0.0,0.5070034443168772,0.0,0.0,0.048220436280137766,0.0,0.0,0.10562571756601608,0.05281285878300804,0.0,0.0,0.07921928817451206,0.0,0.0,0.04133180252583238,0.0,0.14466130884041334,0.0,0.04477611940298507,0.0,0.014925373134328358,0.4626865671641791,0.0,0.0,0.14925373134328357,0.0,0.0,0.13432835820895522,0.0,0.0,0.0,0.0,0.0,0.0,0.0,0.0,0.19402985074626866
8.0,53,0.055539043428932906,0.8130509359852587,3.4499957207088494,0.053212312826758146,0.8173883128982221,3.5434177475690003,0.3641791044776119,5,1.046875,1.046875,0.90625,0.0,0.03719862227324914,0.0,0.041331802525832385,0.46498277841561425,0.0,0.0,0.09506314580941447,0.020665901262916193,0.0,0.08266360505166477,0.061997703788748575,0.0,0.0020665901262916187,0.06865671641791045,0.0,0.0,0.0,0.0,0.12537313432835823,0.0,0.04477611940298507,0.0,0.014925373134328358,0.4626865671641791,0.0,0.0,0.14925373134328357,0.0,0.0,0.1044776119402985,0.0,0.0,0.0,0.0,0.0,0.0,0.0,0.0,0.22388059701492538
8.0,54,0.060372190864501574,0.8308193604981935,3.3813345346193726,0.05492948764011889,0.8258407216887683,3.5236561327839153,0.45227707615767315,4,1.046875,1.046875,1.0,0.0,0.021584385763490244,0.01859931113662457,0.03237657864523536,0.5504018369690011,0.0,0.0,0.07213930348258707,0.0,0.0,0.09712973593570609,0.0,0.0,0.0041331802525832375,0.04975124378109453,0.0,0.006199770378874857,0.04228855721393035,0.0,0.10539609644087256,0.0,0.029850746268656716,0.0,0.014925373134328358,0.4626865671641791,0.0,0.0,0.14925373134328357,0.0,0.0,0.13432835820895522,0.0,0.0,0.0,0.0,0.0,0.0,0.0,0.0,0.208955223880597
8.0,55,0.053930695414461535,0.8131766308968501,3.5016027863196624,0.053038877711988244,0.8165693258749759,3.545650291678519,0.21117892319777629,5,1.046875,1.046875,0.890625,0.0,0.028279654359780044,0.0,0.050975889781859934,0.43329506314580946,0.0,0.0,0.14246947082767977,0.06796785304247992,0.0,0.10604870384917518,0.0,0.0,0.0,0.0,0.0,0.0,0.0,0.0,0.17096336499321574,0.0,0.04477611940298507,0.0,0.014925373134328358,0.4626865671641791,0.0,0.0,0.16417910447761194,0.0,0.0,0.1044776119402985,0.0,0.0,0.0,0.0,0.0,0.0,0.0,0.0,0.208955223880597
8.0,56,0.06147253154119038,0.8341862037326611,3.364514882737031,0.05494935482364556,0.8255770843003748,3.5218944068948983,0.4743807512380692,4,1.046875,1.046875,0.953125,0.0,0.010332950631458096,0.0,0.030998851894374287,0.537313432835821,0.0,0.0,0.0816231343283582,0.0768545333036311,0.0,0.09299655568312286,0.03007351303185565,0.0,0.0,0.016707507239919803,0.009794776119402986,0.013059701492537313,0.0,0.0,0.10024504343951883,0.0,0.04477611940298507,0.0,0.014925373134328358,0.4626865671641791,0.0,0.0,0.16417910447761194,0.0,0.0,0.11940298507462686,0.0,0.0,0.0,0.0,0.0,0.0,0.0,0.0,0.19402985074626866
8.0,57,0.0576260453457145,0.8170555736614801,3.4036287906936926,0.053038877711988244,0.8165693258749759,3.545650291678519,0.48946678321678316,5,1.046875,1.046875,0.890625,0.0,0.0,0.0,0.03237657864523536,0.5072330654420206,0.0,0.0,0.06180037313432835,0.06475315729047072,0.0,0.09712973593570609,0.05088195386702849,0.0,0.012826492537313432,0.054274084124830396,0.0,0.0,0.0,0.0,0.11872455902306649,0.0,0.04477611940298507,0.0,0.014925373134328358,0.4626865671641791,0.0,0.0,0.16417910447761194,0.0,0.0,0.1044776119402985,0.0,0.0,0.0,0.0,0.0,0.0,0.0,0.0,0.208955223880597
8.0,58,0.05726311357629021,0.8259306303248957,3.451485819649829,0.053038877711988244,0.8165693258749759,3.545650291678519,0.3102877222280207,5,1.046875,1.046875,0.84375,0.0,0.021584385763490244,0.0,0.021584385763490244,0.5072330654420206,0.0,0.003498134328358209,0.03957485300768882,0.05396096440872561,0.0,0.09712973593570609,0.0,0.0,0.0,0.0,0.0,0.0,0.03505201266395296,0.0,0.22038246268656717,0.0,0.04477611940298507,0.0,0.014925373134328358,0.4626865671641791,0.0,0.0,0.16417910447761194,0.0,0.0,0.1044776119402985,0.0,0.0,0.0,0.0,0.0,0.0,0.0,0.0,0.208955223880597
8.0,59,0.05880327813926108,0.8258649960252421,3.4057149070935475,0.05563990157460111,0.8290055667240299,3.5145058478937403,0.48772541252680873,5,1.046875,1.046875,0.96875,0.0,0.007944150216658643,0.0,0.03972075108329321,0.5522388059701493,0.0,0.0,0.02170963364993216,0.0235187697874265,0.0,0.060905151661049595,0.05560905151661049,0.0,0.0,0.014473089099954772,0.0,0.020988805970149255,0.0,0.0,0.20289179104477612,0.0,0.029850746268656716,0.0,0.0,0.4626865671641791,0.0,0.0,0.14925373134328357,0.0,0.0,0.14925373134328357,0.0,0.0,0.0,0.0,0.0,0.0,0.0,0.0,0.208955223880597
8.0,60,0.05008296713917024,0.7826623358025648,3.497271988732588,0.05577464550298518,0.8295609163588828,3.5126095144224303,0.4900251897801463,4,1.046875,1.046875,0.953125,0.0,0.03168771526980482,0.0,0.04225028702640643,0.4964408725602755,0.0,0.0,0.11583871686344396,0.06337543053960965,0.0,0.006659012629161883,0.05281285878300804,0.0,0.0,0.04455335263978614,0.0,0.0,0.008266360505166475,0.0,0.13811539318333704,0.0,0.04477611940298507,0.0,0.0,0.4626865671641791,0.0,0.0,0.14925373134328357,0.0,0.0,0.13432835820895522,0.0,0.0,0.0,0.0,0.0,0.0,0.0,0.0,0.208955223880597
8.0,61,0.05386499911851167,0.81383310952642,3.5065660678288104,0.05368713217650983,0.819997808298631,3.5389757661802466,0.2365097588978186,4,1.046875,1.046875,1.0,0.0,0.010562571756601608,0.0,0.03168771526980482,0.48587830080367395,0.0,0.0,0.14246947082767977,0.0,0.0,0.09506314580941447,0.06337543053960965,0.0,0.0,0.0,0.0,0.0,0.0,0.0,0.17096336499321574,0.0,0.029850746268656716,0.0,0.0,0.4626865671641791,0.0,0.0,0.14925373134328357,0.0,0.0,0.13432835820895522,0.0,0.0,0.0,0.0,0.0,0.0,0.0,0.0,0.22388059701492538
8.0,62,0.050697660381058496,0.7872106279534863,3.4962058076020313,0.053212312826758146,0.8173883128982221,3.5434177475690003,0.3916104959075589,5,1.046875,1.046875,0.96875,0.0,0.009629272989889262,0.0,0.036109773712084736,0.47990815154994254,0.0,0.0,0.1044776119402985,0.08725602755453502,0.0,0.05296100144439095,0.05055368319691862,0.0,0.0,0.0,0.0,0.019589552238805968,0.0,0.0,0.15951492537313433,0.0,0.04477611940298507,0.0,0.014925373134328358,0.4626865671641791,0.0,0.0,0.14925373134328357,0.0,0.0,0.1044776119402985,0.0,0.0,0.0,0.0,0.0,0.0,0.0,0.0,0.22388059701492538
8.0,63,0.054200152845312384,0.8058075583202866,3.4612349553023396,0.05423905855245043,0.8221205270186538,3.5300383261578676,0.40520611229566444,5,1.046875,1.046875,0.9375,0.0,0.0,0.0,0.023691068467187867,0.5431053686789931,0.0,0.0,0.04757462686567164,0.0710732054015636,0.0,0.05448945747453209,0.0,0.0,0.0065298507462686565,0.023613276899086655,0.0,0.005597014925373134,0.0,0.0,0.22432613054132322,0.0,0.014925373134328358,0.0,0.029850746268656716,0.4626865671641791,0.0,0.0,0.14925373134328357,0.0,0.0,0.13432835820895522,0.0,0.0,0.0,0.0,0.0,0.0,0.0,0.0,0.208955223880597
8.0,64,0.052240091707185875,0.7947870986728582,3.477353509361858,0.05538754586703073,0.827495257126269,3.516085700144109,0.410871777476255,5,1.046875,1.046875,0.984375,0.0,0.023066485753052916,0.0,0.023066485753052916,0.4843962008141112,0.0,0.003031716417910448,0.037080223880597014,0.0,0.0,0.0807327001356852,0.023066485753052916,0.0,0.007695895522388059,0.12686567164179102,0.0,0.0,0.0,0.0,0.19099813432835822,0.0,0.029850746268656716,0.0,0.014925373134328358,0.44776119402985076,0.0,0.0,0.14925373134328357,0.0,0.0,0.14925373134328357,0.0,0.0,0.0,0.0,0.0,0.0,0.0,0.0,0.208955223880597
8.0,65,0.05793215389180419,0.8254202680584246,3.429377474138818,0.053018144489801994,0.8168329632633693,3.547488474793131,0.3210860035486902,5,1.046875,1.046875,0.96875,0.0,0.021584385763490244,0.0,0.021584385763490244,0.4964408725602756,0.0,0.0,0.04070556309362279,0.06475315729047072,0.0,0.09712973593570609,0.021709633649932156,0.0,0.0,0.027137042062415195,0.0065298507462686565,0.0,0.0,0.0,0.20242537313432835,0.0,0.029850746268656716,0.0,0.014925373134328358,0.4626865671641791,0.0,0.0,0.14925373134328357,0.0,0.0,0.11940298507462686,0.0,0.0,0.0,0.0,0.0,0.0,0.0,0.0,0.22388059701492538
8.0,66,0.052179683815983195,0.8005844312776381,3.5047449503312618,0.05243185941279285,0.8136681182281076,3.553445587834309,0.33086316668406224,5,1.046875,1.046875,0.9375,0.0,0.0,0.0,0.0,0.45464982778415614,0.0,0.0,0.11940298507462686,0.08266360505166476,0.0,0.13003165988240614,0.020805065581184983,0.0,0.0,0.03640886476707372,0.0,0.0,0.0,0.0,0.15603799185888736,0.0,0.029850746268656716,0.0,0.029850746268656716,0.4626865671641791,0.0,0.0,0.14925373134328357,0.0,0.0,0.1044776119402985,0.0,0.0,0.0,0.0,0.0,0.0,0.0,0.0,0.22388059701492538
8.0,67,0.04943774959359987,0.7876976382088711,3.5426658963265147,0.053212312826758146,0.8173883128982221,3.5434177475690003,0.35332200935620406,5,1.046875,1.046875,0.9375,0.0,0.03742481621742036,0.0,0.04989975495656048,0.5239474270438851,0.0,0.0,0.22454889730452215,0.0,0.0,0.0,0.0,0.0,0.0,0.0,0.005130597014925373,0.0,0.0,0.0,0.15904850746268656,0.0,0.04477611940298507,0.0,0.014925373134328358,0.4626865671641791,0.0,0.0,0.14925373134328357,0.0,0.0,0.1044776119402985,0.0,0.0,0.0,0.0,0.0,0.0,0.0,0.0,0.22388059701492538
8.0,68,0.052511667223918874,0.8064951981518858,3.5194425663955755,0.055123341611338215,0.8266597087120146,3.520943063523105,0.3546789588224207,5,1.046875,1.046875,0.765625,0.0,0.0253954110046781,0.0,0.0253954110046781,0.495210514591223,0.0,0.0,0.21586099353976387,0.0,0.0,0.08888393851637336,0.0,0.0,0.0,0.05281285878300804,0.0,0.0,0.0,0.0,0.09644087256027555,0.0,0.029850746268656716,0.0,0.014925373134328358,0.4626865671641791,0.0,0.0,0.13432835820895522,0.0,0.0,0.13432835820895522,0.0,0.0,0.0,0.0,0.0,0.0,0.0,0.0,0.22388059701492538
8.0,69,0.05632648913458298,0.811578111633906,3.4195895750743213,0.05583447180889758,0.8298245537472762,3.5118428613832418,0.5268260967887833,4,1.046875,1.046875,0.984375,0.0,0.011194029850746268,0.0,0.022388059701492536,0.5522388059701493,0.0,0.0,0.026232473993668022,0.05597014925373134,0.0,0.05037313432835821,0.039179104477611935,0.0,0.0,0.017186793306196293,0.0,0.0228544776119403,0.016282225237449117,0.0,0.18610074626865672,0.0,0.029850746268656716,0.0,0.0,0.4626865671641791,0.0,0.0,0.13432835820895522,0.0,0.0,0.14925373134328357,0.0,0.0,0.0,0.0,0.0,0.0,0.0,0.0,0.22388059701492538
8.0,70,0.05812460470643037,0.8267913567001748,3.4293824552803365,0.05492948764011889,0.8258407216887683,3.5236561327839153,0.44922241937167295,5,1.046875,1.046875,0.9375,0.0,0.0,0.0,0.04225028702640643,0.5386911595866819,0.0,0.0,0.047489823609226586,0.0,0.0,0.10562571756601608,0.0,0.0,0.0,0.07921928817451206,0.0,0.0,0.04206241519674356,0.0,0.14466130884041334,0.0,0.029850746268656716,0.0,0.014925373134328358,0.4626865671641791,0.0,0.0,0.14925373134328357,0.0,0.0,0.13432835820895522,0.0,0.0,0.0,0.0,0.0,0.0,0.0,0.0,0.208955223880597
8.0,71,0.048782966346581406,0.7658298222193722,3.467353908044848,0.053212312826758146,0.8173883128982221,3.5434177475690003,0.5342793607718982,5,1.046875,1.046875,0.890625,0.0,0.016583747927031506,0.0,0.029850746268656712,0.4586160108548168,0.0,0.0,0.013568521031207597,0.09286898839137644,0.0,0.06965174129353233,0.007236544549977386,0.0,0.0,0.009045680687471733,0.0,0.019589552238805968,0.12347354138398915,0.0,0.15951492537313433,0.0,0.04477611940298507,0.0,0.014925373134328358,0.4626865671641791,0.0,0.0,0.14925373134328357,0.0,0.0,0.1044776119402985,0.0,0.0,0.0,0.0,0.0,0.0,0.0,0.0,0.22388059701492538
8.0,72,0.057873461644901356,0.8261233487795402,3.4340385549938826,0.05492948764011889,0.8258407216887683,3.5236561327839153,0.36158151549942585,5,1.046875,1.046875,1.0,0.0,0.021584385763490244,0.0,0.021584385763490244,0.5072330654420206,0.0,0.004197761194029851,0.024720149253731342,0.06475315729047072,0.0,0.08633754305396098,0.0,0.0023320895522388058,0.0,0.0,0.002798507462686567,0.0,0.0,0.0,0.2644589552238806,0.0,0.029850746268656716,0.0,0.014925373134328358,0.4626865671641791,0.0,0.0,0.14925373134328357,0.0,0.0,0.13432835820895522,0.0,0.0,0.0,0.0,0.0,0.0,0.0,0.0,0.208955223880597
8.0,73,0.05664069055972734,0.8179032735912657,3.4366687720288946,0.053212312826758146,0.8173883128982221,3.5434177475690003,0.3990886911595867,5,1.046875,1.046875,0.90625,0.0,0.021584385763490244,0.0,0.021584385763490244,0.5072330654420206,0.0,0.0,0.05946828358208955,0.05396096440872561,0.0,0.09712973593570609,0.0,0.0,0.00816231343283582,0.07921928817451206,0.0,0.006996268656716417,0.0,0.0,0.14466130884041334,0.0,0.04477611940298507,0.0,0.014925373134328358,0.4626865671641791,0.0,0.0,0.14925373134328357,0.0,0.0,0.1044776119402985,0.0,0.0,0.0,0.0,0.0,0.0,0.0,0.0,0.22388059701492538
8.0,74,0.056047608345715524,0.815245752215762,3.4435786141372295,0.05449649037759723,0.8232312262883594,3.5264486828338297,0.3236057474863445,5,1.046875,1.046875,0.9375,0.0,0.0,0.0,0.03237657864523536,0.5072330654420206,0.0,0.0,0.03957485300768882,0.06475315729047072,0.0,0.09712973593570609,0.0,0.0,0.0,0.0,0.006996268656716418,0.0,0.03505201266395296,0.0,0.21688432835820895,0.0,0.04477611940298507,0.0,0.029850746268656716,0.4626865671641791,0.0,0.0,0.14925373134328357,0.0,0.0,0.1044776119402985,0.0,0.0,0.0,0.0,0.0,0.0,0.0,0.0,0.208955223880597
8.0,75,0.05197814056612058,0.7985825194674756,3.5027523238033744,0.05226218008405941,0.8128491312048614,3.5556269135393332,0.3454016343301261,5,1.046875,1.046875,0.984375,0.0,0.013030087656953328,0.0,0.02345415778251599,0.5223880597014925,0.0,0.0,0.12163065270661619,0.0755745084103293,0.0,0.05212035062781331,0.0,0.0,0.0,0.0,0.0,0.0,0.03742481621742036,0.0,0.154377366896859,0.0,0.029850746268656716,0.0,0.029850746268656716,0.4626865671641791,0.0,0.0,0.16417910447761194,0.0,0.0,0.1044776119402985,0.0,0.0,0.0,0.0,0.0,0.0,0.0,0.0,0.208955223880597
8.0,76,0.05437803640283296,0.816830800007051,3.5028403568668898,0.053654945205869484,0.8194424586637782,3.537639585460425,0.3061475837595241,5,1.046875,1.046875,0.84375,0.0,0.02532790592492085,0.0,0.012663952962460425,0.4938941655359566,0.0,0.0,0.18995929443690637,0.0,0.0,0.11397557666214381,0.0,0.0,0.0,0.05809414466130884,0.0,0.0,0.0,0.0,0.1060849598163031,0.0,0.014925373134328358,0.0,0.0,0.4626865671641791,0.0,0.0,0.14925373134328357,0.0,0.0,0.14925373134328357,0.0,0.0,0.0,0.0,0.0,0.0,0.0,0.0,0.22388059701492538
8.0,77,0.052037655490419124,0.8016131701913589,3.514034193276957,0.05278861638337149,0.8154586266052702,3.5492107796239822,0.31996268656716415,4,1.046875,1.046875,0.984375,0.0,0.006996268656716417,0.0,0.020988805970149252,0.5373134328358209,0.0,0.0,0.14246947082767977,0.046641791044776115,0.0,0.041977611940298504,0.03264925373134328,0.0,0.0,0.0,0.0,0.0,0.0,0.0,0.17096336499321574,0.0,0.014925373134328358,0.0,0.014925373134328358,0.4626865671641791,0.0,0.0,0.16417910447761194,0.0,0.0,0.13432835820895522,0.0,0.0,0.0,0.0,0.0,0.0,0.0,0.0,0.208955223880597
8.0,78,0.056325574996731416,0.8120377272067582,3.421553933011887,0.055972255260240966,0.8303799033821291,3.5098651165544794,0.48619837873569216,5,1.046875,1.046875,0.765625,0.0,0.030998851894374284,0.0,0.030998851894374287,0.4856486796785304,0.0,0.0,0.07026406429391505,0.061997703788748575,0.0,0.09299655568312286,0.02273249138920781,0.0,0.0,0.03821800090456807,0.0,0.010332950631458095,0.05585707824513795,0.0,0.09995477159656264,0.0,0.04477611940298507,0.0,0.0,0.4626865671641791,0.0,0.0,0.13432835820895522,0.0,0.0,0.13432835820895522,0.0,0.0,0.0,0.0,0.0,0.0,0.0,0.0,0.22388059701492538
8.0,79,0.051511569219410185,0.789396899017016,3.478107700652159,0.056960414251864384,0.8348484801141672,3.4980103592636067,0.49960155930305195,5,1.046875,1.046875,0.765625,0.0,0.01421464108031272,0.0,0.02132196162046908,0.5235018935174872,0.0,0.0,0.18935174871909113,0.06633499170812603,0.0,0.047382136934375735,0.011138338159946536,0.0,0.0,0.022276676319893073,0.0,0.0,0.042740841248303935,0.0,0.061736770691994576,0.0,0.029850746268656716,0.0,0.014925373134328358,0.4626865671641791,0.0,0.0,0.14925373134328357,0.0,0.0,0.14925373134328357,0.0,0.0,0.0,0.0,0.0,0.0,0.0,0.0,0.19402985074626866
8.0,80,0.04957910823647482,0.7806355289748559,3.50589542680804,0.054692667608698765,0.8240502133116057,3.5236204589910534,0.3612984030894478,5,1.046875,1.046875,0.875,0.0,0.044097693351424695,0.0,0.03903559127439725,0.4145183175033922,0.0,0.0,0.1249138920780712,0.017639077340569877,0.0,0.08978185993111368,0.04799081515499426,0.0,0.0,0.0,0.0,0.0,0.10583446404341927,0.0,0.11618828932261768,0.0,0.04477611940298507,0.0,0.029850746268656716,0.4626865671641791,0.0,0.0,0.13432835820895522,0.0,0.0,0.1044776119402985,0.0,0.0,0.0,0.0,0.0,0.0,0.0,0.0,0.22388059701492538
8.0,81,0.0554303855894718,0.8160796904429817,3.466239922737531,0.05449649037759723,0.8232312262883594,3.5264486828338297,0.326747433898247,4,1.046875,1.046875,0.96875,0.0,0.020665901262916193,0.0,0.020665901262916193,0.4959816303099886,0.0,0.0,0.10781911338828247,0.05166475315729048,0.0,0.08266360505166477,0.053909556694141235,0.0,0.0,0.024504343951882376,0.0,0.0,0.0,0.0,0.1421251949209178,0.0,0.04477611940298507,0.0,0.029850746268656716,0.4626865671641791,0.0,0.0,0.14925373134328357,0.0,0.0,0.1044776119402985,0.0,0.0,0.0,0.0,0.0,0.0,0.0,0.0,0.208955223880597
8.0,82,0.053609912910598814,0.8110881552764998,3.503043322954709,0.055123341611338215,0.8266597087120146,3.520943063523105,0.3202357900508936,5,1.046875,1.046875,0.953125,0.0,0.025840944531075962,0.0,0.012920472265537981,0.5168188906215192,0.0,0.0,0.2196480285141457,0.0,0.0,0.09044330585876587,0.0,0.0,0.010332950631458095,0.0,0.0,0.010332950631458095,0.0,0.0,0.11366245694603903,0.0,0.029850746268656716,0.0,0.014925373134328358,0.4626865671641791,0.0,0.0,0.13432835820895522,0.0,0.0,0.13432835820895522,0.0,0.0,0.0,0.0,0.0,0.0,0.0,0.0,0.22388059701492538
8.0,83,0.052520184939311564,0.7935350179588656,3.4626051702945606,0.054301776315335386,0.8226758766535065,3.530382360106943,0.40642939150401836,4,1.046875,1.046875,1.015625,0.0,0.024875621890547265,0.0,0.02985074626865672,0.4635911352329263,0.0,0.12053369516056082,0.13930348258706468,0.04477611940298507,0.0,0.08955223880597014,0.02781546811397558,0.0,0.004592422502870264,0.0,0.0,0.004592422502870264,0.0,0.0,0.0505166475315729,0.0,0.029850746268656716,0.0,0.029850746268656716,0.4626865671641791,0.0,0.0,0.14925373134328357,0.0,0.0,0.11940298507462686,0.0,0.0,0.0,0.0,0.0,0.0,0.0,0.0,0.208955223880597
8.0,84,0.05712558978920421,0.8156625266046161,3.4126768138201733,0.053212312826758146,0.8173883128982221,3.5434177475690003,0.48622621159934587,4,1.046875,1.046875,1.0,0.0,0.021584385763490244,0.0,0.021584385763490244,0.5072330654420206,0.0,0.037991858887381276,0.04590682948891904,0.05396096440872561,0.0,0.09712973593570609,0.02057892356399819,0.0,0.0,0.0,0.0,0.0,0.07937584803256446,0.0,0.11465400271370421,0.0,0.04477611940298507,0.0,0.014925373134328358,0.4626865671641791,0.0,0.0,0.14925373134328357,0.0,0.0,0.1044776119402985,0.0,0.0,0.0,0.0,0.0,0.0,0.0,0.0,0.22388059701492538
8.0,85,0.05942784118069688,0.8194450025611257,3.36143589980553,0.05563990157460111,0.8290055667240299,3.5145058478937403,0.6180723815985011,5,1.046875,1.046875,0.984375,0.0,0.017057569296375266,0.0,0.025586353944562896,0.5436100746268657,0.0,0.0,0.038479477611940295,0.08244491826581378,0.0,0.054015636105188336,0.05088195386702849,0.0,0.008628731343283583,0.054274084124830396,0.006296641791044776,0.0,0.0,0.0,0.11872455902306649,0.0,0.029850746268656716,0.0,0.0,0.4626865671641791,0.0,0.0,0.14925373134328357,0.0,0.0,0.14925373134328357,0.0,0.0,0.0,0.0,0.0,0.0,0.0,0.0,0.208955223880597
8.0,86,0.052834172379541584,0.8105017703580215,3.5261153346083374,0.054494914023477586,0.8234948636767527,3.5276290377930675,0.22043628013777275,5,1.046875,1.046875,0.953125,0.0,0.020665901262916193,0.0,0.0,0.4959816303099886,0.0,0.0,0.14925373134328357,0.061997703788748575,0.0,0.09299655568312286,0.0,0.0,0.0,0.0,0.0,0.0,0.0,0.0,0.1791044776119403,0.0,0.029850746268656716,0.0,0.029850746268656716,0.4626865671641791,0.0,0.0,0.13432835820895522,0.0,0.0,0.11940298507462686,0.0,0.0,0.0,0.0,0.0,0.0,0.0,0.0,0.22388059701492538
8.0,87,0.05017974156606489,0.7820540509320307,3.4911825630864355,0.054692667608698765,0.8240502133116057,3.5236204589910534,0.5570160560832202,5,1.046875,1.046875,0.890625,0.0,0.006296641791044776,0.0,0.018889925373134327,0.5346402316774337,0.0,0.0,0.21162842503898419,0.03987873134328358,0.0,0.037779850746268655,0.029384328358208957,0.0,0.0020988805970149254,0.0235187697874265,0.0,0.0,0.034373586612392586,0.0,0.06151062867480778,0.0,0.04477611940298507,0.0,0.029850746268656716,0.4626865671641791,0.0,0.0,0.13432835820895522,0.0,0.0,0.1044776119402985,0.0,0.0,0.0,0.0,0.0,0.0,0.0,0.0,0.22388059701492538
8.0,88,0.05271936848535694,0.8061446362345422,3.5109760670637065,0.05449649037759723,0.8232312262883594,3.5264486828338297,0.266874582312319,5,1.046875,1.046875,0.890625,0.0,0.020665901262916193,0.0,0.020665901262916193,0.4856486796785304,0.0,0.0,0.11762085096903542,0.05166475315729048,0.0,0.09299655568312286,0.0,0.0,0.0,0.03430608153263533,0.0,0.0,0.024504343951882376,0.0,0.15192693250167075,0.0,0.04477611940298507,0.0,0.029850746268656716,0.4626865671641791,0.0,0.0,0.14925373134328357,0.0,0.0,0.1044776119402985,0.0,0.0,0.0,0.0,0.0,0.0,0.0,0.0,0.208955223880597
8.0,89,0.05886477587996918,0.8355685912933433,3.44393034624539,0.0537604700358474,0.8202426168609873,3.5376169111949802,0.23607450691433768,5,1.0625,1.046875,0.9375,0.0,0.07796836711962575,0.0,0.019288174512055112,0.4629161882893227,0.0,0.0,0.12809088883938516,0.057864523536165335,0.0,0.086796785304248,0.0,0.0,0.0,0.0,0.0,0.0,0.0,0.0,0.16707507239919805,0.0,0.029411764705882353,0.0,0.014705882352941176,0.45588235294117646,0.0,0.0,0.16176470588235295,0.0,0.0,0.1323529411764706,0.0,0.0,0.0,0.0,0.0,0.0,0.0,0.0,0.20588235294117646
8.0,90,0.059271174488482826,0.8285514494280728,3.4032802610687543,0.05583447180889758,0.8298245537472762,3.5118428613832418,0.39988518943742823,5,1.046875,1.046875,0.984375,0.0,0.022502870264064296,0.005970149253731343,0.033754305396096446,0.5288174512055109,0.0,0.0,0.023421354764638348,0.06750861079219289,0.0,0.07876004592422503,0.0,0.0,0.0,0.0,0.0004592422502870264,0.026119402985074626,0.0,0.0,0.2126865671641791,0.0,0.029850746268656716,0.0,0.0,0.4626865671641791,0.0,0.0,0.13432835820895522,0.0,0.0,0.14925373134328357,0.0,0.0,0.0,0.0,0.0,0.0,0.0,0.0,0.22388059701492538
8.0,91,0.05861642997523758,0.8301937763016418,3.4290182075205538,0.05577464550298518,0.8295609163588828,3.5126095144224303,0.39021674842570364,5,1.046875,1.046875,0.9375,0.0,0.010792192881745122,0.0,0.04316877152698049,0.4964408725602756,0.0,0.0037313432835820895,0.02532790592492085,0.024423337856173677,0.0,0.09712973593570609,0.05396096440872561,0.0,0.0,0.0,0.0,0.0,0.009950248756218905,0.0,0.23507462686567163,0.0,0.04477611940298507,0.0,0.0,0.4626865671641791,0.0,0.0,0.14925373134328357,0.0,0.0,0.13432835820895522,0.0,0.0,0.0,0.0,0.0,0.0,0.0,0.0,0.208955223880597
8.0,92,0.05362130449494057,0.8157936373540272,3.5229917499113292,0.0537604700358474,0.8202426168609873,3.5376169111949802,0.1885242903131402,5,1.0625,1.046875,0.765625,0.0,0.02532790592492085,0.0,0.012663952962460425,0.506558118498417,0.0,0.0,0.18995929443690637,0.0,0.0,0.1013116236996834,0.0,0.0,0.0,0.0,0.0,0.015391791044776119,0.0,0.0,0.14878731343283583,0.0,0.029411764705882353,0.0,0.014705882352941176,0.45588235294117646,0.0,0.0,0.16176470588235295,0.0,0.0,0.1323529411764706,0.0,0.0,0.0,0.0,0.0,0.0,0.0,0.0,0.20588235294117646
8.0,93,0.059476280327192724,0.8335593725450648,3.4179416098605384,0.054301776315335386,0.8226758766535065,3.530382360106943,0.3531572904707233,5,1.046875,1.046875,1.0,0.0,0.022043628013777267,0.003214695752009185,0.0330654420206659,0.5070034443168772,0.0,0.004197761194029851,0.011710677382319174,0.0661308840413318,0.0,0.08817451205510907,0.0,0.0,0.0,0.0,0.0,0.0,0.0,0.0,0.2644589552238806,0.0,0.029850746268656716,0.0,0.029850746268656716,0.4626865671641791,0.0,0.0,0.14925373134328357,0.0,0.0,0.11940298507462686,0.0,0.0,0.0,0.0,0.0,0.0,0.0,0.0,0.208955223880597
8.0,94,0.05059221560597132,0.7990151374880419,3.5523288066949847,0.05563990157460111,0.8290055667240299,3.5145058478937403,0.27153005028334265,5,1.046875,1.0625,0.84375,0.0,0.0,0.0,0.051580333625987705,0.4435908691834943,0.0,0.0,0.18568920105355574,0.0,0.0,0.12165775401069519,0.010316066725197541,0.0,0.0,0.03743315508021391,0.0,0.0,0.0,0.0,0.14973262032085563,0.0,0.029850746268656716,0.0,0.0,0.4626865671641791,0.0,0.0,0.14925373134328357,0.0,0.0,0.14925373134328357,0.0,0.0,0.0,0.0,0.0,0.0,0.0,0.0,0.208955223880597
8.0,95,0.05309523791859244,0.7994230421161969,3.4693560806822967,0.05461533894077669,0.8241678631539289,3.526617509471542,0.4966130809977226,4,1.0625,1.046875,0.96875,0.0,0.004333172845450169,0.0,0.012518054886856042,0.5583022388059701,0.0,0.0,0.11138338159946536,0.05804311774461028,0.0,0.04643449419568822,0.012518054886856042,0.0,0.008861940298507462,0.031187346847850298,0.00048146364949446316,0.0,0.02227667631989307,0.0,0.13366005791935842,0.0,0.029411764705882353,0.0,0.0,0.45588235294117646,0.0,0.0,0.14705882352941177,0.0,0.0,0.14705882352941177,0.0,0.0,0.0,0.0,0.0,0.0,0.0,0.0,0.22058823529411764
8.0,96,0.05653207462116094,0.8111936114225519,3.4117488979042254,0.05563990157460111,0.8290055667240299,3.5145058478937403,0.4836551818827937,5,1.046875,1.046875,0.953125,0.0,0.017057569296375266,0.0,0.025586353944562896,0.5289179104477612,0.0,0.0,0.036635006784260515,0.07960199004975123,0.0,0.05685856432125088,0.018995929443690638,0.0,0.008395522388059701,0.021709633649932156,0.009095149253731344,0.0,0.012211668928086837,0.0,0.18493470149253732,0.0,0.029850746268656716,0.0,0.0,0.4626865671641791,0.0,0.0,0.14925373134328357,0.0,0.0,0.14925373134328357,0.0,0.0,0.0,0.0,0.0,0.0,0.0,0.0,0.208955223880597
8.0,97,0.05709634189591454,0.8227380157741091,3.443161731631202,0.05492948764011889,0.8258407216887683,3.5236561327839153,0.3625021744424729,5,1.046875,1.046875,0.953125,0.0,0.0,0.0,0.021584385763490244,0.5180252583237658,0.0,0.003498134328358209,0.03505201266395296,0.06475315729047072,0.0,0.09712973593570609,0.018091361374943462,0.0,0.0,0.0,0.0,0.0,0.021483491632745363,0.0,0.22038246268656717,0.0,0.029850746268656716,0.0,0.014925373134328358,0.4626865671641791,0.0,0.0,0.14925373134328357,0.0,0.0,0.13432835820895522,0.0,0.0,0.0,0.0,0.0,0.0,0.0,0.0,0.208955223880597
8.0,98,0.05330792274713536,0.8012629875549677,3.470397342960426,0.05563990157460111,0.8290055667240299,3.5145058478937403,0.3838847719444734,4,1.046875,1.046875,0.984375,0.0,0.021584385763490244,0.0,0.021584385763490244,0.4856486796785304,0.0,0.0,0.14925373134328357,0.03237657864523536,0.0,0.08633754305396098,0.05396096440872561,0.0,0.0,0.0,0.0,0.0,0.06105834464043419,0.0,0.08819538670284939,0.0,0.029850746268656716,0.0,0.0,0.4626865671641791,0.0,0.0,0.14925373134328357,0.0,0.0,0.14925373134328357,0.0,0.0,0.0,0.0,0.0,0.0,0.0,0.0,0.208955223880597
8.0,99,0.05202259372944474,0.7976086196735831,3.496985552256485,0.055123341611338215,0.8266597087120146,3.520943063523105,0.36707089552238803,5,1.046875,1.046875,0.765625,0.0,0.0065298507462686565,0.0,0.07217643127645355,0.5052350189351749,0.0,0.0,0.07416044776119403,0.03917910447761194,0.0,0.034281716417910446,0.02448694029850746,0.0,0.0,0.0,0.0,0.015391791044776119,0.0,0.0,0.2285586990421029,0.0,0.029850746268656716,0.0,0.014925373134328358,0.4626865671641791,0.0,0.0,0.13432835820895522,0.0,0.0,0.13432835820895522,0.0,0.0,0.0,0.0,0.0,0.0,0.0,0.0,0.22388059701492538
8.0,100,0.05194332493457736,0.8037183501567002,3.5264603988579375,0.05284774889799142,0.8160139762401231,3.549640335649725,0.22778415614236508,5,1.046875,1.046875,0.84375,0.0,0.010562571756601608,0.0,0.03168771526980482,0.4753157290470723,0.0,0.0,0.14246947082767977,0.04225028702640643,0.0,0.08450057405281286,0.04225028702640643,0.0,0.0,0.0,0.0,0.0,0.0,0.0,0.17096336499321574,0.0,0.029850746268656716,0.0,0.014925373134328358,0.4626865671641791,0.0,0.0,0.16417910447761194,0.0,0.0,0.11940298507462686,0.0,0.0,0.0,0.0,0.0,0.0,0.0,0.0,0.208955223880597
8.0,101,0.05135445411516695,0.7851434876467156,3.4646548314444034,0.053018144489801994,0.8168329632633693,3.547488474793131,0.5654594162056849,4,1.046875,1.046875,0.921875,0.0,0.009644087256027554,0.0,0.01285878300803674,0.5667186455780797,0.0,0.0,0.22432613054132322,0.017680826636050518,0.0,0.03375430539609644,0.02057892356399819,0.0,0.0,0.015829941203075532,0.0,0.030539609644087258,0.018995929443690638,0.0,0.049072817729534146,0.0,0.029850746268656716,0.0,0.014925373134328358,0.4626865671641791,0.0,0.0,0.14925373134328357,0.0,0.0,0.11940298507462686,0.0,0.0,0.0,0.0,0.0,0.0,0.0,0.0,0.22388059701492538
8.0,102,0.05213253071522083,0.8033299163404584,3.5183540220665366,0.053212312826758146,0.8173883128982221,3.5434177475690003,0.2794180646709049,5,1.046875,1.046875,0.96875,0.0,0.020665901262916193,0.0,0.020665901262916193,0.4856486796785304,0.0,0.0,0.12742258854978838,0.061997703788748575,0.0,0.08266360505166477,0.0,0.0,0.0,0.04900868790376475,0.0,0.0,0.0,0.0,0.15192693250167075,0.0,0.04477611940298507,0.0,0.014925373134328358,0.4626865671641791,0.0,0.0,0.14925373134328357,0.0,0.0,0.1044776119402985,0.0,0.0,0.0,0.0,0.0,0.0,0.0,0.0,0.22388059701492538
8.0,103,0.05620289672514025,0.8154528717705788,3.4396916851006507,0.05226218008405941,0.8128491312048614,3.5556269135393332,0.4574052812858783,5,1.046875,1.046875,0.90625,0.0,0.0,0.0,0.0,0.5175660160734787,0.0,0.0,0.06911595866819747,0.06337543053960965,0.0,0.10562571756601608,0.035361653272101036,0.0,0.0,0.07393800229621125,0.0,0.0,0.0,0.0,0.13501722158438575,0.0,0.029850746268656716,0.0,0.029850746268656716,0.4626865671641791,0.0,0.0,0.16417910447761194,0.0,0.0,0.1044776119402985,0.0,0.0,0.0,0.0,0.0,0.0,0.0,0.0,0.208955223880597
8.0,104,0.0589768111669977,0.8245422671889576,3.395254079149315,0.055123341611338215,0.8266597087120146,3.520943063523105,0.4990154124482483,4,1.046875,1.046875,1.0,0.0,0.021584385763490244,0.0,0.010792192881745122,0.5180252583237658,0.0,0.0,0.047489823609226586,0.05396096440872561,0.0,0.09712973593570609,0.04748982360922659,0.0,0.0,0.0506558118498417,0.0,0.0,0.04206241519674356,0.0,0.11080958842152872,0.0,0.029850746268656716,0.0,0.014925373134328358,0.4626865671641791,0.0,0.0,0.13432835820895522,0.0,0.0,0.13432835820895522,0.0,0.0,0.0,0.0,0.0,0.0,0.0,0.0,0.22388059701492538
8.0,105,0.055175632258452754,0.8119168090609081,3.4565104438692855,0.053038877711988244,0.8165693258749759,3.545650291678519,0.3407160004174929,5,1.046875,1.046875,0.953125,0.0,0.021584385763490244,0.0,0.010792192881745122,0.5072330654420206,0.0,0.0,0.14925373134328357,0.06475315729047072,0.0,0.09712973593570609,0.0,0.0,0.0,0.0,0.0,0.0,0.06105834464043419,0.0,0.08819538670284939,0.0,0.04477611940298507,0.0,0.014925373134328358,0.4626865671641791,0.0,0.0,0.16417910447761194,0.0,0.0,0.1044776119402985,0.0,0.0,0.0,0.0,0.0,0.0,0.0,0.0,0.208955223880597
8.0,106,0.05671587700502907,0.8162526051627581,3.4274588895537224,0.05351602032162213,0.8191788212753848,3.541088742907328,0.372960372960373,5,1.046875,1.046875,1.0,0.0,0.022043628013777267,0.0,0.0,0.5070034443168772,0.0,0.0,0.03165988240615106,0.04408725602755453,0.0,0.08817451205510907,0.05510907003444317,0.0,0.0,0.0,0.006996268656716418,0.0,0.02804161013116237,0.0,0.21688432835820895,0.0,0.029850746268656716,0.0,0.0,0.4626865671641791,0.0,0.0,0.16417910447761194,0.0,0.0,0.13432835820895522,0.0,0.0,0.0,0.0,0.0,0.0,0.0,0.0,0.208955223880597
8.0,107,0.05603318378407672,0.8062011655941449,3.4058127886799077,0.054301776315335386,0.8226758766535065,3.530382360106943,0.6107226107226107,5,1.046875,1.046875,0.765625,0.0,0.04975124378109453,0.0,0.012437810945273632,0.4975124378109453,0.0,0.16169154228855723,0.08495981630309987,0.012437810945273632,0.0,0.08706467661691543,0.0,0.0,0.0,0.0642939150401837,0.0,0.0,0.012211668928086838,0.0,0.017639077340569877,0.0,0.029850746268656716,0.0,0.029850746268656716,0.4626865671641791,0.0,0.0,0.14925373134328357,0.0,0.0,0.11940298507462686,0.0,0.0,0.0,0.0,0.0,0.0,0.0,0.0,0.208955223880597
8.0,108,0.055542303821515565,0.8066533295967083,3.422748477065751,0.05492948764011889,0.8258407216887683,3.5236561327839153,0.4890164561806353,5,1.046875,1.046875,0.875,0.0,0.021125143513203215,0.0,0.037991858887381276,0.4753157290470723,0.0,0.0,0.047037539574853,0.05281285878300804,0.0,0.09506314580941447,0.04225028702640643,0.0,0.0,0.034373586612392586,0.0,0.0,0.07937584803256446,0.0,0.11465400271370421,0.0,0.029850746268656716,0.0,0.014925373134328358,0.4626865671641791,0.0,0.0,0.14925373134328357,0.0,0.0,0.13432835820895522,0.0,0.0,0.0,0.0,0.0,0.0,0.0,0.0,0.208955223880597
8.0,109,0.05845346752696924,0.8339427490762118,3.4493010244411977,0.05549736302268701,0.8281865797007837,3.5155397654368645,0.3851029789991697,5,1.046875,1.046875,0.90625,0.0,0.028068612163065273,0.0,0.028068612163065273,0.5052350189351749,0.0,0.0,0.024423337856173677,0.0,0.0,0.09824014257072845,0.012663952962460425,0.0,0.0,0.014473089099954772,0.0,0.0,0.008141112618724558,0.0,0.2806861216306527,0.0,0.029850746268656716,0.0,0.0,0.4626865671641791,0.0,0.0,0.16417910447761194,0.0,0.0,0.14925373134328357,0.0,0.0,0.0,0.0,0.0,0.0,0.0,0.0,0.19402985074626866
8.0,110,0.054348398502260906,0.8047752138834567,3.4520829005122646,0.05771225443412098,0.8380133251494291,3.4883247114002933,0.4771670493685418,5,1.046875,1.046875,0.84375,0.0,0.011021814006888633,0.0,0.022043628013777267,0.4959816303099885,0.0,0.0,0.07416044776119403,0.04408725602755453,0.0,0.08817451205510907,0.05510907003444317,0.0,0.0,0.06865671641791045,0.0,0.015391791044776119,0.0,0.0,0.12537313432835823,0.0,0.029850746268656716,0.0,0.0,0.4626865671641791,0.0,0.0,0.14925373134328357,0.0,0.0,0.16417910447761194,0.0,0.0,0.0,0.0,0.0,0.0,0.0,0.0,0.19402985074626866
8.0,111,0.058447602355810056,0.820597345986565,3.3942729094163777,0.053212312826758146,0.8173883128982221,3.5434177475690003,0.49090213269317745,4,1.046875,1.046875,0.953125,0.0,0.020665901262916193,0.0,0.07598371777476255,0.46498277841561425,0.0,0.0,0.047489823609226586,0.041331802525832385,0.0,0.09299655568312286,0.05166475315729048,0.0,0.0,0.047037539574853,0.0,0.0,0.04206241519674356,0.0,0.11578471279963817,0.0,0.04477611940298507,0.0,0.014925373134328358,0.4626865671641791,0.0,0.0,0.14925373134328357,0.0,0.0,0.1044776119402985,0.0,0.0,0.0,0.0,0.0,0.0,0.0,0.0,0.22388059701492538
8.0,112,0.059945538988355695,0.8283924962817248,3.3834340967040406,0.055972255260240966,0.8303799033821291,3.5098651165544794,0.4813076227255332,5,1.046875,1.046875,0.921875,0.0,0.021584385763490244,0.0,0.021584385763490244,0.5072330654420206,0.0,0.0,0.051305970149253734,0.05396096440872561,0.0,0.09712973593570609,0.05427408412483039,0.0,0.0,0.05789235639981909,0.008395522388059701,0.0,0.0,0.0,0.12663952962460423,0.0,0.04477611940298507,0.0,0.0,0.4626865671641791,0.0,0.0,0.13432835820895522,0.0,0.0,0.13432835820895522,0.0,0.0,0.0,0.0,0.0,0.0,0.0,0.0,0.22388059701492538
8.0,113,0.05712716015294373,0.8174637021639108,3.4201658011757905,0.05449649037759723,0.8232312262883594,3.5264486828338297,0.3391921511324496,5,1.046875,1.046875,0.96875,0.0,0.011251435132032148,0.0,0.022502870264064296,0.4838117106773823,0.0,0.0,0.023744911804613293,0.05625717566016074,0.0,0.10126291618828932,0.05625717566016074,0.0,0.0,0.0,0.006996268656716418,0.0,0.02103120759837178,0.0,0.21688432835820895,0.0,0.04477611940298507,0.0,0.029850746268656716,0.4626865671641791,0.0,0.0,0.14925373134328357,0.0,0.0,0.1044776119402985,0.0,0.0,0.0,0.0,0.0,0.0,0.0,0.0,0.208955223880597
8.0,114,0.0574507109339302,0.8200652941481545,3.4213754038060658,0.05712569492011009,0.8356674671374135,3.496372913967413,0.34829936854190574,5,1.046875,1.046875,0.921875,0.0,0.021584385763490244,0.003214695752009185,0.021584385763490244,0.5072330654420206,0.0,0.0,0.06750861079219288,0.06475315729047072,0.0,0.08633754305396098,0.03375430539609644,0.0,0.021222014925373137,0.0,0.0,0.0,0.0,0.0,0.17280783582089554,0.0,0.029850746268656716,0.0,0.014925373134328358,0.4626865671641791,0.0,0.0,0.13432835820895522,0.0,0.0,0.14925373134328357,0.0,0.0,0.0,0.0,0.0,0.0,0.0,0.0,0.208955223880597
8.0,115,0.06153202547830524,0.8375749388508769,3.3765490947263985,0.05478766535128192,0.8250217346655221,3.5247148862220214,0.46926643008732555,5,1.046875,1.046875,0.96875,0.0,0.0,0.0,0.04225028702640643,0.5386911595866819,0.0,0.0,0.04757462686567164,0.0,0.0,0.10562571756601608,0.057666214382632294,0.0,0.0065298507462686565,0.061510628674807784,0.005597014925373134,0.0,0.0,0.0,0.13455450022614202,0.0,0.029850746268656716,0.0,0.014925373134328358,0.4626865671641791,0.0,0.0,0.16417910447761194,0.0,0.0,0.13432835820895522,0.0,0.0,0.0,0.0,0.0,0.0,0.0,0.0,0.19402985074626866
8.0,116,0.06054741029898637,0.8405407916019818,3.415946092762372,0.05563990157460111,0.8290055667240299,3.5145058478937403,0.3236516282225237,4,1.046875,1.046875,0.984375,0.0,0.021455223880597014,0.0,0.0,0.5471082089552238,0.0,0.0,0.036635006784260515,0.0,0.0,0.11800373134328358,0.018995929443690638,0.0,0.0,0.021709633649932156,0.0,0.024486940298507464,0.012211668928086837,0.0,0.19939365671641793,0.0,0.029850746268656716,0.0,0.0,0.4626865671641791,0.0,0.0,0.14925373134328357,0.0,0.0,0.14925373134328357,0.0,0.0,0.0,0.0,0.0,0.0,0.0,0.0,0.208955223880597
8.0,117,0.05286348295986197,0.8041021368609271,3.4973035555558463,0.053212312826758146,0.8173883128982221,3.5434177475690003,0.32137818370832405,5,1.046875,1.046875,0.9375,0.0,0.013930348258706468,0.015920398009950248,0.03383084577114428,0.5373134328358209,0.0,0.0,0.13321452439296058,0.0,0.0,0.05572139303482587,0.0,0.0,0.0,0.051236355535754056,0.0,0.0,0.0,0.0,0.1588327021608376,0.0,0.04477611940298507,0.0,0.014925373134328358,0.4626865671641791,0.0,0.0,0.14925373134328357,0.0,0.0,0.1044776119402985,0.0,0.0,0.0,0.0,0.0,0.0,0.0,0.0,0.22388059701492538
8.0,118,0.06014057760282223,0.8368510361637199,3.4124347884959487,0.054301776315335386,0.8226758766535065,3.530382360106943,0.3787478690463765,5,1.046875,1.046875,0.96875,0.0,0.021455223880597014,0.0,0.032182835820895525,0.5256529850746269,0.0,0.0,0.03505201266395296,0.0,0.0,0.10727611940298507,0.018091361374943462,0.0,0.0,0.08450057405281286,0.0,0.0,0.021483491632745363,0.0,0.15430539609644087,0.0,0.029850746268656716,0.0,0.029850746268656716,0.4626865671641791,0.0,0.0,0.14925373134328357,0.0,0.0,0.11940298507462686,0.0,0.0,0.0,0.0,0.0,0.0,0.0,0.0,0.208955223880597
8.0,119,0.052220151299733494,0.8024350344030731,3.5114850104738267,0.055094216635441846,0.826396071323621,3.520750403264953,0.29086484911835764,4,1.046875,1.046875,0.9375,0.0,0.010562571756601608,0.0,0.021125143513203215,0.4753157290470723,0.0,0.0,0.12630875473379372,0.04225028702640643,0.0,0.09506314580941447,0.04225028702640643,0.0,0.0,0.04210291824459791,0.0,0.0,0.0,0.0,0.1450211628425039,0.0,0.04477611940298507,0.0,0.014925373134328358,0.4626865671641791,0.0,0.0,0.14925373134328357,0.0,0.0,0.11940298507462686,0.0,0.0,0.0,0.0,0.0,0.0,0.0,0.0,0.208955223880597
8.0,120,0.05294152968594599,0.7975206927751157,3.4661209829994686,0.05508756939243283,0.8261043590771617,3.519719939616663,0.44959816303099887,5,1.046875,1.046875,0.921875,0.0,0.024423337856173677,0.0,0.012211668928086838,0.4640434192672999,0.0,0.17096336499321574,0.14925373134328357,0.012211668928086838,0.0,0.12211668928086838,0.0,0.0,0.0,0.01584385763490241,0.0,0.0,0.0,0.0,0.028932261768082664,0.0,0.014925373134328358,0.0,0.014925373134328358,0.4626865671641791,0.0,0.0,0.13432835820895522,0.0,0.0,0.14925373134328357,0.0,0.0,0.0,0.0,0.0,0.0,0.0,0.0,0.22388059701492538
8.0,121,0.06056017936815225,0.8329316398424895,3.3846657222127687,0.05478766535128192,0.8250217346655221,3.5247148862220214,0.5117211147061894,5,1.046875,1.046875,0.953125,0.0,0.020665901262916193,0.0,0.041331802525832385,0.5269804822043629,0.0,0.0,0.05464982778415614,0.04982778415614236,0.0,0.08266360505166477,0.044097693351424695,0.0,0.0,0.030529172320217096,0.0,0.0,0.0407055630936228,0.0,0.10854816824966079,0.0,0.029850746268656716,0.0,0.014925373134328358,0.4626865671641791,0.0,0.0,0.16417910447761194,0.0,0.0,0.13432835820895522,0.0,0.0,0.0,0.0,0.0,0.0,0.0,0.0,0.19402985074626866
8.0,122,0.05532275680728464,0.8100017234374833,3.4437691895374103,0.053038877711988244,0.8165693258749759,3.545650291678519,0.47557666214382643,4,1.046875,1.046875,0.984375,0.0,0.008395522388059701,0.0,0.025186567164179104,0.5328580975718423,0.0,0.0,0.019674355495251015,0.05876865671641791,0.0,0.04757462686567164,0.039179104477611935,0.0,0.0,0.013568521031207597,0.0,0.0,0.011533242876526458,0.0,0.24326130541323238,0.0,0.04477611940298507,0.0,0.014925373134328358,0.4626865671641791,0.0,0.0,0.16417910447761194,0.0,0.0,0.1044776119402985,0.0,0.0,0.0,0.0,0.0,0.0,0.0,0.0,0.208955223880597
8.0,123,0.04666533516663181,0.775373954966353,3.589335167818417,0.05368713217650983,0.819997808298631,3.5389757661802466,0.3320542769346544,5,1.046875,1.0625,0.90625,0.0,0.0,0.0,0.021008403361344536,0.49517120280948196,0.0,0.0027573529411764708,0.19600526777875327,0.06302521008403361,0.0,0.04831932773109243,0.0,0.0,0.0,0.0,0.0,0.0,0.0,0.0,0.17371323529411767,0.0,0.029850746268656716,0.0,0.0,0.4626865671641791,0.0,0.0,0.14925373134328357,0.0,0.0,0.13432835820895522,0.0,0.0,0.0,0.0,0.0,0.0,0.0,0.0,0.22388059701492538
8.0,124,0.056344460995450686,0.817396266129861,3.4435550896784184,0.0552911101296205,0.8272150583468673,3.517959024515953,0.42525832376578643,4,1.046875,1.046875,1.015625,0.0,0.021125143513203215,0.0,0.03168771526980482,0.4964408725602755,0.0,0.0,0.06911595866819747,0.05281285878300804,0.0,0.08450057405281286,0.035361653272101036,0.0,0.0,0.07393800229621125,0.0,0.0,0.0,0.0,0.13501722158438575,0.0,0.04477611940298507,0.0,0.014925373134328358,0.4626865671641791,0.0,0.0,0.13432835820895522,0.0,0.0,0.11940298507462686,0.0,0.0,0.0,0.0,0.0,0.0,0.0,0.0,0.22388059701492538
8.0,125,0.057819749327608694,0.8212978537648743,3.4155652443638873,0.053654945205869484,0.8194424586637782,3.537639585460425,0.48423616184810214,5,1.046875,1.046875,0.953125,0.0,0.03719862227324914,0.0,0.030309988518943745,0.4849598163030999,0.0,0.0,0.07853042479908152,0.05051664753157291,0.0,0.09092996555683124,0.04748982360922659,0.0,0.0,0.0506558118498417,0.0,0.01859931113662457,0.0,0.0,0.11080958842152872,0.0,0.014925373134328358,0.0,0.0,0.4626865671641791,0.0,0.0,0.14925373134328357,0.0,0.0,0.14925373134328357,0.0,0.0,0.0,0.0,0.0,0.0,0.0,0.0,0.22388059701492538
8.0,126,0.04961856323514026,0.7860451675556591,3.5287867152178594,0.05449649037759723,0.8232312262883594,3.5264486828338297,0.3162241676234213,4,1.046875,1.046875,1.0,0.0,0.029621125143513203,0.0,0.04936854190585534,0.46406429391504017,0.0,0.0,0.12890094979647218,0.04936854190585534,0.0,0.03614738805970149,0.04936854190585534,0.0,0.0,0.038479477611940295,0.0,0.0,0.0,0.0,0.1546811397557666,0.0,0.04477611940298507,0.0,0.029850746268656716,0.4626865671641791,0.0,0.0,0.14925373134328357,0.0,0.0,0.1044776119402985,0.0,0.0,0.0,0.0,0.0,0.0,0.0,0.0,0.208955223880597
8.0,127,0.057551547480620115,0.8272913663109274,3.4484980850919316,0.055123341611338215,0.8266597087120146,3.520943063523105,0.2940054969905716,5,1.046875,1.046875,0.984375,0.0,0.021584385763490244,0.0,0.021584385763490244,0.5072330654420206,0.0,0.0,0.032790592492085026,0.05396096440872561,0.0,0.09712973593570609,0.0,0.0,0.0,0.02261420171867933,0.0,0.0,0.01922207146087743,0.0,0.22388059701492538,0.0,0.029850746268656716,0.0,0.014925373134328358,0.4626865671641791,0.0,0.0,0.13432835820895522,0.0,0.0,0.13432835820895522,0.0,0.0,0.0,0.0,0.0,0.0,0.0,0.0,0.22388059701492538
8.0,128,0.05225933364627285,0.7944192519609304,3.475104160820935,0.052955972452222735,0.8162776136285166,3.547157010242936,0.39720279720279716,5,1.046875,1.046875,0.890625,0.0,0.021584385763490244,0.0,0.0,0.4856486796785304,0.0,0.0,0.14925373134328357,0.06475315729047072,0.0,0.08633754305396098,0.04316877152698049,0.0,0.0,0.0,0.0,0.0,0.06105834464043419,0.0,0.08819538670284939,0.0,0.014925373134328358,0.0,0.014925373134328358,0.4626865671641791,0.0,0.0,0.14925373134328357,0.0,0.0,0.13432835820895522,0.0,0.0,0.0,0.0,0.0,0.0,0.0,0.0,0.22388059701492538
8.0,129,0.056253045277682,0.8196788047687621,3.455975748103915,0.054494914023477586,0.8234948636767527,3.5276290377930675,0.33832445122264687,4,1.046875,1.046875,0.984375,0.0,0.026732011583871687,0.016073478760045924,0.013366005791935844,0.5079082200935621,0.0,0.0,0.2405881042548452,0.0,0.0,0.10692804633548675,0.0,0.0016073478760045925,0.0,0.0,0.0,0.0,0.0,0.0,0.08679678530424799,0.0,0.029850746268656716,0.0,0.029850746268656716,0.4626865671641791,0.0,0.0,0.13432835820895522,0.0,0.0,0.11940298507462686,0.0,0.0,0.0,0.0,0.0,0.0,0.0,0.0,0.22388059701492538
8.0,130,0.05600952768679864,0.8152721381326941,3.444860544411515,0.056291276679306515,0.8316836350789056,3.505400197200214,0.39173363949483353,5,1.046875,1.046875,0.875,0.0,0.021125143513203215,0.0,0.021125143513203215,0.48587830080367395,0.0,0.0,0.06911595866819747,0.06337543053960965,0.0,0.09506314580941447,0.035361653272101036,0.0,0.0,0.07393800229621125,0.0,0.0,0.0,0.0,0.13501722158438575,0.0,0.029850746268656716,0.0,0.029850746268656716,0.4626865671641791,0.0,0.0,0.14925373134328357,0.0,0.0,0.13432835820895522,0.0,0.0,0.0,0.0,0.0,0.0,0.0,0.0,0.19402985074626866
8.0,131,0.05517306194607067,0.813355007719566,3.4627138302519125,0.055972255260240966,0.8303799033821291,3.5098651165544794,0.35294202066590125,5,1.046875,1.046875,0.984375,0.0,0.021125143513203215,0.0,0.021125143513203215,0.4964408725602755,0.0,0.0,0.06911595866819747,0.06337543053960965,0.0,0.08450057405281286,0.035361653272101036,0.0,0.0,0.0,0.0,0.0228544776119403,0.0,0.0,0.18610074626865672,0.0,0.04477611940298507,0.0,0.0,0.4626865671641791,0.0,0.0,0.13432835820895522,0.0,0.0,0.13432835820895522,0.0,0.0,0.0,0.0,0.0,0.0,0.0,0.0,0.22388059701492538
8.0,132,0.05600952768679864,0.8152721381326941,3.444860544411515,0.05489675494417283,0.8252853720539155,3.522336237919126,0.416532721010333,5,1.046875,1.046875,0.890625,0.0,0.021125143513203215,0.0,0.021125143513203215,0.48587830080367395,0.0,0.0,0.06911595866819747,0.06337543053960965,0.0,0.09506314580941447,0.035361653272101036,0.0,0.0,0.07393800229621125,0.0,0.0,0.0,0.0,0.13501722158438575,0.0,0.014925373134328358,0.0,0.014925373134328358,0.4626865671641791,0.0,0.0,0.14925373134328357,0.0,0.0,0.14925373134328357,0.0,0.0,0.0,0.0,0.0,0.0,0.0,0.0,0.208955223880597
8.0,133,0.05327366295072768,0.8076972776038411,3.4993899458762154,0.053212312826758146,0.8173883128982221,3.5434177475690003,0.2790959096595095,4,1.046875,1.046875,1.0,0.0,0.021125143513203215,0.0,0.021125143513203215,0.4753157290470723,0.0,0.0,0.12163065270661619,0.07393800229621125,0.0,0.09506314580941447,0.0,0.0,0.0,0.04678102027177545,0.0,0.0,0.0,0.0,0.1450211628425039,0.0,0.04477611940298507,0.0,0.014925373134328358,0.4626865671641791,0.0,0.0,0.14925373134328357,0.0,0.0,0.1044776119402985,0.0,0.0,0.0,0.0,0.0,0.0,0.0,0.0,0.22388059701492538
8.0,134,0.05859219562771943,0.8211800569795668,3.392489462114084,0.05492948764011889,0.8258407216887683,3.5236561327839153,0.39213895557179135,5,1.046875,1.046875,0.953125,0.0,0.0,0.0,0.021584385763490244,0.5180252583237658,0.0,0.0,0.05608322026232474,0.05396096440872561,0.0,0.10792192881745122,0.028946178199909543,0.016791044776119403,0.0,0.0,0.0,0.0,0.034373586612392586,0.0,0.1623134328358209,0.0,0.029850746268656716,0.0,0.014925373134328358,0.4626865671641791,0.0,0.0,0.14925373134328357,0.0,0.0,0.13432835820895522,0.0,0.0,0.0,0.0,0.0,0.0,0.0,0.0,0.208955223880597
8.0,135,0.05861730642880514,0.826234448984789,3.4126391561337774,0.05385131544652711,0.8205531579334837,3.535969929165671,0.3922763803360818,4,1.046875,1.046875,1.0,0.0,0.05464982778415615,0.0,0.029621125143513203,0.46406429391504017,0.0,0.0,0.04748982360922659,0.059242250287026406,0.0,0.08886337543053961,0.03903559127439725,0.0,0.0,0.03007688828584351,0.0,0.0,0.026910900045228402,0.0,0.1600459242250287,0.0,0.04477611940298507,0.0,0.0,0.4626865671641791,0.0,0.0,0.14925373134328357,0.0,0.0,0.11940298507462686,0.0,0.0,0.0,0.0,0.0,0.0,0.0,0.0,0.22388059701492538
8.0,136,0.05690234437269057,0.8097834066560623,3.394718706234764,0.053212312826758146,0.8173883128982221,3.5434177475690003,0.5961103573043872,5,1.046875,1.046875,0.9375,0.0,0.024875621890547265,0.0,0.024875621890547265,0.4850746268656717,0.0,0.16169154228855723,0.06331976481230212,0.0,0.0,0.12437810945273632,0.013568521031207597,0.0,0.0,0.014473089099954772,0.0,0.0,0.05608322026232474,0.0,0.03165988240615106,0.0,0.04477611940298507,0.0,0.014925373134328358,0.4626865671641791,0.0,0.0,0.14925373134328357,0.0,0.0,0.1044776119402985,0.0,0.0,0.0,0.0,0.0,0.0,0.0,0.0,0.22388059701492538
8.0,137,0.05783009487237668,0.8163378115571838,3.3946340291929915,0.055123341611338215,0.8266597087120146,3.520943063523105,0.44369063772048856,5,1.046875,1.046875,0.765625,0.002238805970149254,0.08197474167623423,0.0052238805970149255,0.01343283582089552,0.49253731343283585,0.0,0.0,0.024423337856173677,0.08955223880597016,0.0,0.02388059701492537,0.012663952962460425,0.0,0.0,0.013568521031207597,0.0,0.0,0.009045680687471733,0.0,0.23145809414466134,0.0,0.029850746268656716,0.0,0.014925373134328358,0.4626865671641791,0.0,0.0,0.13432835820895522,0.0,0.0,0.13432835820895522,0.0,0.0,0.0,0.0,0.0,0.0,0.0,0.0,0.22388059701492538
8.0,138,0.06065776543211679,0.8334048283676926,3.383863286845742,0.054692667608698765,0.8240502133116057,3.5236204589910534,0.469582159134398,4,1.046875,1.046875,0.921875,0.0,0.020665901262916193,0.0,0.041331802525832385,0.5166475315729048,0.0,0.0,0.046842709529276695,0.042709529276693456,0.0,0.09299655568312286,0.047037539574853,0.0,0.0,0.03980099502487562,0.0,0.0,0.03980099502487562,0.0,0.11216644052464948,0.0,0.04477611940298507,0.0,0.029850746268656716,0.4626865671641791,0.0,0.0,0.13432835820895522,0.0,0.0,0.1044776119402985,0.0,0.0,0.0,0.0,0.0,0.0,0.0,0.0,0.22388059701492538
8.0,139,0.058202608240655526,0.8332054631899294,3.4536703749305873,0.05563990157460111,0.8290055667240299,3.5145058478937403,0.21735074626865672,5,1.046875,1.046875,1.0,0.0,0.020988805970149255,0.0,0.0,0.535214552238806,0.0,0.0,0.08325559701492537,0.0,0.0,0.1154384328358209,0.0,0.0,0.01142723880597015,0.0,0.003498134328358209,0.009794776119402986,0.0,0.0,0.22038246268656717,0.0,0.029850746268656716,0.0,0.0,0.4626865671641791,0.0,0.0,0.14925373134328357,0.0,0.0,0.14925373134328357,0.0,0.0,0.0,0.0,0.0,0.0,0.0,0.0,0.208955223880597
8.0,140,0.05438722572074925,0.8045884666504864,3.4500496876893827,0.053212312826758146,0.8173883128982221,3.5434177475690003,0.473743172250635,5,1.046875,1.046875,0.953125,0.0,0.011759384893713252,0.0,0.011759384893713252,0.5056535504296699,0.0,0.12935323383084577,0.0679678530424799,0.011759384893713252,0.0,0.10583446404341926,0.0,0.0,0.0,0.05143513203214696,0.0,0.0,0.0,0.0,0.1044776119402985,0.0,0.04477611940298507,0.0,0.014925373134328358,0.4626865671641791,0.0,0.0,0.14925373134328357,0.0,0.0,0.1044776119402985,0.0,0.0,0.0,0.0,0.0,0.0,0.0,0.0,0.22388059701492538
8.0,141,0.05094642413768906,0.8011693069294495,3.5495021988065365,0.05583447180889758,0.8298245537472762,3.5118428613832418,0.2838466250835375,5,1.046875,1.046875,0.953125,0.0,0.0,0.0,0.01247493873914012,0.49899754956560477,0.0,0.0,0.21207395856538205,0.0,0.0,0.11227444865226108,0.0,0.0,0.0,0.0,0.0,0.015391791044776119,0.0,0.0,0.14878731343283583,0.0,0.029850746268656716,0.0,0.0,0.4626865671641791,0.0,0.0,0.13432835820895522,0.0,0.0,0.14925373134328357,0.0,0.0,0.0,0.0,0.0,0.0,0.0,0.0,0.22388059701492538
8.0,142,0.0524994592743078,0.8070891071339574,3.5224437836411986,0.05278861638337149,0.8154586266052702,3.5492107796239822,0.3016247434157882,5,1.046875,1.046875,0.984375,0.0,0.02532790592492085,0.0,0.012663952962460425,0.506558118498417,0.0,0.0,0.2026232473993668,0.0,0.0,0.08864767073722297,0.0,0.0,0.0,0.05809414466130884,0.0,0.0,0.0,0.0,0.1060849598163031,0.0,0.014925373134328358,0.0,0.014925373134328358,0.4626865671641791,0.0,0.0,0.16417910447761194,0.0,0.0,0.13432835820895522,0.0,0.0,0.0,0.0,0.0,0.0,0.0,0.0,0.208955223880597
8.0,143,0.054275624781562684,0.7994985347089252,3.4317469502745963,0.053038877711988244,0.8165693258749759,3.545650291678519,0.5370434125167919,4,1.046875,1.046875,0.96875,0.0,0.011985526910900044,0.0,0.011985526910900044,0.46743554952510175,0.0,0.08389868837630031,0.05301848964134551,0.06861216306527065,0.0,0.11985526910900045,0.0,0.0,0.0,0.09588421528720036,0.0,0.0,0.0,0.0,0.08732457117398083,0.0,0.04477611940298507,0.0,0.014925373134328358,0.4626865671641791,0.0,0.0,0.16417910447761194,0.0,0.0,0.1044776119402985,0.0,0.0,0.0,0.0,0.0,0.0,0.0,0.0,0.208955223880597
8.0,144,0.05731780910058885,0.8216063549168305,3.431776523276758,0.05348687287394109,0.818623471640532,3.5396521817856406,0.40283938698117805,5,1.046875,1.046875,0.984375,0.0,0.011021814006888633,0.0,0.04408725602755453,0.5070034443168772,0.0,0.0,0.03957485300768882,0.0,0.0,0.0991963260619977,0.05510907003444317,0.0,0.0,0.0,0.0,0.0228544776119403,0.03505201266395296,0.0,0.18610074626865672,0.0,0.014925373134328358,0.0,0.0,0.4626865671641791,0.0,0.0,0.16417910447761194,0.0,0.0,0.14925373134328357,0.0,0.0,0.0,0.0,0.0,0.0,0.0,0.0,0.208955223880597
8.0,145,0.05208307432487812,0.8030742836741983,3.518903953864588,0.053038877711988244,0.8165693258749759,3.545650291678519,0.26961632709015193,5,1.046875,1.046875,0.90625,0.0,0.0,0.0,0.020665901262916193,0.4856486796785304,0.0,0.0,0.12742258854978838,0.061997703788748575,0.0,0.10332950631458096,0.0,0.0,0.0,0.044107819113388284,0.0,0.0,0.0,0.0,0.15682780129204724,0.0,0.04477611940298507,0.0,0.014925373134328358,0.4626865671641791,0.0,0.0,0.16417910447761194,0.0,0.0,0.1044776119402985,0.0,0.0,0.0,0.0,0.0,0.0,0.0,0.0,0.208955223880597
8.0,146,0.05675376693756064,0.8200560463937936,3.442279962828639,0.05583447180889758,0.8298245537472762,3.5118428613832418,0.4258473030740724,5,1.046875,1.046875,0.96875,0.0,0.007944150216658643,0.0,0.03972075108329321,0.5373134328358209,0.0,0.0,0.03165988240615106,0.0,0.0,0.060905151661049595,0.05560905151661049,0.0,0.0,0.0,0.0,0.0,0.02804161013116237,0.0,0.23880597014925373,0.0,0.029850746268656716,0.0,0.0,0.4626865671641791,0.0,0.0,0.13432835820895522,0.0,0.0,0.14925373134328357,0.0,0.0,0.0,0.0,0.0,0.0,0.0,0.0,0.22388059701492538
8.0,147,0.04984242325625421,0.7908297979958847,3.542284595388212,0.05966666276350303,0.8468012048498148,3.4666946748050864,0.2580113304850275,5,1.046875,1.046875,0.953125,0.0,0.037657864523536165,0.0,0.037657864523536165,0.4707233065442021,0.0,0.0,0.14925373134328357,0.0659012629161883,0.0,0.0342549547345241,0.02544653780278933,0.0,0.0,0.0,0.0,0.0,0.0,0.0,0.1791044776119403,0.0,0.04477611940298507,0.0,0.014925373134328358,0.5223880597014925,0.0,0.0,0.14925373134328357,0.0,0.0,0.1044776119402985,0.0,0.0,0.0,0.0,0.0,0.0,0.0,0.0,0.16417910447761194
8.0,148,0.05281880268024432,0.7910615954763803,3.4420408860360165,0.05492948764011889,0.8258407216887683,3.5236561327839153,0.5699196326061997,5,1.046875,1.046875,0.921875,0.0,0.03949483352468427,0.0,0.01148105625717566,0.5134328358208955,0.0,0.0,0.0592422502870264,0.08886337543053961,0.0,0.02640642939150402,0.03030998851894374,0.0,0.0,0.06865671641791045,0.0,0.0,0.03673938002296211,0.0,0.12537313432835823,0.0,0.029850746268656716,0.0,0.014925373134328358,0.4626865671641791,0.0,0.0,0.14925373134328357,0.0,0.0,0.13432835820895522,0.0,0.0,0.0,0.0,0.0,0.0,0.0,0.0,0.208955223880597
8.0,149,0.05655236822476874,0.8169066396592197,3.435160455924149,0.054301776315335386,0.8226758766535065,3.530382360106943,0.4146957520091848,5,1.046875,1.046875,0.90625,0.0,0.021125143513203215,0.0,0.021125143513203215,0.4964408725602755,0.0,0.0,0.07646383467278989,0.06337543053960965,0.0,0.08450057405281286,0.05235361653272101,0.0,0.0,0.05786452353616533,0.0,0.0,0.0,0.0,0.1267508610792193,0.0,0.029850746268656716,0.0,0.029850746268656716,0.4626865671641791,0.0,0.0,0.14925373134328357,0.0,0.0,0.11940298507462686,0.0,0.0,0.0,0.0,0.0,0.0,0.0,0.0,0.208955223880597
8.0,150,0.051590024275146515,0.8086926812602313,3.5604152013849606,0.053038877711988244,0.8165693258749759,3.545650291678519,0.1200248756218906,5,1.046875,1.046875,0.953125,0.0,0.024875621890547265,0.0,0.012437810945273632,0.4850746268656717,0.0,0.002798507462686567,0.19900497512437812,0.0,0.0,0.09950248756218906,0.0,0.0,0.0,0.0,0.0,0.0,0.0,0.0,0.17630597014925373,0.0,0.04477611940298507,0.0,0.014925373134328358,0.4626865671641791,0.0,0.0,0.16417910447761194,0.0,0.0,0.1044776119402985,0.0,0.0,0.0,0.0,0.0,0.0,0.0,0.0,0.208955223880597
8.0,151,0.05275682604160831,0.8020866520719692,3.4920621083244585,0.053038877711988244,0.8165693258749759,3.545650291678519,0.38940098044575655,5,1.046875,1.046875,0.875,0.0,0.015636105188343994,0.0,0.02345415778251599,0.5123635553575406,0.0,0.0,0.05097588978185993,0.07296849087893864,0.0,0.05212035062781331,0.0,0.0,0.0,0.03857634902411022,0.0,0.0,0.0,0.0,0.2339051013588773,0.0,0.04477611940298507,0.0,0.014925373134328358,0.4626865671641791,0.0,0.0,0.16417910447761194,0.0,0.0,0.1044776119402985,0.0,0.0,0.0,0.0,0.0,0.0,0.0,0.0,0.208955223880597
8.0,152,0.055924818760053153,0.8164341404217139,3.452382165494356,0.055094216635441846,0.826396071323621,3.520750403264953,0.3556400688863374,5,1.046875,1.046875,0.984375,0.0,0.0,0.0,0.03237657864523536,0.5072330654420206,0.0,0.0,0.05947187141216991,0.06475315729047072,0.0,0.09712973593570609,0.0,0.0,0.0,0.04500574052812859,0.006063432835820896,0.0,0.0,0.0,0.18796641791044777,0.0,0.04477611940298507,0.0,0.014925373134328358,0.4626865671641791,0.0,0.0,0.14925373134328357,0.0,0.0,0.11940298507462686,0.0,0.0,0.0,0.0,0.0,0.0,0.0,0.0,0.208955223880597
8.0,153,0.05738951636593462,0.8188737338020037,3.4182250968384977,0.054494914023477586,0.8234948636767527,3.5276290377930675,0.3881432000834986,5,1.046875,1.046875,0.921875,0.0,0.021125143513203215,0.0,0.021125143513203215,0.48587830080367395,0.0,0.0,0.047489823609226586,0.06337543053960965,0.0,0.09506314580941447,0.06544202066590127,0.0,0.0,0.0,0.0,0.0,0.04206241519674356,0.0,0.1584385763490241,0.0,0.029850746268656716,0.0,0.029850746268656716,0.4626865671641791,0.0,0.0,0.13432835820895522,0.0,0.0,0.11940298507462686,0.0,0.0,0.0,0.0,0.0,0.0,0.0,0.0,0.22388059701492538
8.0,154,0.054679263366324476,0.8091575396515571,3.460363780431913,0.054301776315335386,0.8226758766535065,3.530382360106943,0.3668178127178264,5,1.046875,1.046875,0.953125,0.0,0.07796836711962575,0.0,0.011555127587867114,0.49253731343283585,0.0,0.0,0.12809088883938516,0.08955223880597016,0.0,0.01733269138180067,0.015888300433317286,0.0,0.0,0.0,0.0,0.0,0.0,0.0,0.16707507239919805,0.0,0.029850746268656716,0.0,0.029850746268656716,0.4626865671641791,0.0,0.0,0.14925373134328357,0.0,0.0,0.11940298507462686,0.0,0.0,0.0,0.0,0.0,0.0,0.0,0.0,0.208955223880597
8.0,155,0.05550893638518704,0.8006827853436402,3.3984355520465686,0.055123341611338215,0.8266597087120146,3.520943063523105,0.5057648818842848,4,1.046875,1.046875,0.953125,0.0,0.012211668928086838,0.0,0.048846675712347354,0.4762550881953867,0.0,0.0,0.03165988240615106,0.0,0.0,0.10990502035278153,0.012211668928086838,0.012399540757749714,0.0,0.14654002713704206,0.0,0.006199770378874857,0.02804161013116237,0.0,0.11572904707233066,0.0,0.029850746268656716,0.0,0.014925373134328358,0.4626865671641791,0.0,0.0,0.13432835820895522,0.0,0.0,0.13432835820895522,0.0,0.0,0.0,0.0,0.0,0.0,0.0,0.0,0.22388059701492538
8.0,156,0.05223511757021734,0.8051802013059346,3.5229931531643306,0.05489675494417283,0.8252853720539155,3.522336237919126,0.2401836969001148,5,1.046875,1.046875,0.921875,0.0,0.021125143513203215,0.0,0.021125143513203215,0.48587830080367395,0.0,0.0,0.14246947082767977,0.04225028702640643,0.0,0.07393800229621125,0.04225028702640643,0.0,0.0,0.0,0.0,0.0,0.0,0.0,0.17096336499321574,0.0,0.014925373134328358,0.0,0.014925373134328358,0.4626865671641791,0.0,0.0,0.14925373134328357,0.0,0.0,0.14925373134328357,0.0,0.0,0.0,0.0,0.0,0.0,0.0,0.0,0.208955223880597
8.0,157,0.057971823359267254,0.8201184765527427,3.4061840908057475,0.05563990157460111,0.8290055667240299,3.5145058478937403,0.5039696621786174,5,1.046875,1.046875,0.984375,0.0,0.021584385763490244,0.0,0.021584385763490244,0.4964408725602756,0.0,0.04341926729986432,0.0506558118498417,0.07554535017221585,0.0,0.08633754305396098,0.05235361653272101,0.0,0.0,0.02532790592492085,0.0,0.0,0.0,0.0,0.1267508610792193,0.0,0.029850746268656716,0.0,0.0,0.4626865671641791,0.0,0.0,0.14925373134328357,0.0,0.0,0.14925373134328357,0.0,0.0,0.0,0.0,0.0,0.0,0.0,0.0,0.208955223880597
8.0,158,0.051273904377420396,0.7894966992684195,3.4865999860734624,0.053038877711988244,0.8165693258749759,3.545650291678519,0.3747531001707877,5,1.046875,1.046875,0.9375,0.0,0.0,0.017910447761194027,0.03781094527363184,0.49735935706084955,0.0,0.0,0.11695255067943865,0.0,0.0,0.06368159203980099,0.06980482204362802,0.0,0.0,0.04210291824459791,0.0,0.0,0.0,0.0,0.154377366896859,0.0,0.04477611940298507,0.0,0.014925373134328358,0.4626865671641791,0.0,0.0,0.16417910447761194,0.0,0.0,0.1044776119402985,0.0,0.0,0.0,0.0,0.0,0.0,0.0,0.0,0.208955223880597
8.0,159,0.05633428105533639,0.8176625263656663,3.4449880227009038,0.053038877711988244,0.8165693258749759,3.545650291678519,0.3416166544897888,5,1.046875,1.046875,0.9375,0.0,0.022043628013777267,0.0,0.0,0.4959816303099885,0.0,0.0032649253731343282,0.03957485300768882,0.04408725602755453,0.0,0.0991963260619977,0.05510907003444317,0.0,0.0,0.0,0.0,0.0,0.03505201266395296,0.0,0.20569029850746268,0.0,0.04477611940298507,0.0,0.014925373134328358,0.4626865671641791,0.0,0.0,0.16417910447761194,0.0,0.0,0.1044776119402985,0.0,0.0,0.0,0.0,0.0,0.0,0.0,0.0,0.208955223880597
8.0,160,0.05274734288532332,0.8104885237550059,3.528958703196769,0.05549736302268701,0.8281865797007837,3.5155397654368645,0.21125143513203215,5,1.046875,1.046875,0.9375,0.0,0.020665901262916193,0.0,0.030998851894374287,0.4856486796785304,0.0,0.0,0.14925373134328357,0.05166475315729048,0.0,0.08266360505166477,0.0,0.0,0.0,0.0,0.0,0.0,0.0,0.0,0.1791044776119403,0.0,0.029850746268656716,0.0,0.0,0.4626865671641791,0.0,0.0,0.16417910447761194,0.0,0.0,0.14925373134328357,0.0,0.0,0.0,0.0,0.0,0.0,0.0,0.0,0.19402985074626866
8.0,161,0.054761241410660126,0.8045061003221374,3.4378957188133645,0.053654945205869484,0.8194424586637782,3.537639585460425,0.4420834140983394,5,1.046875,1.046875,0.984375,0.0,0.017057569296375266,0.0,0.025586353944562896,0.5142257462686567,0.0,0.0,0.04206241519674356,0.07960199004975123,0.0,0.05685856432125088,0.021709633649932156,0.0,0.00816231343283582,0.0,0.0065298507462686565,0.0,0.025780189959294438,0.0,0.20242537313432835,0.0,0.014925373134328358,0.0,0.0,0.4626865671641791,0.0,0.0,0.14925373134328357,0.0,0.0,0.14925373134328357,0.0,0.0,0.0,0.0,0.0,0.0,0.0,0.0,0.22388059701492538
8.0,162,0.053906725630152516,0.8102310638489616,3.489694534843921,0.055123341611338215,0.8266597087120146,3.520943063523105,0.3807894044026813,5,1.046875,1.046875,0.890625,0.0,0.03876141679661394,0.0,0.012920472265537981,0.5038984183559813,0.0,0.0,0.2196480285141457,0.0,0.0,0.09044330585876587,0.0,0.0,0.0,0.0,0.0,0.0,0.05495251017639077,0.0,0.07937584803256445,0.0,0.029850746268656716,0.0,0.014925373134328358,0.4626865671641791,0.0,0.0,0.13432835820895522,0.0,0.0,0.13432835820895522,0.0,0.0,0.0,0.0,0.0,0.0,0.0,0.0,0.22388059701492538
8.0,163,0.05293700332391559,0.8116339713655834,3.527609795455089,0.05416067028957555,0.8218568896302603,3.531459133792123,0.1308840413318026,5,1.046875,1.046875,0.921875,0.0,0.020665901262916193,0.0,0.030998851894374287,0.47531572904707237,0.0,0.0,0.14925373134328357,0.05166475315729048,0.0,0.09299655568312286,0.0,0.0,0.0,0.0,0.0,0.0,0.0,0.0,0.1791044776119403,0.0,0.029850746268656716,0.0,0.029850746268656716,0.4626865671641791,0.0,0.0,0.16417910447761194,0.0,0.0,0.11940298507462686,0.0,0.0,0.0,0.0,0.0,0.0,0.0,0.0,0.19402985074626866
8.0,164,0.0585220690876685,0.8208242169064618,3.393050510226148,0.05583447180889758,0.8298245537472762,3.5118428613832418,0.5399714713147549,5,1.046875,1.046875,0.890625,0.0,0.022043628013777267,0.0,0.022043628013777267,0.5180252583237658,0.0,0.0,0.0,0.05510907003444317,0.0,0.0991963260619977,0.0,0.0,0.0,0.05585707824513794,0.0,0.0,0.08163726820443239,0.0,0.14608774310266848,0.0,0.029850746268656716,0.0,0.0,0.4626865671641791,0.0,0.0,0.13432835820895522,0.0,0.0,0.14925373134328357,0.0,0.0,0.0,0.0,0.0,0.0,0.0,0.0,0.22388059701492538
8.0,165,0.05673827595753751,0.8199727072157343,3.442399971795693,0.05339694014911679,0.8183598342521385,3.541490818585851,0.42755453501722157,5,1.046875,1.046875,0.984375,0.0,0.021125143513203215,0.0,0.021125143513203215,0.4964408725602755,0.0,0.0,0.06911595866819747,0.05281285878300804,0.0,0.09506314580941447,0.035361653272101036,0.0,0.0,0.07072330654420207,0.0,0.0,0.0,0.0,0.13823191733639495,0.0,0.029850746268656716,0.0,0.0,0.4626865671641791,0.0,0.0,0.1791044776119403,0.0,0.0,0.13432835820895522,0.0,0.0,0.0,0.0,0.0,0.0,0.0,0.0,0.19402985074626866
8.0,166,0.057363906490039,0.8240424867441374,3.440568781912942,0.05442915673763331,0.8229395140419,3.527378900877856,0.26290183696900116,5,1.046875,1.046875,0.984375,0.0,0.021125143513203215,0.0041331802525832375,0.021125143513203215,0.4964408725602755,0.0,0.0,0.05786452353616533,0.05281285878300804,0.0,0.09506314580941447,0.027554535017221583,0.0,0.0,0.0,0.006996268656716418,0.0,0.0,0.0,0.21688432835820895,0.0,0.014925373134328358,0.0,0.029850746268656716,0.4626865671641791,0.0,0.0,0.13432835820895522,0.0,0.0,0.13432835820895522,0.0,0.0,0.0,0.0,0.0,0.0,0.0,0.0,0.22388059701492538
8.0,167,0.057959979518382714,0.8282289614862738,3.4402206719965425,0.055094216635441846,0.826396071323621,3.520750403264953,0.38851894374282436,5,1.046875,1.046875,0.984375,0.0,0.0,0.0,0.0,0.5335820895522388,0.0,0.0,0.07898966704936854,0.0,0.0,0.12313432835820895,0.04041331802525833,0.0,0.0,0.07921928817451206,0.0,0.0,0.0,0.0,0.14466130884041334,0.0,0.04477611940298507,0.0,0.014925373134328358,0.4626865671641791,0.0,0.0,0.14925373134328357,0.0,0.0,0.11940298507462686,0.0,0.0,0.0,0.0,0.0,0.0,0.0,0.0,0.208955223880597
8.0,168,0.05576024204868329,0.8137187433390614,3.4459739858055465,0.05492948764011889,0.8258407216887683,3.5236561327839153,0.3611366245694604,5,1.046875,1.046875,0.96875,0.0,0.0,0.0,0.021125143513203215,0.4964408725602755,0.0,0.0,0.09888059701492537,0.06337543053960965,0.0,0.10562571756601608,0.056716417910447764,0.0,0.0,0.0,0.0,0.020522388059701493,0.0,0.0,0.1373134328358209,0.0,0.029850746268656716,0.0,0.014925373134328358,0.4626865671641791,0.0,0.0,0.14925373134328357,0.0,0.0,0.13432835820895522,0.0,0.0,0.0,0.0,0.0,0.0,0.0,0.0,0.208955223880597
8.0,169,0.05540178897821589,0.8127855748011467,3.4531392574677304,0.05449649037759723,0.8232312262883594,3.5264486828338297,0.36318407960199006,4,1.046875,1.046875,0.984375,0.0,0.01990049751243781,0.0,0.024875621890547265,0.5074626865671642,0.0,0.0,0.12437810945273632,0.03980099502487562,0.0,0.08955223880597014,0.02985074626865672,0.0,0.0,0.0,0.0,0.0,0.06716417910447761,0.0,0.09701492537313433,0.0,0.04477611940298507,0.0,0.029850746268656716,0.4626865671641791,0.0,0.0,0.14925373134328357,0.0,0.0,0.1044776119402985,0.0,0.0,0.0,0.0,0.0,0.0,0.0,0.0,0.208955223880597
8.0,170,0.051384548534434846,0.7874857447541931,3.4739729160292367,0.05492948764011889,0.8258407216887683,3.5236561327839153,0.504247990815155,5,1.046875,1.046875,0.984375,0.0,0.03237657864523536,0.0,0.05396096440872561,0.5072330654420206,0.0,0.0,0.13432835820895522,0.05396096440872561,0.0,0.0,0.05396096440872561,0.0,0.0,0.05809414466130884,0.0,0.0,0.0,0.0,0.1060849598163031,0.0,0.029850746268656716,0.0,0.014925373134328358,0.4626865671641791,0.0,0.0,0.14925373134328357,0.0,0.0,0.13432835820895522,0.0,0.0,0.0,0.0,0.0,0.0,0.0,0.0,0.208955223880597
8.0,171,0.052833388198978495,0.7856855541251118,3.4181769143707315,0.05278861638337149,0.8154586266052702,3.5492107796239822,0.6808683853459974,5,1.046875,1.046875,0.765625,0.0,0.033921302578019,0.0,0.05653550429669833,0.508819538670285,0.0,0.0,0.023744911804613293,0.011307100859339666,0.0,0.01653272101033295,0.05235361653272101,0.0,0.0,0.135685210312076,0.0,0.013318025258323766,0.02103120759837178,0.0,0.1267508610792193,0.0,0.014925373134328358,0.0,0.014925373134328358,0.4626865671641791,0.0,0.0,0.16417910447761194,0.0,0.0,0.13432835820895522,0.0,0.0,0.0,0.0,0.0,0.0,0.0,0.0,0.208955223880597
8.0,172,0.059488974110149695,0.8347267895530213,3.4223633161049376,0.05549736302268701,0.8281865797007837,3.5155397654368645,0.32735747211131483,5,1.046875,1.046875,0.984375,0.0,0.019288174512055112,0.0,0.10581421251949209,0.45327210103329507,0.0,0.0,0.10581421251949209,0.0,0.0,0.09644087256027556,0.057864523536165335,0.0,0.0,0.0,0.0,0.0,0.0,0.0,0.16150590331922476,0.0,0.029850746268656716,0.0,0.0,0.4626865671641791,0.0,0.0,0.16417910447761194,0.0,0.0,0.14925373134328357,0.0,0.0,0.0,0.0,0.0,0.0,0.0,0.0,0.19402985074626866
8.0,173,0.059336808196419344,0.8272834419562425,3.396192052589371,0.05726402409675918,0.8362228167722663,3.4944681092465437,0.46717461642834773,4,1.046875,1.046875,0.921875,0.0,0.021584385763490244,0.0,0.021584385763490244,0.5072330654420206,0.0,0.03980099502487562,0.048846675712347354,0.05396096440872561,0.0,0.09712973593570609,0.05235361653272101,0.0,0.0,0.02170963364993216,0.0,0.005510907003444317,0.009045680687471733,0.0,0.12123995407577497,0.0,0.04477611940298507,0.0,0.014925373134328358,0.4626865671641791,0.0,0.0,0.13432835820895522,0.0,0.0,0.13432835820895522,0.0,0.0,0.0,0.0,0.0,0.0,0.0,0.0,0.208955223880597
8.0,174,0.05113179430011853,0.8015079223189725,3.5445597603229744,0.053212312826758146,0.8173883128982221,3.5434177475690003,0.18762133388999055,5,1.046875,1.046875,0.890625,0.0,0.025487944890929967,0.0,0.04247990815154995,0.4247990815154995,0.0,0.0,0.15603799185888736,0.059471871412169926,0.0,0.1044776119402985,0.0,0.0,0.0,0.0,0.0,0.0,0.0,0.0,0.18724559023066484,0.0,0.04477611940298507,0.0,0.014925373134328358,0.4626865671641791,0.0,0.0,0.14925373134328357,0.0,0.0,0.1044776119402985,0.0,0.0,0.0,0.0,0.0,0.0,0.0,0.0,0.22388059701492538
8.0,175,0.05077778689237483,0.7850872471979246,3.4840232018575215,0.05368713217650983,0.819997808298631,3.5389757661802466,0.4579721584385763,5,1.046875,1.046875,0.984375,0.0,0.03168771526980482,0.0,0.05281285878300804,0.48587830080367395,0.0,0.003031716417910448,0.07416044776119403,0.05281285878300804,0.0,0.013318025258323766,0.06337543053960965,0.0,0.0,0.0,0.0,0.015391791044776119,0.01653272101033295,0.0,0.19099813432835822,0.0,0.029850746268656716,0.0,0.0,0.4626865671641791,0.0,0.0,0.14925373134328357,0.0,0.0,0.13432835820895522,0.0,0.0,0.0,0.0,0.0,0.0,0.0,0.0,0.22388059701492538
8.0,176,0.05130675342773798,0.7970637943608092,3.5188910049934012,0.053038877711988244,0.8165693258749759,3.545650291678519,0.3137055109070035,5,1.046875,1.046875,0.96875,0.0,0.038576349024110224,0.0,0.038576349024110224,0.4822043628013778,0.0,0.0,0.12890094979647218,0.06750861079219289,0.0,0.04337686567164179,0.0,0.0,0.0,0.04617537313432835,0.0,0.0,0.0,0.0,0.1546811397557666,0.0,0.04477611940298507,0.0,0.014925373134328358,0.4626865671641791,0.0,0.0,0.16417910447761194,0.0,0.0,0.1044776119402985,0.0,0.0,0.0,0.0,0.0,0.0,0.0,0.0,0.208955223880597
8.0,177,0.050985046626995906,0.800207630332623,3.5438985243496446,0.053503651491411196,0.8184784394893712,3.5384701177547373,0.2097515852773804,5,1.0625,1.046875,0.953125,0.0,0.018091361374943462,0.0,0.036182722749886924,0.4816217420360882,0.0,0.0,0.09497964721845317,0.0,0.0,0.07688828584350972,0.018091361374943462,0.0,0.0,0.05427408412483039,0.0,0.0,0.0,0.0,0.21987079527734463,0.0,0.04411764705882353,0.0,0.029411764705882353,0.45588235294117646,0.0,0.0,0.14705882352941177,0.0,0.0,0.10294117647058823,0.0,0.0,0.0,0.0,0.0,0.0,0.0,0.0,0.22058823529411764
8.0,178,0.051919556968215194,0.7912412007074697,3.4725091945510886,0.05368713217650983,0.819997808298631,3.5389757661802466,0.45649635135043914,4,1.046875,1.046875,0.890625,0.0,0.011759384893713252,0.0,0.023518769787426504,0.4468566259611036,0.0,0.15287200361827227,0.08019603475161506,0.011759384893713252,0.0,0.12935323383084577,0.0,0.0,0.0,0.023390510135887724,0.0,0.0,0.016707507239919803,0.0,0.10358654488750278,0.0,0.029850746268656716,0.0,0.0,0.4626865671641791,0.0,0.0,0.14925373134328357,0.0,0.0,0.13432835820895522,0.0,0.0,0.0,0.0,0.0,0.0,0.0,0.0,0.22388059701492538
8.0,179,0.05675125451053043,0.8248274627289959,3.4623851727911505,0.054494914023477586,0.8234948636767527,3.5276290377930675,0.2540614236509759,5,1.046875,1.046875,0.984375,0.0,0.021125143513203215,0.0,0.03168771526980482,0.4964408725602755,0.0,0.0032649253731343282,0.06911595866819747,0.05281285878300804,0.0,0.08450057405281286,0.035361653272101036,0.0,0.0,0.0,0.0,0.0,0.0,0.0,0.20569029850746268,0.0,0.029850746268656716,0.0,0.029850746268656716,0.4626865671641791,0.0,0.0,0.13432835820895522,0.0,0.0,0.11940298507462686,0.0,0.0,0.0,0.0,0.0,0.0,0.0,0.0,0.22388059701492538
8.0,180,0.05687702099755586,0.8138857602296253,3.4126757725794237,0.05368713217650983,0.819997808298631,3.5389757661802466,0.46983852590195874,5,1.046875,1.046875,0.984375,0.0,0.011251435132032148,0.0,0.033754305396096446,0.5175660160734787,0.0,0.0,0.03957485300768882,0.033754305396096446,0.0,0.07876004592422503,0.05625717566016074,0.0,0.021222014925373137,0.0,0.0,0.0,0.03505201266395296,0.0,0.17280783582089554,0.0,0.029850746268656716,0.0,0.0,0.4626865671641791,0.0,0.0,0.14925373134328357,0.0,0.0,0.13432835820895522,0.0,0.0,0.0,0.0,0.0,0.0,0.0,0.0,0.22388059701492538
8.0,181,0.054815586639876304,0.8087715794132734,3.4544097310366997,0.054301776315335386,0.8226758766535065,3.530382360106943,0.38039174755592664,5,1.046875,1.046875,0.90625,0.0,0.021584385763490244,0.0,0.0,0.5072330654420206,0.0,0.0,0.14925373134328357,0.07554535017221585,0.0,0.09712973593570609,0.0,0.0,0.0,0.02261420171867933,0.0,0.0,0.047489823609226586,0.0,0.07914970601537764,0.0,0.029850746268656716,0.0,0.029850746268656716,0.4626865671641791,0.0,0.0,0.14925373134328357,0.0,0.0,0.11940298507462686,0.0,0.0,0.0,0.0,0.0,0.0,0.0,0.0,0.208955223880597
8.0,182,0.05491236204813124,0.7976506431757395,3.40390677368082,0.05416067028957555,0.8218568896302603,3.531459133792123,0.5171114126338006,5,1.046875,1.046875,0.984375,0.0,0.01421464108031272,0.0,0.02132196162046908,0.52353616532721,0.0,0.0,0.03165988240615106,0.06633499170812603,0.0,0.047382136934375735,0.07347876004592423,0.0,0.01492537313432836,0.0,0.0,0.01492537313432836,0.02804161013116237,0.0,0.16417910447761194,0.0,0.029850746268656716,0.0,0.029850746268656716,0.4626865671641791,0.0,0.0,0.16417910447761194,0.0,0.0,0.11940298507462686,0.0,0.0,0.0,0.0,0.0,0.0,0.0,0.0,0.19402985074626866
8.0,183,0.05655960971292402,0.8054641712476192,3.3868270898783437,0.05492948764011889,0.8258407216887683,3.5236561327839153,0.5654942072852519,4,1.046875,1.046875,0.9375,0.005970149253731343,0.013930348258706468,0.009950248756218905,0.03383084577114428,0.52353616532721,0.0,0.0,0.02532790592492085,0.024423337856173677,0.0,0.05572139303482587,0.07347876004592423,0.0,0.0,0.07921928817451206,0.0,0.0,0.009950248756218905,0.0,0.14466130884041334,0.0,0.029850746268656716,0.0,0.014925373134328358,0.4626865671641791,0.0,0.0,0.14925373134328357,0.0,0.0,0.13432835820895522,0.0,0.0,0.0,0.0,0.0,0.0,0.0,0.0,0.208955223880597
8.0,184,0.05405404971535421,0.8126129559583151,3.4951806219551997,0.05712569492011009,0.8356674671374135,3.496372913967413,0.3420311032251331,4,1.046875,1.046875,1.0,0.0,0.025780189959294438,0.0,0.025780189959294438,0.48982360922659435,0.0,0.0,0.21913161465400272,0.0,0.0,0.09023066485753053,0.04362801377726751,0.0,0.0,0.0,0.0,0.004592422502870264,0.0,0.0,0.1010332950631458,0.0,0.029850746268656716,0.0,0.014925373134328358,0.4626865671641791,0.0,0.0,0.13432835820895522,0.0,0.0,0.14925373134328357,0.0,0.0,0.0,0.0,0.0,0.0,0.0,0.0,0.208955223880597
8.0,185,0.04892907686916824,0.7780377742635589,3.517362845348975,0.05442915673763331,0.8229395140419,3.527378900877856,0.355446543506245,5,1.046875,1.046875,0.9375,0.0,0.03188602442333786,0.0,0.03188602442333786,0.47829036635006783,0.0,0.0,0.13432835820895522,0.02125734961555857,0.0,0.074400723654455,0.0,0.0,0.0,0.05809414466130884,0.0,0.06377204884667571,0.0,0.0,0.1060849598163031,0.0,0.014925373134328358,0.0,0.029850746268656716,0.4626865671641791,0.0,0.0,0.13432835820895522,0.0,0.0,0.13432835820895522,0.0,0.0,0.0,0.0,0.0,0.0,0.0,0.0,0.22388059701492538
8.0,186,0.05751362455508814,0.8254311960789675,3.441878293610862,0.05549736302268701,0.8281865797007837,3.5155397654368645,0.3975572313258881,5,1.046875,1.046875,0.96875,0.0,0.01958955223880597,0.0,0.06061997703788749,0.4995335820895523,0.0,0.0,0.10355912743972445,0.0,0.0,0.10774253731343283,0.0,0.0,0.0,0.03482587064676616,0.0,0.0,0.06648575305291723,0.0,0.10764360018091361,0.0,0.029850746268656716,0.0,0.0,0.4626865671641791,0.0,0.0,0.16417910447761194,0.0,0.0,0.14925373134328357,0.0,0.0,0.0,0.0,0.0,0.0,0.0,0.0,0.19402985074626866
8.0,187,0.05946018860809531,0.8325906611804992,3.414431418897021,0.053038877711988244,0.8165693258749759,3.545650291678519,0.3481989092996557,5,1.046875,1.046875,0.96875,0.0,0.0,0.0,0.041331802525832385,0.5269804822043629,0.0,0.0,0.0865205223880597,0.0,0.0,0.10332950631458096,0.06544202066590127,0.0,0.017957089552238806,0.0,0.0,0.0,0.0,0.0,0.1584385763490241,0.0,0.04477611940298507,0.0,0.014925373134328358,0.4626865671641791,0.0,0.0,0.16417910447761194,0.0,0.0,0.1044776119402985,0.0,0.0,0.0,0.0,0.0,0.0,0.0,0.0,0.208955223880597
8.0,188,0.05429273779446453,0.8171717515204326,3.5070541710703718,0.053616377837567904,0.8186920445949987,3.535670905342594,0.2079270695889097,4,1.046875,1.046875,0.890625,0.0,0.020206659012629163,0.0,0.04041331802525833,0.5051664753157291,0.0,0.0,0.12296725328580975,0.0,0.0,0.09092996555683124,0.0,0.0,0.0,0.03586544887502784,0.0,0.0,0.025618177767877028,0.0,0.1588327021608376,0.0,0.029850746268656716,0.0,0.04477611940298507,0.4626865671641791,0.0,0.0,0.16417910447761194,0.0,0.0,0.1044776119402985,0.0,0.0,0.0,0.0,0.0,0.0,0.0,0.0,0.19402985074626866
8.0,189,0.05421290292608494,0.8160275999293212,3.50472152870824,0.05368713217650983,0.819997808298631,3.5389757661802466,0.26323191733639495,5,1.046875,1.046875,0.984375,0.0,0.010562571756601608,0.0,0.04225028702640643,0.4964408725602755,0.0,0.002798507462686567,0.13432835820895522,0.0,0.0,0.08450057405281286,0.05281285878300804,0.0,0.0,0.0,0.0,0.0,0.0,0.0,0.17630597014925373,0.0,0.029850746268656716,0.0,0.0,0.4626865671641791,0.0,0.0,0.14925373134328357,0.0,0.0,0.13432835820895522,0.0,0.0,0.0,0.0,0.0,0.0,0.0,0.0,0.22388059701492538
8.0,190,0.05814752419036603,0.8206493841468541,3.403235743585693,0.05449649037759723,0.8232312262883594,3.5264486828338297,0.46081371986222724,5,1.046875,1.046875,0.96875,0.0,0.011251435132032148,0.0,0.022502870264064296,0.5175660160734787,0.0,0.0,0.038479477611940295,0.033754305396096446,0.0,0.09001148105625718,0.05625717566016074,0.0,0.0,0.07921928817451206,0.006296641791044776,0.0,0.0,0.0,0.14466130884041334,0.0,0.04477611940298507,0.0,0.029850746268656716,0.4626865671641791,0.0,0.0,0.14925373134328357,0.0,0.0,0.1044776119402985,0.0,0.0,0.0,0.0,0.0,0.0,0.0,0.0,0.208955223880597
8.0,191,0.05614622115028516,0.8156190947157957,3.4421288128791776,0.05351602032162213,0.8191788212753848,3.541088742907328,0.45556831228473016,5,1.046875,1.046875,0.9375,0.0,0.0,0.0,0.03168771526980482,0.4964408725602755,0.0,0.0,0.0592422502870264,0.05281285878300804,0.0,0.10562571756601608,0.028932261768082664,0.0013777267508610792,0.0,0.07921928817451206,0.0,0.0,0.0,0.0,0.14466130884041334,0.0,0.029850746268656716,0.0,0.0,0.4626865671641791,0.0,0.0,0.16417910447761194,0.0,0.0,0.13432835820895522,0.0,0.0,0.0,0.0,0.0,0.0,0.0,0.0,0.208955223880597
8.0,192,0.05936071805161286,0.8379680580178066,3.4393620227034,0.05583447180889758,0.8298245537472762,3.5118428613832418,0.2751372040746066,4,1.046875,1.046875,0.875,0.0,0.04143461795500111,0.0,0.014925373134328358,0.469592336823346,0.0,0.0,0.02170963364993216,0.0235187697874265,0.0,0.12430385386500334,0.0,0.0,0.0,0.014473089099954772,0.0,0.0,0.0,0.0,0.2900423256850078,0.0,0.029850746268656716,0.0,0.0,0.4626865671641791,0.0,0.0,0.13432835820895522,0.0,0.0,0.14925373134328357,0.0,0.0,0.0,0.0,0.0,0.0,0.0,0.0,0.22388059701492538
8.0,193,0.05945406953599399,0.8331008676087266,3.4166995729288896,0.05351602032162213,0.8191788212753848,3.541088742907328,0.38791618828932256,5,1.046875,1.046875,0.984375,0.0,0.0,0.0,0.0,0.5578358208955224,0.0,0.0,0.06996268656716417,0.0,0.0,0.1287313432835821,0.0,0.0,0.011194029850746268,0.07921928817451206,0.0,0.008395522388059701,0.0,0.0,0.14466130884041334,0.0,0.029850746268656716,0.0,0.0,0.4626865671641791,0.0,0.0,0.16417910447761194,0.0,0.0,0.13432835820895522,0.0,0.0,0.0,0.0,0.0,0.0,0.0,0.0,0.208955223880597
8.0,194,0.05754400007277569,0.8225957079464168,3.4291494672917144,0.05798659547515402,0.839387661807528,3.4857703837308907,0.43168771526980476,5,1.046875,1.046875,0.9375,0.0,0.021125143513203215,0.0,0.021125143513203215,0.4964408725602755,0.0,0.0,0.0679678530424799,0.05281285878300804,0.0,0.09506314580941447,0.053731343283582096,0.0,0.0,0.05143513203214696,0.0,0.0029850746268656717,0.0,0.0,0.1373134328358209,0.0,0.04477611940298507,0.0,0.0,0.4626865671641791,0.0,0.0,0.13432835820895522,0.0,0.0,0.14925373134328357,0.0,0.0,0.0,0.0,0.0,0.0,0.0,0.0,0.208955223880597
8.0,195,0.05776238880569455,0.8246703141684336,3.4312928769097297,0.05489675494417283,0.8252853720539155,3.522336237919126,0.4572317607765368,4,1.046875,1.046875,1.0,0.0,0.021455223880597014,0.0,0.032182835820895525,0.5363805970149254,0.0,0.0,0.07646383467278989,0.0,0.0,0.09654850746268656,0.0,0.0,0.0,0.05786452353616533,0.0,0.0,0.07327001356852103,0.0,0.10583446404341927,0.0,0.014925373134328358,0.0,0.014925373134328358,0.4626865671641791,0.0,0.0,0.14925373134328357,0.0,0.0,0.14925373134328357,0.0,0.0,0.0,0.0,0.0,0.0,0.0,0.0,0.208955223880597
8.0,196,0.056423422456223726,0.8180023432419211,3.443696228852492,0.05392342545271134,0.821049559957421,3.535742561041636,0.32311374789974434,5,1.0625,1.046875,0.765625,0.0,0.022043628013777267,0.0,0.022043628013777267,0.4739380022962112,0.0,0.003498134328358209,0.026232473993668022,0.04408725602755453,0.0,0.0991963260619977,0.05510907003444317,0.0,0.0,0.018091361374943465,0.0,0.0,0.015377657168701944,0.0,0.22038246268656717,0.0,0.029411764705882353,0.0,0.014705882352941176,0.45588235294117646,0.0,0.0,0.14705882352941177,0.0,0.0,0.1323529411764706,0.0,0.0,0.0,0.0,0.0,0.0,0.0,0.0,0.22058823529411764
8.0,197,0.05705386084972599,0.8092342399128394,3.3879089554171076,0.05416067028957555,0.8218568896302603,3.531459133792123,0.4609470131858192,5,1.046875,1.046875,0.953125,0.0,0.022502870264064296,0.025258323765786454,0.0,0.5063145809414467,0.0,0.0,0.05540479421076436,0.06750861079219289,0.0,0.09001148105625718,0.04500574052812859,0.0,0.0,0.0,0.0,0.0,0.049072817729534146,0.0,0.13892078071182548,0.0,0.029850746268656716,0.0,0.029850746268656716,0.4626865671641791,0.0,0.0,0.16417910447761194,0.0,0.0,0.11940298507462686,0.0,0.0,0.0,0.0,0.0,0.0,0.0,0.0,0.19402985074626866
8.0,198,0.052993359581248324,0.8091876782565114,3.51510687859017,0.053018144489801994,0.8168329632633693,3.547488474793131,0.3038881368130645,5,1.046875,1.046875,0.90625,0.0,0.0253954110046781,0.0,0.01269770550233905,0.495210514591223,0.0,0.0,0.21586099353976387,0.0,0.0,0.1015816440187124,0.0,0.0,0.0,0.05281285878300804,0.0,0.0,0.0,0.0,0.09644087256027555,0.0,0.029850746268656716,0.0,0.014925373134328358,0.4626865671641791,0.0,0.0,0.14925373134328357,0.0,0.0,0.11940298507462686,0.0,0.0,0.0,0.0,0.0,0.0,0.0,0.0,0.22388059701492538
8.0,199,0.05679501357237375,0.8196043610353447,3.4391344675750317,0.05625799825805475,0.8311282854440527,3.504095429384794,0.37358661239258256,5,1.046875,1.046875,0.9375,0.0,0.01741293532338308,0.01741293532338308,0.04228855721393034,0.5328580975718423,0.0,0.0,0.03957485300768882,0.0,0.0,0.07213930348258706,0.0,0.0,0.0,0.011583871686344397,0.0,0.0,0.03505201266395296,0.0,0.23167743372688793,0.0,0.014925373134328358,0.0,0.029850746268656716,0.4626865671641791,0.0,0.0,0.14925373134328357,0.0,0.0,0.14925373134328357,0.0,0.0,0.0,0.0,0.0,0.0,0.0,0.0,0.19402985074626866
12.0,0,0.059370601041260865,0.8307313462471064,3.4093758093823165,0.05583447180889758,0.8298245537472762,3.5118428613832418,0.3956998225654942,5,1.046875,1.046875,0.890625,0.0,0.06636050516647532,0.0,0.030309988518943745,0.45464982778415614,0.0,0.0,0.03934871099050203,0.04041331802525833,0.0,0.09092996555683124,0.04041331802525833,0.0,0.0,0.027137042062415195,0.0,0.0,0.023066485753052916,0.0,0.18737083811710678,0.0,0.029850746268656716,0.0,0.0,0.4626865671641791,0.0,0.0,0.13432835820895522,0.0,0.0,0.14925373134328357,0.0,0.0,0.0,0.0,0.0,0.0,0.0,0.0,0.22388059701492538
12.0,1,0.05278026180293319,0.7822677964968541,3.4050201165535903,0.05284774889799142,0.8160139762401231,3.549640335649725,0.6366926605732577,5,1.046875,1.046875,0.921875,0.0,0.017057569296375266,0.0,0.025586353944562896,0.5194029850746269,0.0,0.0,0.05097588978185993,0.07960199004975123,0.0,0.05685856432125088,0.029398462234283124,0.0,0.0,0.03857634902411022,0.0,0.06268656716417911,0.04070556309362279,0.0,0.07914970601537764,0.0,0.029850746268656716,0.0,0.014925373134328358,0.4626865671641791,0.0,0.0,0.16417910447761194,0.0,0.0,0.11940298507462686,0.0,0.0,0.0,0.0,0.0,0.0,0.0,0.0,0.208955223880597
12.0,2,0.0544476903249996,0.7988306653393462,3.4234579456077645,0.05549736302268701,0.8281865797007837,3.5155397654368645,0.5550081759036982,5,1.046875,1.046875,0.90625,0.0,0.024423337856173677,0.0,0.012211668928086838,0.4762550881953867,0.0,0.1587516960651289,0.05540479421076436,0.012211668928086838,0.0,0.12211668928086838,0.0,0.0,0.0,0.03168771526980482,0.0,0.0,0.049072817729534146,0.0,0.05786452353616533,0.0,0.029850746268656716,0.0,0.0,0.4626865671641791,0.0,0.0,0.16417910447761194,0.0,0.0,0.14925373134328357,0.0,0.0,0.0,0.0,0.0,0.0,0.0,0.0,0.19402985074626866
12.0,3,0.0545105750910207,0.8032788690073365,3.4405348450230218,0.05492948764011889,0.8258407216887683,3.5236561327839153,0.5029120133597745,5,1.046875,1.046875,0.90625,0.0,0.0,0.0,0.03237657864523536,0.5072330654420206,0.0,0.0,0.0679678530424799,0.06475315729047072,0.0,0.09712973593570609,0.0,0.0,0.0,0.05143513203214696,0.0,0.0,0.07327001356852103,0.0,0.10583446404341927,0.0,0.029850746268656716,0.0,0.014925373134328358,0.4626865671641791,0.0,0.0,0.14925373134328357,0.0,0.0,0.13432835820895522,0.0,0.0,0.0,0.0,0.0,0.0,0.0,0.0,0.208955223880597
12.0,4,0.05330926556500072,0.790015442934596,3.4216393446528257,0.055123341611338215,0.8266597087120146,3.520943063523105,0.5737257767108512,5,1.046875,1.046875,0.9375,0.01218905472636816,0.0,0.0,0.03308457711442786,0.5177956371986222,0.0,0.0,0.03165988240615106,0.09414466130884042,0.0,0.059203980099502486,0.0,0.0,0.0,0.07921928817451206,0.0,0.0,0.02804161013116237,0.0,0.14466130884041334,0.0,0.029850746268656716,0.0,0.014925373134328358,0.4626865671641791,0.0,0.0,0.13432835820895522,0.0,0.0,0.13432835820895522,0.0,0.0,0.0,0.0,0.0,0.0,0.0,0.0,0.22388059701492538
12.0,5,0.05788779079525,0.8268434764033737,3.4366065732635835,0.053038877711988244,0.8165693258749759,3.545650291678519,0.3161426260306858,5,1.046875,1.046875,0.953125,0.0032649253731343282,0.021584385763490244,0.0,0.0,0.5180252583237658,0.0,0.0,0.047489823609226586,0.0,0.0,0.10792192881745122,0.05396096440872561,0.0,0.0,0.0,0.0,0.0,0.04206241519674356,0.0,0.20569029850746268,0.0,0.04477611940298507,0.0,0.014925373134328358,0.4626865671641791,0.0,0.0,0.16417910447761194,0.0,0.0,0.1044776119402985,0.0,0.0,0.0,0.0,0.0,0.0,0.0,0.0,0.208955223880597
12.0,6,0.050441964944188455,0.8019181582752993,3.5705412070884823,0.053038877711988244,0.8165693258749759,3.545650291678519,0.12316176470588228,5,1.046875,1.0625,0.921875,0.0,0.024582967515364353,0.0,0.024582967515364353,0.4670763827919227,0.0,0.0027573529411764708,0.18437225636523266,0.0,0.0,0.09833187006145741,0.0,0.0,0.0,0.024582967515364353,0.0,0.0,0.0,0.0,0.17371323529411767,0.0,0.04477611940298507,0.0,0.014925373134328358,0.4626865671641791,0.0,0.0,0.16417910447761194,0.0,0.0,0.1044776119402985,0.0,0.0,0.0,0.0,0.0,0.0,0.0,0.0,0.208955223880597
12.0,7,0.058186619480914706,0.822730994055372,3.4107217858991197,0.054301776315335386,0.8226758766535065,3.530382360106943,0.42423546602651085,4,1.046875,1.046875,1.015625,0.0,0.021584385763490244,0.0,0.03237657864523536,0.4964408725602756,0.0,0.06309362279511534,0.07123473541383989,0.06475315729047072,0.0,0.08633754305396098,0.04799081515499426,0.0,0.0,0.0,0.0,0.0,0.0,0.0,0.11618828932261768,0.0,0.029850746268656716,0.0,0.029850746268656716,0.4626865671641791,0.0,0.0,0.14925373134328357,0.0,0.0,0.11940298507462686,0.0,0.0,0.0,0.0,0.0,0.0,0.0,0.0,0.208955223880597
12.0,8,0.05940006032186369,0.8325892298861006,3.4161532547489806,0.055123341611338215,0.8266597087120146,3.520943063523105,0.41715569877883313,5,1.046875,1.046875,0.90625,0.0,0.020988805970149255,0.0,0.031483208955223885,0.5247201492537313,0.0,0.0,0.06105834464043419,0.0,0.0,0.09444962686567165,0.056716417910447764,0.0,0.0,0.0407055630936228,0.0,0.0,0.032564450474898234,0.0,0.1373134328358209,0.0,0.029850746268656716,0.0,0.014925373134328358,0.4626865671641791,0.0,0.0,0.13432835820895522,0.0,0.0,0.13432835820895522,0.0,0.0,0.0,0.0,0.0,0.0,0.0,0.0,0.22388059701492538
12.0,9,0.05695389531158094,0.8189761777094172,3.4317018822849454,0.056455841084475086,0.8325026221021519,3.50373433517103,0.33173076923076916,5,1.046875,1.046875,1.0,0.0,0.021584385763490244,0.0,0.03237657864523536,0.5072330654420206,0.0,0.0,0.024720149253731342,0.05396096440872561,0.0,0.08633754305396098,0.0,0.0023320895522388058,0.0,0.0,0.002798507462686567,0.029384328358208957,0.0,0.0,0.2392723880597015,0.0,0.029850746268656716,0.0,0.029850746268656716,0.4626865671641791,0.0,0.0,0.13432835820895522,0.0,0.0,0.13432835820895522,0.0,0.0,0.0,0.0,0.0,0.0,0.0,0.0,0.208955223880597
12.0,10,0.052569365667957016,0.8006810697580018,3.4921524327901055,0.056455841084475086,0.8325026221021519,3.50373433517103,0.3614455196544748,5,1.046875,1.046875,0.90625,0.0,0.017057569296375266,0.0,0.025586353944562896,0.5021162842503898,0.0,0.0,0.05097588978185993,0.08244491826581378,0.0,0.054015636105188336,0.0,0.0,0.0,0.03857634902411022,0.0,0.0,0.0,0.0,0.2292269993316997,0.0,0.029850746268656716,0.0,0.029850746268656716,0.4626865671641791,0.0,0.0,0.13432835820895522,0.0,0.0,0.13432835820895522,0.0,0.0,0.0,0.0,0.0,0.0,0.0,0.0,0.208955223880597
12.0,11,0.05493561890130176,0.8163595814208355,3.483008092599924,0.05492948764011889,0.8258407216887683,3.5236561327839153,0.22651776084611897,5,1.046875,1.046875,0.984375,0.0,0.025487944890929967,0.0,0.0,0.4247990815154995,0.0,0.0,0.1044776119402985,0.059471871412169926,0.0,0.1456354590682949,0.04247990815154995,0.0,0.0,0.0,0.0,0.0,0.0,0.0,0.19764812302125737,0.0,0.029850746268656716,0.0,0.014925373134328358,0.4626865671641791,0.0,0.0,0.14925373134328357,0.0,0.0,0.13432835820895522,0.0,0.0,0.0,0.0,0.0,0.0,0.0,0.0,0.208955223880597
12.0,12,0.05456332594563525,0.811301832325715,3.473217969213165,0.05226218008405941,0.8128491312048614,3.5556269135393332,0.30714395873674105,5,1.046875,1.046875,0.9375,0.0,0.020665901262916193,0.0,0.020665901262916193,0.4856486796785304,0.0,0.0,0.11271998217865895,0.061997703788748575,0.0,0.08266360505166477,0.053909556694141235,0.0,0.0,0.0,0.0,0.0,0.014702606371129428,0.0,0.14702606371129429,0.0,0.029850746268656716,0.0,0.029850746268656716,0.4626865671641791,0.0,0.0,0.16417910447761194,0.0,0.0,0.1044776119402985,0.0,0.0,0.0,0.0,0.0,0.0,0.0,0.0,0.208955223880597
12.0,13,0.05385993521062072,0.7987855084102784,3.441892198821667,0.0552911101296205,0.8272150583468673,3.517959024515953,0.5236294489092997,5,1.046875,1.046875,0.984375,0.0,0.04041331802525833,0.0,0.04041331802525833,0.5051664753157291,0.0,0.04133180252583238,0.0865205223880597,0.07072330654420207,0.0,0.03719862227324914,0.011021814006888633,0.0,0.0,0.05281285878300804,0.0,0.017957089552238806,0.0,0.0,0.09644087256027555,0.0,0.04477611940298507,0.0,0.014925373134328358,0.4626865671641791,0.0,0.0,0.13432835820895522,0.0,0.0,0.11940298507462686,0.0,0.0,0.0,0.0,0.0,0.0,0.0,0.0,0.22388059701492538
12.0,14,0.05189353303895815,0.8050740782799786,3.5341031710863784,0.055123341611338215,0.8266597087120146,3.520943063523105,0.23191733639494833,4,1.046875,1.046875,0.9375,0.0,0.020665901262916193,0.0,0.030998851894374287,0.4856486796785304,0.0,0.0,0.14925373134328357,0.061997703788748575,0.0,0.07233065442020667,0.0,0.0,0.0,0.0,0.0,0.0,0.0,0.0,0.1791044776119403,0.0,0.029850746268656716,0.0,0.014925373134328358,0.4626865671641791,0.0,0.0,0.13432835820895522,0.0,0.0,0.13432835820895522,0.0,0.0,0.0,0.0,0.0,0.0,0.0,0.0,0.22388059701492538
12.0,15,0.05248948489639814,0.7929560644137864,3.461090612799056,0.05339694014911679,0.8183598342521385,3.541490818585851,0.5149038461538461,4,1.046875,1.046875,1.0,0.0,0.03237657864523536,0.0,0.04316877152698049,0.5072330654420206,0.0,0.003031716417910448,0.05235361653272101,0.06475315729047072,0.0,0.006659012629161883,0.05396096440872561,0.0,0.0,0.03719862227324914,0.0,0.0,0.008266360505166475,0.0,0.19099813432835822,0.0,0.029850746268656716,0.0,0.0,0.4626865671641791,0.0,0.0,0.1791044776119403,0.0,0.0,0.13432835820895522,0.0,0.0,0.0,0.0,0.0,0.0,0.0,0.0,0.19402985074626866
12.0,16,0.0615458328542596,0.8371395499315257,3.374415317190417,0.055123341611338215,0.8266597087120146,3.520943063523105,0.460153776571687,5,1.046875,1.046875,0.953125,0.0,0.019747416762342134,0.0,0.08073270013568522,0.47393800229621125,0.0,0.0,0.05464982778415614,0.04982778415614236,0.0,0.09873708381171067,0.04936854190585534,0.0,0.0,0.05382180009045681,0.0,0.0,0.0,0.0,0.11917684305744008,0.0,0.029850746268656716,0.0,0.014925373134328358,0.4626865671641791,0.0,0.0,0.13432835820895522,0.0,0.0,0.13432835820895522,0.0,0.0,0.0,0.0,0.0,0.0,0.0,0.0,0.22388059701492538
12.0,17,0.05111370009996895,0.7781495239197617,3.441869468284383,0.05284774889799142,0.8160139762401231,3.549640335649725,0.5421145189801906,5,1.046875,1.046875,0.984375,0.0,0.008291873963515753,0.0,0.015399194503672114,0.5497129735935706,0.0,0.0,0.09888059701492537,0.0,0.0,0.02842928216062544,0.07715269804822045,0.0,0.022506515043828473,0.06337543053960965,0.0,0.020522388059701493,0.0,0.0,0.11572904707233066,0.0,0.029850746268656716,0.0,0.014925373134328358,0.4626865671641791,0.0,0.0,0.16417910447761194,0.0,0.0,0.11940298507462686,0.0,0.0,0.0,0.0,0.0,0.0,0.0,0.0,0.208955223880597
12.0,18,0.055380719900017986,0.8091531644949843,3.4383607336199993,0.053038877711988244,0.8165693258749759,3.545650291678519,0.47515569008106323,5,1.046875,1.046875,0.921875,0.0,0.0,0.0,0.04316877152698049,0.4964408725602756,0.0,0.0,0.03957485300768882,0.0,0.0,0.09712973593570609,0.06475315729047072,0.0,0.0,0.07577497129735937,0.0,0.0,0.03505201266395296,0.0,0.14810562571756603,0.0,0.04477611940298507,0.0,0.014925373134328358,0.4626865671641791,0.0,0.0,0.16417910447761194,0.0,0.0,0.1044776119402985,0.0,0.0,0.0,0.0,0.0,0.0,0.0,0.0,0.208955223880597
12.0,19,0.057196614289289405,0.8153060115399279,3.409066583396381,0.053038877711988244,0.8165693258749759,3.545650291678519,0.4761094005496991,5,1.046875,1.046875,0.96875,0.0,0.011021814006888633,0.0,0.0330654420206659,0.5180252583237658,0.0,0.0,0.07416044776119403,0.0,0.0,0.0991963260619977,0.05510907003444317,0.0,0.015391791044776119,0.035278154681139755,0.0,0.0,0.05879692446856626,0.0,0.09995477159656264,0.0,0.04477611940298507,0.0,0.014925373134328358,0.4626865671641791,0.0,0.0,0.16417910447761194,0.0,0.0,0.1044776119402985,0.0,0.0,0.0,0.0,0.0,0.0,0.0,0.0,0.208955223880597
12.0,20,0.05376725357421814,0.8132456952043141,3.507218686686543,0.05351602032162213,0.8191788212753848,3.541088742907328,0.2782704945422143,5,1.046875,1.046875,0.890625,0.0,0.02762307863666741,0.0,0.02762307863666741,0.42815771886834486,0.0,0.0,0.06180037313432835,0.0,0.0,0.13811539318333704,0.0,0.0,0.0,0.013811539318333704,0.0,0.012826492537313432,0.0,0.0,0.2900423256850078,0.0,0.029850746268656716,0.0,0.0,0.4626865671641791,0.0,0.0,0.16417910447761194,0.0,0.0,0.13432835820895522,0.0,0.0,0.0,0.0,0.0,0.0,0.0,0.0,0.208955223880597
12.0,21,0.05712825229426517,0.8123594596343917,3.398777801078538,0.053038877711988244,0.8165693258749759,3.545650291678519,0.5352502698905015,5,1.046875,1.046875,0.765625,0.0,0.037657864523536165,0.0,0.07715269804822043,0.5177956371986222,0.0,0.0,0.13180252583237656,0.06371129427489419,0.0,0.006888633754305397,0.05648679678530425,0.0,0.0,0.022053909556694142,0.0,0.0018369690011481056,0.006199770378874857,0.0,0.07841390064602362,0.0,0.04477611940298507,0.0,0.014925373134328358,0.4626865671641791,0.0,0.0,0.16417910447761194,0.0,0.0,0.1044776119402985,0.0,0.0,0.0,0.0,0.0,0.0,0.0,0.0,0.208955223880597
12.0,22,0.059222826534221916,0.8310911882237346,3.4151054021269136,0.05563990157460111,0.8290055667240299,3.5145058478937403,0.37954632432244373,5,1.046875,1.046875,0.96875,0.0,0.0,0.0,0.0,0.5335820895522388,0.0,0.0,0.05540479421076436,0.0,0.0,0.12313432835820895,0.06980482204362802,0.0,0.0,0.0,0.0,0.0,0.049072817729534146,0.0,0.16900114810562572,0.0,0.029850746268656716,0.0,0.0,0.4626865671641791,0.0,0.0,0.14925373134328357,0.0,0.0,0.14925373134328357,0.0,0.0,0.0,0.0,0.0,0.0,0.0,0.0,0.208955223880597
12.0,23,0.05249229167649345,0.8035295460866377,3.50714792410225,0.055123341611338215,0.8266597087120146,3.520943063523105,0.27062991996220587,4,1.046875,1.046875,0.890625,0.0,0.031421838177533384,0.0,0.04133180252583238,0.39678530424799086,0.0,0.0,0.14246947082767977,0.04959816303099886,0.0,0.11783189316575018,0.04959816303099886,0.0,0.0,0.0,0.0,0.0,0.0,0.0,0.17096336499321574,0.0,0.029850746268656716,0.0,0.014925373134328358,0.4626865671641791,0.0,0.0,0.13432835820895522,0.0,0.0,0.13432835820895522,0.0,0.0,0.0,0.0,0.0,0.0,0.0,0.0,0.22388059701492538
12.0,24,0.05007098073599631,0.7998998682163008,3.5747244951748436,0.05563990157460111,0.8290055667240299,3.5145058478937403,0.2029683671196258,5,1.046875,1.046875,0.9375,0.0,0.0,0.0,0.02450434395188238,0.47783470706170644,0.0,0.002798507462686567,0.20828692359100023,0.0,0.0,0.11026954778347071,0.0,0.0,0.0,0.0,0.0,0.0,0.0,0.0,0.17630597014925373,0.0,0.029850746268656716,0.0,0.0,0.4626865671641791,0.0,0.0,0.14925373134328357,0.0,0.0,0.14925373134328357,0.0,0.0,0.0,0.0,0.0,0.0,0.0,0.0,0.208955223880597
12.0,25,0.047899365607634824,0.7720874026240936,3.527780747611493,0.055123341611338215,0.8266597087120146,3.520943063523105,0.464809838975774,5,1.046875,1.0625,0.9375,0.011029411764705883,0.005135387488328665,0.0,0.007469654528478057,0.5261194029850746,0.0,0.0,0.19029850746268656,0.01680672268907563,0.0,0.03308823529411765,0.05158371040723982,0.0,0.0,0.033582089552238806,0.0,0.0,0.0,0.0,0.12488687782805431,0.0,0.029850746268656716,0.0,0.014925373134328358,0.4626865671641791,0.0,0.0,0.13432835820895522,0.0,0.0,0.13432835820895522,0.0,0.0,0.0,0.0,0.0,0.0,0.0,0.0,0.22388059701492538
12.0,26,0.055395278845698157,0.8206956082247119,3.4869501042335043,0.05449649037759723,0.8232312262883594,3.5264486828338297,0.25102729749644426,5,1.046875,1.046875,0.75,0.0,0.029850746268656716,0.0,0.012029405212742258,0.4691468032969481,0.0,0.0,0.2044998886166184,0.0,0.0,0.12029405212742257,0.04799081515499426,0.0,0.0,0.0,0.0,0.0,0.0,0.0,0.11618828932261768,0.0,0.04477611940298507,0.0,0.029850746268656716,0.4626865671641791,0.0,0.0,0.14925373134328357,0.0,0.0,0.1044776119402985,0.0,0.0,0.0,0.0,0.0,0.0,0.0,0.0,0.208955223880597
12.0,27,0.05482257979935993,0.8122449669121354,3.469023922179926,0.053212312826758146,0.8173883128982221,3.5434177475690003,0.4009937701153753,5,1.046875,1.046875,0.953125,0.0,0.013212625397602153,0.0,0.0,0.5522388059701493,0.0,0.0,0.14925373134328357,0.0,0.0,0.06826523122094445,0.05285050159040861,0.0,0.0,0.05809414466130884,0.0,0.0,0.0,0.0,0.1060849598163031,0.0,0.04477611940298507,0.0,0.014925373134328358,0.4626865671641791,0.0,0.0,0.14925373134328357,0.0,0.0,0.1044776119402985,0.0,0.0,0.0,0.0,0.0,0.0,0.0,0.0,0.22388059701492538
12.0,28,0.05528609229863338,0.8104568715766733,3.4468466460952865,0.053654945205869484,0.8194424586637782,3.537639585460425,0.3820060536478447,4,1.046875,1.046875,0.984375,0.0,0.04070556309362279,0.0,0.020665901262916193,0.4546498277841562,0.0,0.0,0.14925373134328357,0.041331802525832385,0.0,0.10332950631458096,0.05166475315729048,0.0,0.0,0.0,0.0,0.0,0.051560379918588875,0.0,0.08683853459972862,0.0,0.014925373134328358,0.0,0.0,0.4626865671641791,0.0,0.0,0.14925373134328357,0.0,0.0,0.14925373134328357,0.0,0.0,0.0,0.0,0.0,0.0,0.0,0.0,0.22388059701492538
12.0,29,0.05848623239123545,0.8231261836358826,3.403608456561676,0.053212312826758146,0.8173883128982221,3.5434177475690003,0.4446299968688028,4,1.046875,1.046875,1.0,0.0,0.021584385763490244,0.0,0.021584385763490244,0.5072330654420206,0.0,0.0,0.047489823609226586,0.06475315729047072,0.0,0.08633754305396098,0.061079219288174516,0.0,0.0,0.0,0.0,0.003214695752009185,0.04206241519674356,0.0,0.1446613088404133,0.0,0.04477611940298507,0.0,0.014925373134328358,0.4626865671641791,0.0,0.0,0.14925373134328357,0.0,0.0,0.1044776119402985,0.0,0.0,0.0,0.0,0.0,0.0,0.0,0.0,0.22388059701492538
12.0,30,0.052038544798075806,0.7965928528519594,3.491996773802099,0.05243185941279285,0.8136681182281076,3.553445587834309,0.3788748564867968,5,1.046875,1.046875,0.921875,0.0,0.0,0.0,0.0,0.5226108264646915,0.0,0.0,0.0642939150401837,0.0746268656716418,0.0,0.05970149253731343,0.03375430539609644,0.0,0.0,0.0,0.0,0.00642939150401837,0.0,0.0,0.2385832033860548,0.0,0.029850746268656716,0.0,0.029850746268656716,0.4626865671641791,0.0,0.0,0.14925373134328357,0.0,0.0,0.1044776119402985,0.0,0.0,0.0,0.0,0.0,0.0,0.0,0.0,0.22388059701492538
12.0,31,0.05476462468672448,0.8240037280621034,3.5211061572364963,0.05712569492011009,0.8356674671374135,3.496372913967413,0.17935497338482417,5,1.046875,1.046875,0.96875,0.0,0.020206659012629163,0.0,0.04041331802525833,0.5051664753157291,0.0,0.0,0.15603799185888736,0.0,0.0,0.09092996555683124,0.0,0.0,0.0,0.0,0.0,0.0,0.0,0.0,0.18724559023066484,0.0,0.029850746268656716,0.0,0.014925373134328358,0.4626865671641791,0.0,0.0,0.13432835820895522,0.0,0.0,0.14925373134328357,0.0,0.0,0.0,0.0,0.0,0.0,0.0,0.0,0.208955223880597
12.0,32,0.05456339302609642,0.8096933993914391,3.466330068017524,0.05726402409675918,0.8362228167722663,3.4944681092465437,0.34643565389834047,4,1.046875,1.046875,1.0,0.0,0.03398392652123996,0.0,0.02849389416553596,0.4672789896670494,0.0,0.0,0.11397557666214383,0.0407055630936228,0.0,0.08548168249660787,0.050975889781859934,0.0,0.0,0.06337543053960965,0.0,0.0,0.0,0.0,0.11572904707233066,0.0,0.04477611940298507,0.0,0.014925373134328358,0.4626865671641791,0.0,0.0,0.13432835820895522,0.0,0.0,0.13432835820895522,0.0,0.0,0.0,0.0,0.0,0.0,0.0,0.0,0.208955223880597
12.0,33,0.04362729875517429,0.7469149739993355,3.575954664570102,0.053038877711988244,0.8165693258749759,3.545650291678519,0.47388059701492535,5,1.046875,1.046875,0.953125,0.0,0.006996268656716417,0.0,0.018656716417910446,0.4635911352329263,0.0,0.0023320895522388058,0.08955223880597014,0.04897388059701492,0.0,0.041977611940298504,0.03264925373134328,0.0,0.0,0.09271822704658525,0.0,0.0,0.05563093622795116,0.0,0.14692164179104478,0.0,0.04477611940298507,0.0,0.014925373134328358,0.4626865671641791,0.0,0.0,0.16417910447761194,0.0,0.0,0.1044776119402985,0.0,0.0,0.0,0.0,0.0,0.0,0.0,0.0,0.208955223880597
12.0,34,0.05795343492960612,0.8210909915911402,3.410764204199394,0.053038877711988244,0.8165693258749759,3.545650291678519,0.512333437706572,5,1.046875,1.046875,0.953125,0.0,0.021584385763490244,0.0,0.021584385763490244,0.5180252583237658,0.0,0.07711442786069653,0.08706467661691542,0.05396096440872561,0.0,0.08633754305396098,0.030529172320217096,0.0,0.0,0.032564450474898234,0.0,0.0,0.0,0.0,0.07123473541383989,0.0,0.04477611940298507,0.0,0.014925373134328358,0.4626865671641791,0.0,0.0,0.16417910447761194,0.0,0.0,0.1044776119402985,0.0,0.0,0.0,0.0,0.0,0.0,0.0,0.0,0.208955223880597
12.0,35,0.05772780934861037,0.828900028012376,3.4499246974333366,0.05343777962391042,0.8182072999214683,3.5394774320591775,0.2902234891973698,5,1.046875,1.046875,0.890625,0.0,0.021125143513203215,0.0,0.021125143513203215,0.5070034443168772,0.0,0.003498134328358209,0.04070556309362279,0.04225028702640643,0.0,0.09506314580941447,0.021709633649932156,0.0,0.0,0.027137042062415195,0.0,0.0,0.0,0.0,0.22038246268656717,0.0,0.04477611940298507,0.0,0.014925373134328358,0.4626865671641791,0.0,0.0,0.13432835820895522,0.0,0.0,0.1044776119402985,0.0,0.0,0.0,0.0,0.0,0.0,0.0,0.0,0.23880597014925373
12.0,36,0.058208570466746025,0.8321735353715976,3.449216329467478,0.054757972178295186,0.8244663850306693,3.523297170051807,0.37564105512499135,5,1.046875,1.046875,0.921875,0.0,0.022261573488489755,0.0,0.05565393372122438,0.5123635553575406,0.0,0.0,0.03934871099050203,0.0,0.0,0.08626359726789781,0.011138338159946536,0.0,0.0,0.027137042062415195,0.0,0.0,0.023066485753052916,0.0,0.2227667631989307,0.0,0.014925373134328358,0.0,0.014925373134328358,0.4626865671641791,0.0,0.0,0.16417910447761194,0.0,0.0,0.14925373134328357,0.0,0.0,0.0,0.0,0.0,0.0,0.0,0.0,0.19402985074626866
12.0,37,0.05283748909295336,0.8076987628631895,3.5138104662036262,0.053212312826758146,0.8173883128982221,3.5434177475690003,0.2587521634079888,5,1.046875,1.046875,0.96875,0.0,0.020665901262916193,0.0,0.030998851894374287,0.47531572904707237,0.0,0.0,0.12742258854978838,0.05166475315729048,0.0,0.09299655568312286,0.0,0.0,0.0,0.04900868790376475,0.0,0.0,0.0,0.0,0.15192693250167075,0.0,0.04477611940298507,0.0,0.014925373134328358,0.4626865671641791,0.0,0.0,0.14925373134328357,0.0,0.0,0.1044776119402985,0.0,0.0,0.0,0.0,0.0,0.0,0.0,0.0,0.22388059701492538
12.0,38,0.0563385175401937,0.8160524812732874,3.438075282880143,0.053038877711988244,0.8165693258749759,3.545650291678519,0.3865571617437289,5,1.046875,1.046875,0.84375,0.0,0.022043628013777267,0.0,0.022043628013777267,0.5070034443168772,0.0,0.0,0.032790592492085026,0.0330654420206659,0.0,0.08817451205510907,0.04408725602755453,0.0,0.0,0.02261420171867933,0.0,0.0228544776119403,0.01922207146087743,0.0,0.18610074626865672,0.0,0.04477611940298507,0.0,0.014925373134328358,0.4626865671641791,0.0,0.0,0.16417910447761194,0.0,0.0,0.1044776119402985,0.0,0.0,0.0,0.0,0.0,0.0,0.0,0.0,0.208955223880597
12.0,39,0.052764133422562795,0.8079027880016998,3.5171403736429876,0.053018144489801994,0.8168329632633693,3.547488474793131,0.29943280154908586,4,1.046875,1.046875,0.953125,0.0,0.0253954110046781,0.0,0.0253954110046781,0.48251280908888394,0.0,0.0,0.21586099353976387,0.0,0.0,0.1015816440187124,0.0,0.0,0.0,0.05281285878300804,0.0,0.0,0.0,0.0,0.09644087256027555,0.0,0.029850746268656716,0.0,0.014925373134328358,0.4626865671641791,0.0,0.0,0.14925373134328357,0.0,0.0,0.11940298507462686,0.0,0.0,0.0,0.0,0.0,0.0,0.0,0.0,0.22388059701492538
12.0,40,0.05862133727740264,0.8269875905558384,3.4156324591469067,0.05549736302268701,0.8281865797007837,3.5155397654368645,0.3595658073270014,5,1.046875,1.046875,0.921875,0.0,0.026865671641791048,0.0,0.03582089552238806,0.4208955223880597,0.0,0.0,0.032790592492085026,0.053731343283582096,0.0,0.1456354590682949,0.04477611940298508,0.0,0.0,0.02261420171867933,0.0,0.0,0.01922207146087743,0.0,0.19764812302125737,0.0,0.029850746268656716,0.0,0.0,0.4626865671641791,0.0,0.0,0.16417910447761194,0.0,0.0,0.14925373134328357,0.0,0.0,0.0,0.0,0.0,0.0,0.0,0.0,0.19402985074626866
12.0,41,0.06029568056993221,0.840492823189596,3.4228739695816928,0.05411826860045277,0.8216523437361317,3.531963049825134,0.33760567790418533,5,1.046875,1.046875,0.921875,0.0,0.06636050516647532,0.0,0.0642939150401837,0.4580941446613088,0.0,0.0,0.08819538670284939,0.033921302578019,0.0,0.0780189959294437,0.0237449118046133,0.0,0.0,0.0,0.0,0.0,0.0,0.0,0.18737083811710678,0.0,0.029850746268656716,0.0,0.0,0.44776119402985076,0.0,0.0,0.14925373134328357,0.0,0.0,0.14925373134328357,0.0,0.0,0.0,0.0,0.0,0.0,0.0,0.0,0.22388059701492538
12.0,42,0.049201307060311665,0.76723420616839,3.4589129870040902,0.05243185941279285,0.8136681182281076,3.553445587834309,0.6282225237449119,5,1.046875,1.046875,0.953125,0.0,0.0,0.0,0.07055630936227951,0.5409317051108097,0.0,0.0,0.14925373134328357,0.023518769787426504,0.0,0.0,0.0,0.0,0.0,0.14111261872455902,0.0,0.0,0.030529172320217096,0.0,0.044097693351424695,0.0,0.029850746268656716,0.0,0.029850746268656716,0.4626865671641791,0.0,0.0,0.14925373134328357,0.0,0.0,0.1044776119402985,0.0,0.0,0.0,0.0,0.0,0.0,0.0,0.0,0.22388059701492538
12.0,43,0.057185392062037085,0.8164778629142811,3.414301452067685,0.054494914023477586,0.8234948636767527,3.5276290377930675,0.47747277598023863,4,1.046875,1.046875,1.0,0.0,0.021584385763490244,0.0,0.010792192881745122,0.5072330654420206,0.0,0.0,0.06911595866819747,0.06475315729047072,0.0,0.09712973593570609,0.035361653272101036,0.0,0.0,0.03821800090456807,0.0,0.0,0.05585707824513795,0.0,0.09995477159656264,0.0,0.029850746268656716,0.0,0.029850746268656716,0.4626865671641791,0.0,0.0,0.13432835820895522,0.0,0.0,0.11940298507462686,0.0,0.0,0.0,0.0,0.0,0.0,0.0,0.0,0.22388059701492538
12.0,44,0.05728094896949948,0.8306934082854407,3.470848537369684,0.053038877711988244,0.8165693258749759,3.545650291678519,0.27013490241102184,5,1.046875,1.046875,0.984375,0.0,0.020665901262916193,0.0,0.041331802525832385,0.5166475315729048,0.0,0.0032649253731343282,0.0679678530424799,0.0,0.0,0.09299655568312286,0.0,0.0,0.0,0.05143513203214696,0.0,0.0,0.0,0.0,0.20569029850746268,0.0,0.04477611940298507,0.0,0.014925373134328358,0.4626865671641791,0.0,0.0,0.16417910447761194,0.0,0.0,0.1044776119402985,0.0,0.0,0.0,0.0,0.0,0.0,0.0,0.0,0.208955223880597
12.0,45,0.05137821440872342,0.7871444488337478,3.4726813416408318,0.056291276679306515,0.8316836350789056,3.505400197200214,0.5542417781223752,5,1.046875,1.046875,0.890625,0.0,0.01279317697228145,0.0,0.019189765458422173,0.5312987302294497,0.0,0.05903319224771663,0.18890621519269324,0.06183368869936034,0.0,0.04051172707889126,0.01582994120307553,0.0,0.0,0.011806638449543327,0.0,0.0,0.020352781546811395,0.0,0.03844414292175486,0.0,0.029850746268656716,0.0,0.029850746268656716,0.4626865671641791,0.0,0.0,0.14925373134328357,0.0,0.0,0.13432835820895522,0.0,0.0,0.0,0.0,0.0,0.0,0.0,0.0,0.19402985074626866
12.0,46,0.054065255585433354,0.8132744075262149,3.497663103781414,0.05243185941279285,0.8136681182281076,3.553445587834309,0.20545350172215843,5,1.046875,1.046875,0.984375,0.0,0.021125143513203215,0.0,0.021125143513203215,0.4964408725602755,0.0,0.0,0.13432835820895522,0.06337543053960965,0.0,0.08450057405281286,0.0,0.0,0.0,0.0,0.005597014925373134,0.0,0.0,0.0,0.17350746268656717,0.0,0.029850746268656716,0.0,0.029850746268656716,0.4626865671641791,0.0,0.0,0.14925373134328357,0.0,0.0,0.1044776119402985,0.0,0.0,0.0,0.0,0.0,0.0,0.0,0.0,0.22388059701492538
12.0,47,0.055118272100680654,0.8104220107878631,3.4519415274947884,0.05583447180889758,0.8298245537472762,3.5118428613832418,0.36653750478377345,5,1.046875,1.046875,0.984375,0.0,0.036380597014925374,0.004822043628013777,0.05457089552238806,0.49113805970149255,0.0,0.0,0.06750861079219288,0.04975124378109453,0.0,0.039800995024875614,0.03214695752009185,0.0,0.0,0.0,0.006996268656716418,0.0,0.0,0.0,0.21688432835820895,0.0,0.029850746268656716,0.0,0.0,0.4626865671641791,0.0,0.0,0.13432835820895522,0.0,0.0,0.14925373134328357,0.0,0.0,0.0,0.0,0.0,0.0,0.0,0.0,0.22388059701492538
12.0,48,0.055268876758324925,0.8124843843807276,3.456007717076796,0.05583447180889758,0.8298245537472762,3.5118428613832418,0.4171472184531887,5,1.046875,1.046875,1.0,0.0,0.04547574626865672,0.0,0.01632462686567164,0.5366138059701493,0.0,0.003498134328358209,0.047489823609226586,0.03264925373134328,0.0,0.03101679104477612,0.02448694029850746,0.0,0.0,0.0,0.0,0.0,0.04206241519674356,0.0,0.22038246268656717,0.0,0.029850746268656716,0.0,0.0,0.4626865671641791,0.0,0.0,0.13432835820895522,0.0,0.0,0.14925373134328357,0.0,0.0,0.0,0.0,0.0,0.0,0.0,0.0,0.22388059701492538
12.0,49,0.0511478838607692,0.7891524470257496,3.48937039736361,0.05492948764011889,0.8258407216887683,3.5236561327839153,0.5057181624345802,5,1.046875,1.046875,0.984375,0.0,0.0,0.0,0.021321961620469083,0.523947427043885,0.0,0.0,0.2073958565382045,0.06396588486140725,0.0,0.049040511727078885,0.030529172320217096,0.0,0.0,0.032564450474898234,0.0,0.0,0.0,0.0,0.07123473541383989,0.0,0.029850746268656716,0.0,0.014925373134328358,0.4626865671641791,0.0,0.0,0.14925373134328357,0.0,0.0,0.13432835820895522,0.0,0.0,0.0,0.0,0.0,0.0,0.0,0.0,0.208955223880597
12.0,50,0.05431777094487754,0.8125664428499407,3.4864859010191522,0.05449649037759723,0.8232312262883594,3.5264486828338297,0.36386588090753824,5,1.046875,1.046875,0.890625,0.0,0.0253954110046781,0.0,0.01269770550233905,0.507908220093562,0.0,0.0,0.21586099353976387,0.0,0.0,0.08888393851637336,0.033921302578018994,0.0,0.0,0.036182722749886924,0.0,0.0,0.0,0.0,0.07914970601537764,0.0,0.04477611940298507,0.0,0.029850746268656716,0.4626865671641791,0.0,0.0,0.14925373134328357,0.0,0.0,0.1044776119402985,0.0,0.0,0.0,0.0,0.0,0.0,0.0,0.0,0.208955223880597
12.0,51,0.053079475169721765,0.8061612577704391,3.4991181994515843,0.05489675494417283,0.8252853720539155,3.522336237919126,0.2590987370838117,5,1.046875,1.046875,0.984375,0.002798507462686567,0.010792192881745122,0.0,0.03237657864523536,0.4748564867967853,0.0,0.0,0.11940298507462686,0.03237657864523536,0.0,0.08633754305396098,0.06475315729047072,0.0,0.0,0.0,0.0,0.0,0.0,0.0,0.17630597014925373,0.0,0.014925373134328358,0.0,0.014925373134328358,0.4626865671641791,0.0,0.0,0.14925373134328357,0.0,0.0,0.14925373134328357,0.0,0.0,0.0,0.0,0.0,0.0,0.0,0.0,0.208955223880597
12.0,52,0.051509790896746566,0.7780891691053224,3.428344663578056,0.056960414251864384,0.8348484801141672,3.4980103592636067,0.6618446230386529,4,1.046875,1.046875,1.015625,0.0,0.006199770378874856,0.0,0.06061997703788749,0.5152698048220437,0.0,0.0,0.08886337543053961,0.08082663605051665,0.0,0.01928817451205511,0.04546498277841562,0.0,0.0,0.03482587064676617,0.0,0.01928817451205511,0.05223880597014925,0.0,0.07711442786069653,0.0,0.029850746268656716,0.0,0.014925373134328358,0.4626865671641791,0.0,0.0,0.14925373134328357,0.0,0.0,0.14925373134328357,0.0,0.0,0.0,0.0,0.0,0.0,0.0,0.0,0.19402985074626866
12.0,53,0.05788159241522421,0.8349339157116367,3.4704186409778477,0.053038877711988244,0.8165693258749759,3.545650291678519,0.20081411126187243,5,1.046875,1.046875,0.9375,0.0,0.027137042062415195,0.0,0.032564450474898234,0.4850746268656716,0.0,0.003498134328358209,0.08141112618724558,0.037991858887381276,0.0,0.11194029850746268,0.0,0.0,0.0,0.0,0.0,0.0,0.0,0.0,0.22038246268656717,0.0,0.04477611940298507,0.0,0.014925373134328358,0.4626865671641791,0.0,0.0,0.16417910447761194,0.0,0.0,0.1044776119402985,0.0,0.0,0.0,0.0,0.0,0.0,0.0,0.0,0.208955223880597
12.0,54,0.05478737982170723,0.8241440769636447,3.5209744712267863,0.05284774889799142,0.8160139762401231,3.549640335649725,0.13246268656716426,5,1.046875,1.046875,0.96875,0.0,0.020522388059701493,0.0,0.041044776119402986,0.5027985074626866,0.0,0.0,0.15603799185888736,0.0,0.0,0.09235074626865672,0.0,0.0,0.0,0.0,0.0,0.0,0.0,0.0,0.18724559023066484,0.0,0.029850746268656716,0.0,0.014925373134328358,0.4626865671641791,0.0,0.0,0.16417910447761194,0.0,0.0,0.11940298507462686,0.0,0.0,0.0,0.0,0.0,0.0,0.0,0.0,0.208955223880597
12.0,55,0.04767196624647944,0.7591210160786517,3.4767981866581383,0.05449649037759723,0.8232312262883594,3.5264486828338297,0.5612299081515499,4,1.046875,1.046875,1.0,0.0,0.007462686567164179,0.0,0.05970149253731344,0.4776119402985075,0.0,0.0,0.03398392652123995,0.04477611940298507,0.0,0.03917910447761194,0.027985074626865673,0.0,0.017957089552238806,0.02571756601607348,0.0,0.0,0.11940298507462688,0.0,0.14622201492537312,0.0,0.04477611940298507,0.0,0.029850746268656716,0.4626865671641791,0.0,0.0,0.14925373134328357,0.0,0.0,0.1044776119402985,0.0,0.0,0.0,0.0,0.0,0.0,0.0,0.0,0.208955223880597
12.0,56,0.04893232497709635,0.7840829729149964,3.5445744050243753,0.05494935482364556,0.8255770843003748,3.5218944068948983,0.2935323383084577,5,1.046875,1.046875,0.953125,0.0,0.022161917684305744,0.0,0.0,0.4654002713704206,0.0,0.0,0.12211668928086838,0.0,0.0,0.09972862957937584,0.011080958842152872,0.0,0.0,0.13297150610583447,0.0,0.0,0.0,0.0,0.14654002713704206,0.0,0.04477611940298507,0.0,0.014925373134328358,0.4626865671641791,0.0,0.0,0.16417910447761194,0.0,0.0,0.11940298507462686,0.0,0.0,0.0,0.0,0.0,0.0,0.0,0.0,0.19402985074626866
12.0,57,0.05344044602984391,0.8067011862834879,3.4896161525022737,0.053018144489801994,0.8168329632633693,3.547488474793131,0.2778846153846154,5,1.046875,1.046875,0.984375,0.0,0.021125143513203215,0.0,0.0,0.4964408725602755,0.0,0.0,0.16417910447761194,0.03168771526980482,0.0,0.09506314580941447,0.04225028702640643,0.0,0.01632462686567164,0.0,0.0,0.0,0.0,0.0,0.13292910447761191,0.0,0.029850746268656716,0.0,0.014925373134328358,0.4626865671641791,0.0,0.0,0.14925373134328357,0.0,0.0,0.11940298507462686,0.0,0.0,0.0,0.0,0.0,0.0,0.0,0.0,0.22388059701492538
12.0,58,0.05659636549560122,0.8140247276892787,3.421711003540505,0.05577464550298518,0.8295609163588828,3.5126095144224303,0.49408899558153285,5,1.046875,1.046875,0.953125,0.0,0.0,0.0,0.0,0.5180252583237658,0.0,0.0,0.02804161013116237,0.07554535017221585,0.0,0.10792192881745122,0.014473089099954772,0.0,0.0,0.08450057405281286,0.0,0.0,0.017186793306196293,0.0,0.15430539609644087,0.0,0.04477611940298507,0.0,0.0,0.4626865671641791,0.0,0.0,0.14925373134328357,0.0,0.0,0.13432835820895522,0.0,0.0,0.0,0.0,0.0,0.0,0.0,0.0,0.208955223880597
12.0,59,0.05746034246851277,0.825868582704441,3.445298381744243,0.055123341611338215,0.8266597087120146,3.520943063523105,0.32376578645235365,5,1.046875,1.046875,0.921875,0.0,0.058553386911595874,0.0,0.029621125143513203,0.46406429391504017,0.0,0.0,0.07646383467278989,0.059242250287026406,0.0,0.08886337543053961,0.0,0.0,0.0,0.05786452353616533,0.0,0.0,0.0,0.0,0.1653272101033295,0.0,0.029850746268656716,0.0,0.014925373134328358,0.4626865671641791,0.0,0.0,0.13432835820895522,0.0,0.0,0.13432835820895522,0.0,0.0,0.0,0.0,0.0,0.0,0.0,0.0,0.22388059701492538
12.0,60,0.05437698095729436,0.8017196052926541,3.4380719267239943,0.05291747427960071,0.8157503388517297,3.5461549573252897,0.5307985546791516,5,1.046875,1.046875,0.96875,0.0,0.047807835820895525,0.0,0.0,0.5641324626865671,0.0,0.0,0.06331976481230212,0.026533996683250412,0.0,0.0255863539445629,0.0,0.0,0.007581141909500118,0.07072330654420207,0.0,0.0,0.05608322026232474,0.0,0.13823191733639495,0.0,0.04477611940298507,0.0,0.014925373134328358,0.4626865671641791,0.0,0.0,0.1791044776119403,0.0,0.0,0.1044776119402985,0.0,0.0,0.0,0.0,0.0,0.0,0.0,0.0,0.19402985074626866
12.0,61,0.0613983066520084,0.8424151676071583,3.399757815978842,0.05351602032162213,0.8191788212753848,3.541088742907328,0.2767978290366351,5,1.046875,1.046875,0.984375,0.0,0.03451492537313433,0.0,0.051772388059701496,0.4659514925373135,0.0,0.0,0.14879448909299656,0.07869742198100406,0.0,0.1198622273249139,0.0,0.0,0.0,0.0,0.0,0.0,0.0,0.0,0.10040705563093621,0.0,0.029850746268656716,0.0,0.0,0.4626865671641791,0.0,0.0,0.16417910447761194,0.0,0.0,0.13432835820895522,0.0,0.0,0.0,0.0,0.0,0.0,0.0,0.0,0.208955223880597
12.0,62,0.0528770886314238,0.8066476301993675,3.507923345185649,0.05577464550298518,0.8295609163588828,3.5126095144224303,0.29462064676616917,5,1.046875,1.046875,0.9375,0.0,0.0,0.0,0.03165988240615106,0.4995335820895523,0.0,0.003031716417910448,0.11307100859339664,0.036182722749886924,0.0,0.08593396653098145,0.03165988240615106,0.0,0.00792910447761194,0.0,0.0,0.0,0.0,0.0,0.19099813432835822,0.0,0.04477611940298507,0.0,0.0,0.4626865671641791,0.0,0.0,0.14925373134328357,0.0,0.0,0.13432835820895522,0.0,0.0,0.0,0.0,0.0,0.0,0.0,0.0,0.208955223880597
12.0,63,0.06159854641097473,0.834862825674374,3.36379787207845,0.05549736302268701,0.8281865797007837,3.5155397654368645,0.45741898027345795,5,1.046875,1.046875,0.953125,0.0,0.020665901262916193,0.0,0.041331802525832385,0.5166475315729048,0.0,0.0,0.08978544776119403,0.0915875169606513,0.0,0.09299655568312286,0.0,0.0,0.0,0.027137042062415198,0.014692164179104477,0.0,0.0,0.0,0.1051560379918589,0.0,0.029850746268656716,0.0,0.0,0.4626865671641791,0.0,0.0,0.16417910447761194,0.0,0.0,0.14925373134328357,0.0,0.0,0.0,0.0,0.0,0.0,0.0,0.0,0.19402985074626866
12.0,64,0.056023981436128065,0.8197901019006822,3.46350393706442,0.05492948764011889,0.8258407216887683,3.5236561327839153,0.2922494302311634,5,1.046875,1.046875,0.921875,0.0,0.026286478057473823,0.01653272101033295,0.013143239028736911,0.5125863221207396,0.0,0.0,0.2234350634885275,0.0,0.0,0.10514591222989529,0.0,0.0,0.0,0.0,0.0,0.005510907003444317,0.0,0.0,0.0973593570608496,0.0,0.029850746268656716,0.0,0.014925373134328358,0.4626865671641791,0.0,0.0,0.14925373134328357,0.0,0.0,0.13432835820895522,0.0,0.0,0.0,0.0,0.0,0.0,0.0,0.0,0.208955223880597
12.0,65,0.049695780582881106,0.7862893118698989,3.5271393169004868,0.05492948764011889,0.8258407216887683,3.5236561327839153,0.3776179585941261,5,1.046875,1.046875,0.96875,0.0,0.0072219547424169465,0.0,0.036109773712084736,0.5025618177767877,0.0,0.0,0.18177767877032747,0.0,0.0,0.05536831969186326,0.05055368319691862,0.0,0.012593283582089552,0.03207841390064602,0.0,0.0,0.0,0.0,0.12173507462686567,0.0,0.029850746268656716,0.0,0.014925373134328358,0.4626865671641791,0.0,0.0,0.14925373134328357,0.0,0.0,0.13432835820895522,0.0,0.0,0.0,0.0,0.0,0.0,0.0,0.0,0.208955223880597
12.0,66,0.05793215389180419,0.8254202680584246,3.429377474138818,0.05492948764011889,0.8258407216887683,3.5236561327839153,0.32108600354869016,4,1.046875,1.046875,1.0,0.0,0.021584385763490244,0.0,0.021584385763490244,0.4964408725602756,0.0,0.0,0.04070556309362279,0.06475315729047072,0.0,0.09712973593570609,0.021709633649932156,0.0,0.0,0.027137042062415195,0.0065298507462686565,0.0,0.0,0.0,0.20242537313432835,0.0,0.029850746268656716,0.0,0.014925373134328358,0.4626865671641791,0.0,0.0,0.14925373134328357,0.0,0.0,0.13432835820895522,0.0,0.0,0.0,0.0,0.0,0.0,0.0,0.0,0.208955223880597
12.0,67,0.05375473781895712,0.8113217083459894,3.4993285692634717,0.052729384988563194,0.8151949892168768,3.550055547943658,0.24661308840413312,5,1.046875,1.046875,0.890625,0.0,0.025487944890929967,0.0,0.04247990815154995,0.43329506314580946,0.0,0.0,0.12935323383084577,0.0,0.0,0.11940298507462686,0.050975889781859934,0.0,0.0,0.04477611940298507,0.0,0.0,0.0,0.0,0.15422885572139305,0.0,0.029850746268656716,0.0,0.014925373134328358,0.4626865671641791,0.0,0.0,0.1791044776119403,0.0,0.0,0.11940298507462686,0.0,0.0,0.0,0.0,0.0,0.0,0.0,0.0,0.19402985074626866
12.0,68,0.05840078611916787,0.820801013985375,3.3964759029153067,0.05368713217650983,0.819997808298631,3.5389757661802466,0.6273179556761646,5,1.046875,1.046875,0.921875,0.0,0.05291723202170963,0.0,0.07715269804822045,0.5497129735935706,0.0,0.0,0.05540479421076436,0.0,0.0,0.0,0.032564450474898234,0.0,0.0,0.04477611940298507,0.0,0.0,0.049072817729534146,0.0,0.1383989145183175,0.0,0.029850746268656716,0.0,0.0,0.4626865671641791,0.0,0.0,0.14925373134328357,0.0,0.0,0.13432835820895522,0.0,0.0,0.0,0.0,0.0,0.0,0.0,0.0,0.22388059701492538
12.0,69,0.05483908014655636,0.8179959249233584,3.4930601113561037,0.05580537147127876,0.829884873801665,3.5130137298566706,0.1557692307692308,5,1.046875,1.046875,0.984375,0.0,0.0,0.0,0.0,0.5070034443168772,0.0,0.002798507462686567,0.13432835820895522,0.0,0.0,0.11618828932261768,0.06337543053960965,0.0,0.0,0.0,0.0,0.0,0.0,0.0,0.17630597014925373,0.0,0.029850746268656716,0.0,0.014925373134328358,0.5074626865671642,0.0,0.0,0.14925373134328357,0.0,0.0,0.1044776119402985,0.0,0.0,0.0,0.0,0.0,0.0,0.0,0.0,0.19402985074626866
12.0,70,0.05727401477427799,0.8164990020080369,3.4117472066036356,0.054301776315335386,0.8226758766535065,3.530382360106943,0.4531886024423338,5,1.046875,1.046875,0.84375,0.0,0.008395522388059701,0.0,0.022388059701492536,0.5522388059701493,0.0,0.0,0.027137042062415195,0.05876865671641791,0.0,0.05037313432835821,0.039179104477611935,0.0,0.0,0.017186793306196293,0.0065298507462686565,0.0,0.015377657168701944,0.0,0.20242537313432835,0.0,0.029850746268656716,0.0,0.029850746268656716,0.4626865671641791,0.0,0.0,0.14925373134328357,0.0,0.0,0.11940298507462686,0.0,0.0,0.0,0.0,0.0,0.0,0.0,0.0,0.208955223880597
12.0,71,0.0571461223248702,0.8119239620990317,3.3964245827392965,0.055972255260240966,0.8303799033821291,3.5098651165544794,0.4811815050621021,5,1.046875,1.046875,0.921875,0.0,0.0,0.02296211251435132,0.0330654420206659,0.5180252583237658,0.0,0.0,0.07123473541383989,0.0661308840413318,0.0,0.0991963260619977,0.0,0.0,0.0,0.0,0.0,0.0,0.06309362279511534,0.0,0.12629161882893225,0.0,0.04477611940298507,0.0,0.0,0.4626865671641791,0.0,0.0,0.13432835820895522,0.0,0.0,0.13432835820895522,0.0,0.0,0.0,0.0,0.0,0.0,0.0,0.0,0.22388059701492538
12.0,72,0.05764327383883872,0.8293664093266322,3.454396003182769,0.054301776315335386,0.8226758766535065,3.530382360106943,0.21544630464211662,5,1.046875,1.046875,0.765625,0.0,0.08108710180441078,0.0,0.028243398392652126,0.4424799081515499,0.0,0.0,0.13321452439296058,0.05648679678530425,0.0,0.08473019517795638,0.0,0.0,0.0,0.0,0.0,0.0,0.0,0.0,0.17375807529516596,0.0,0.029850746268656716,0.0,0.029850746268656716,0.4626865671641791,0.0,0.0,0.14925373134328357,0.0,0.0,0.11940298507462686,0.0,0.0,0.0,0.0,0.0,0.0,0.0,0.0,0.208955223880597
12.0,73,0.06105142676147277,0.8308067855863336,3.362421283964216,0.054692667608698765,0.8240502133116057,3.5236204589910534,0.339667049368542,5,1.046875,1.046875,0.90625,0.0,0.022502870264064296,0.026865671641791048,0.022502870264064296,0.5288174512055109,0.0,0.0,0.06529850746268656,0.06750861079219289,0.0,0.09001148105625718,0.0,0.009328358208955223,0.0,0.0,0.0,0.0,0.0,0.0,0.16716417910447762,0.0,0.04477611940298507,0.0,0.029850746268656716,0.4626865671641791,0.0,0.0,0.13432835820895522,0.0,0.0,0.1044776119402985,0.0,0.0,0.0,0.0,0.0,0.0,0.0,0.0,0.22388059701492538
12.0,74,0.060086134859225204,0.8412187414468,3.4317987019712883,0.05492948764011889,0.8258407216887683,3.5236561327839153,0.3012055109070034,5,1.046875,1.046875,1.0,0.0,0.021125143513203215,0.0,0.03168771526980482,0.5386911595866819,0.0,0.00396455223880597,0.046641791044776115,0.0,0.0,0.09506314580941447,0.0,0.0,0.0,0.0,0.005597014925373134,0.007462686567164179,0.0,0.0,0.24976679104477614,0.0,0.029850746268656716,0.0,0.014925373134328358,0.4626865671641791,0.0,0.0,0.14925373134328357,0.0,0.0,0.13432835820895522,0.0,0.0,0.0,0.0,0.0,0.0,0.0,0.0,0.208955223880597
12.0,75,0.058509153408118915,0.822985173525444,3.402358748370648,0.05478766535128192,0.8250217346655221,3.5247148862220214,0.47050064363497196,5,1.046875,1.046875,0.984375,0.0,0.021584385763490244,0.0,0.021584385763490244,0.5072330654420206,0.0,0.047037539574853,0.052464947987336044,0.06475315729047072,0.0,0.08633754305396098,0.05235361653272101,0.0,0.0,0.0,0.0,0.0,0.01990049751243781,0.0,0.1267508610792193,0.0,0.029850746268656716,0.0,0.014925373134328358,0.4626865671641791,0.0,0.0,0.16417910447761194,0.0,0.0,0.13432835820895522,0.0,0.0,0.0,0.0,0.0,0.0,0.0,0.0,0.19402985074626866
12.0,76,0.056485781861368656,0.8265612127853568,3.477806777236354,0.05449649037759723,0.8232312262883594,3.5264486828338297,0.17598306544202072,5,1.046875,1.046875,0.984375,0.0,0.020665901262916193,0.0,0.030998851894374287,0.5166475315729048,0.0,0.0,0.16417910447761194,0.0,0.0,0.10332950631458096,0.0,0.0,0.017957089552238806,0.0,0.0,0.0,0.0,0.0,0.14622201492537312,0.0,0.04477611940298507,0.0,0.029850746268656716,0.4626865671641791,0.0,0.0,0.14925373134328357,0.0,0.0,0.1044776119402985,0.0,0.0,0.0,0.0,0.0,0.0,0.0,0.0,0.208955223880597
12.0,77,0.05111077902360832,0.7868433201377758,3.480422856061602,0.05449649037759723,0.8232312262883594,3.5264486828338297,0.46822146443442947,5,1.046875,1.046875,0.984375,0.0,0.01148105625717566,0.0,0.02525832376578645,0.49253731343283585,0.0,0.0,0.09623524170193806,0.08955223880597016,0.0,0.04592422502870264,0.04811762085096903,0.0,0.0,0.06659012629161883,0.0,0.0,0.0,0.0,0.12430385386500334,0.0,0.04477611940298507,0.0,0.029850746268656716,0.4626865671641791,0.0,0.0,0.14925373134328357,0.0,0.0,0.1044776119402985,0.0,0.0,0.0,0.0,0.0,0.0,0.0,0.0,0.208955223880597
12.0,78,0.051698641211123636,0.8003699241293271,3.5200691593842666,0.053038877711988244,0.8165693258749759,3.545650291678519,0.30008396593382114,5,1.046875,1.046875,0.953125,0.0,0.0,0.0,0.030998851894374287,0.4856486796785304,0.0,0.0,0.12742258854978838,0.061997703788748575,0.0,0.09299655568312286,0.0,0.0,0.0,0.04900868790376475,0.0,0.0,0.0,0.0,0.15192693250167075,0.0,0.04477611940298507,0.0,0.014925373134328358,0.4626865671641791,0.0,0.0,0.16417910447761194,0.0,0.0,0.1044776119402985,0.0,0.0,0.0,0.0,0.0,0.0,0.0,0.0,0.208955223880597
12.0,79,0.05230022605845685,0.8001890740209636,3.498974956667298,0.05394918904531567,0.8203300186414911,3.5318003375179234,0.312743972445465,5,1.046875,1.046875,0.953125,0.0,0.04989975495656048,0.0,0.04989975495656048,0.4865226108264647,0.0,0.0,0.042479908151549936,0.0,0.0,0.039954075774971294,0.0,0.0,0.0,0.03214695752009185,0.0,0.0,0.04959816303099885,0.0,0.24949877478280238,0.0,0.029850746268656716,0.0,0.04477611940298507,0.4626865671641791,0.0,0.0,0.13432835820895522,0.0,0.0,0.1044776119402985,0.0,0.0,0.0,0.0,0.0,0.0,0.0,0.0,0.22388059701492538
12.0,80,0.05450659100585403,0.7951269744991957,3.4057438150784196,0.056291276679306515,0.8316836350789056,3.505400197200214,0.5735796541766691,5,1.046875,1.046875,0.9375,0.0,0.004477611940298507,0.006965174129353234,0.06061997703788749,0.5152698048220437,0.0,0.032564450474898234,0.03934871099050203,0.08082663605051665,0.0,0.018407960199004977,0.06544202066590127,0.0,0.0,0.017639077340569877,0.0,0.0,0.0,0.0,0.1584385763490241,0.0,0.029850746268656716,0.0,0.029850746268656716,0.4626865671641791,0.0,0.0,0.14925373134328357,0.0,0.0,0.13432835820895522,0.0,0.0,0.0,0.0,0.0,0.0,0.0,0.0,0.19402985074626866
12.0,81,0.050001045224212115,0.7943297891225347,3.552313680613483,0.055123341611338215,0.8266597087120146,3.520943063523105,0.20973828280578113,5,1.046875,1.046875,0.90625,0.0,0.0,0.0,0.0,0.4816217420360882,0.0,0.0,0.09950248756218905,0.0,0.0,0.11307100859339664,0.02261420171867933,0.0,0.0,0.04975124378109452,0.0,0.0,0.013568521031207597,0.0,0.21987079527734463,0.0,0.029850746268656716,0.0,0.014925373134328358,0.4626865671641791,0.0,0.0,0.13432835820895522,0.0,0.0,0.13432835820895522,0.0,0.0,0.0,0.0,0.0,0.0,0.0,0.0,0.22388059701492538
12.0,82,0.0513069135512244,0.7868139498954905,3.4736343941918264,0.05449649037759723,0.8232312262883594,3.5264486828338297,0.381746860105069,4,1.046875,1.046875,1.0,0.0,0.023518769787426504,0.0,0.023518769787426504,0.45861601085481685,0.0,0.0,0.025487944890929964,0.0,0.0,0.11759384893713253,0.0,0.0,0.0,0.01928817451205511,0.005597014925373134,0.0,0.15287200361827227,0.0,0.17350746268656717,0.0,0.04477611940298507,0.0,0.029850746268656716,0.4626865671641791,0.0,0.0,0.14925373134328357,0.0,0.0,0.1044776119402985,0.0,0.0,0.0,0.0,0.0,0.0,0.0,0.0,0.208955223880597
12.0,83,0.05471568732773083,0.8131094495426479,3.4761065392936037,0.05563990157460111,0.8290055667240299,3.5145058478937403,0.29529276693455797,5,1.046875,1.046875,0.953125,0.0,0.020665901262916193,0.0,0.020665901262916193,0.47531572904707237,0.0,0.0,0.14925373134328357,0.061997703788748575,0.0,0.09299655568312286,0.05235361653272101,0.0,0.0,0.0,0.0,0.0,0.0,0.0,0.1267508610792193,0.0,0.029850746268656716,0.0,0.0,0.4626865671641791,0.0,0.0,0.14925373134328357,0.0,0.0,0.14925373134328357,0.0,0.0,0.0,0.0,0.0,0.0,0.0,0.0,0.208955223880597
12.0,84,0.05513118016108878,0.8028703143133619,3.4193751862699333,0.05492948764011889,0.8258407216887683,3.5236561327839153,0.5423168249660788,4,1.046875,1.046875,0.953125,0.0,0.04316877152698049,0.0,0.04316877152698049,0.5396096440872561,0.0,0.0,0.035278154681139755,0.07554535017221585,0.0,0.0,0.018995929443690638,0.0,0.0,0.021709633649932156,0.0,0.0228544776119403,0.013568521031207597,0.0,0.18610074626865672,0.0,0.029850746268656716,0.0,0.014925373134328358,0.4626865671641791,0.0,0.0,0.14925373134328357,0.0,0.0,0.13432835820895522,0.0,0.0,0.0,0.0,0.0,0.0,0.0,0.0,0.208955223880597
12.0,85,0.06164012406610531,0.8413379173160774,3.388743597060379,0.053038877711988244,0.8165693258749759,3.545650291678519,0.43646105138642455,5,1.046875,1.046875,0.96875,0.0,0.021125143513203215,0.0,0.04225028702640643,0.5281285878300804,0.0,0.047037539574853,0.0506558118498417,0.0,0.0,0.09506314580941447,0.056716417910447764,0.0,0.0,0.0,0.0,0.0,0.02170963364993216,0.0,0.1373134328358209,0.0,0.04477611940298507,0.0,0.014925373134328358,0.4626865671641791,0.0,0.0,0.16417910447761194,0.0,0.0,0.1044776119402985,0.0,0.0,0.0,0.0,0.0,0.0,0.0,0.0,0.208955223880597
12.0,86,0.06033991672855605,0.8421513728668798,3.4283709597093805,0.05088047869372768,0.8061872307914778,3.574047505676844,0.3496438263229309,5,1.046875,1.046875,0.96875,0.0,0.0023320895522388058,0.0,0.0046641791044776115,0.5457089552238806,0.0,0.003498134328358209,0.04206241519674356,0.0,0.0,0.12593283582089554,0.023066485753052916,0.0,0.0,0.00792910447761194,0.0,0.0,0.024423337856173673,0.0,0.22038246268656717,0.0,0.029850746268656716,0.0,0.014925373134328358,0.4626865671641791,0.0,0.0,0.1791044776119403,0.0,0.0,0.1044776119402985,0.0,0.0,0.0,0.0,0.0,0.0,0.0,0.0,0.208955223880597
12.0,87,0.054663283423910136,0.8116050456291263,3.4713378284810235,0.054692667608698765,0.8240502133116057,3.5236204589910534,0.44459520578923556,4,1.046875,1.046875,0.90625,0.0,0.0,0.0,0.013116236996834011,0.5115332428765265,0.0,0.0,0.22297602894617818,0.0,0.0,0.1180461329715061,0.026458616010854814,0.0,0.0,0.018317503392130258,0.0,0.0,0.026458616010854814,0.0,0.06309362279511534,0.0,0.04477611940298507,0.0,0.029850746268656716,0.4626865671641791,0.0,0.0,0.13432835820895522,0.0,0.0,0.1044776119402985,0.0,0.0,0.0,0.0,0.0,0.0,0.0,0.0,0.22388059701492538
12.0,88,0.05150492028059665,0.7939682565356586,3.4984750393804696,0.05445168817249553,0.8233609200574952,3.5284549381430654,0.4667762713581415,4,1.0625,1.046875,1.0,0.0,0.007695895522388059,0.0,0.020522388059701493,0.5123635553575406,0.0,0.0,0.05097588978185993,0.05387126865671642,0.0,0.04617537313432836,0.03591417910447761,0.0,0.0,0.03857634902411022,0.0,0.0,0.0,0.0,0.2339051013588773,0.0,0.029411764705882353,0.0,0.0,0.45588235294117646,0.0,0.0,0.16176470588235295,0.0,0.0,0.14705882352941177,0.0,0.0,0.0,0.0,0.0,0.0,0.0,0.0,0.20588235294117646
12.0,89,0.04534735964068161,0.7548219355198715,3.544610420372709,0.05549736302268701,0.8281865797007837,3.5155397654368645,0.478901287321871,5,1.046875,1.046875,0.9375,0.005970149253731343,0.013930348258706468,0.009950248756218905,0.03383084577114428,0.45431931252826774,0.0,0.0,0.10024504343951883,0.046359113523292625,0.0,0.05572139303482587,0.0,0.0,0.0,0.11126187245590231,0.0,0.0,0.03207841390064602,0.0,0.1363332590777456,0.0,0.029850746268656716,0.0,0.0,0.4626865671641791,0.0,0.0,0.16417910447761194,0.0,0.0,0.14925373134328357,0.0,0.0,0.0,0.0,0.0,0.0,0.0,0.0,0.19402985074626866
12.0,90,0.05809880251396847,0.8336528897223207,3.45861060932048,0.05583447180889758,0.8298245537472762,3.5118428613832418,0.2647582980619292,5,1.046875,1.046875,0.984375,0.0,0.020522388059701493,0.0,0.030783582089552237,0.5027985074626866,0.0,0.0,0.12296725328580975,0.0,0.0,0.10261194029850747,0.061483626642904875,0.0,0.0,0.0,0.0,0.0,0.0,0.0,0.1588327021608376,0.0,0.029850746268656716,0.0,0.0,0.4626865671641791,0.0,0.0,0.13432835820895522,0.0,0.0,0.14925373134328357,0.0,0.0,0.0,0.0,0.0,0.0,0.0,0.0,0.22388059701492538
12.0,91,0.05918697099877461,0.8360332665474401,3.4364537352254834,0.05580537147127876,0.829884873801665,3.5130137298566706,0.22007445291027383,5,1.046875,1.046875,0.984375,0.0,0.037991858887381276,0.0,0.038576349024110224,0.4918484500574053,0.0,0.0,0.16417910447761194,0.06331976481230213,0.0,0.09644087256027556,0.0,0.0,0.0,0.0,0.0,0.0,0.0,0.0,0.10764360018091361,0.0,0.029850746268656716,0.0,0.014925373134328358,0.5074626865671642,0.0,0.0,0.14925373134328357,0.0,0.0,0.1044776119402985,0.0,0.0,0.0,0.0,0.0,0.0,0.0,0.0,0.19402985074626866
12.0,92,0.05182688469797518,0.7905123571836381,3.4724109015879185,0.05414749501592129,0.8211085075683366,3.5286726140449516,0.3446221688759002,5,1.046875,1.046875,1.0,0.002798507462686567,0.03324287652645862,0.0,0.022161917684305744,0.4764812302125735,0.0,0.0,0.05097588978185993,0.0,0.0,0.11080958842152873,0.0,0.0,0.0,0.03857634902411022,0.0,0.08864767073722297,0.0,0.0,0.17630597014925373,0.0,0.05970149253731343,0.0,0.0,0.4626865671641791,0.0,0.0,0.14925373134328357,0.0,0.0,0.1044776119402985,0.0,0.0,0.0,0.0,0.0,0.0,0.0,0.0,0.22388059701492538
12.0,93,0.055546342350669436,0.8105171542637182,3.4390182275267493,0.05583447180889758,0.8298245537472762,3.5118428613832418,0.4159343144417771,5,1.046875,1.046875,0.75,0.0,0.029850746268656716,0.0,0.03168771526980482,0.4753157290470723,0.0,0.0,0.13432835820895522,0.04225028702640643,0.0,0.09506314580941447,0.04225028702640643,0.0,0.0,0.03165988240615106,0.0,0.0,0.047489823609226586,0.0,0.07010402532790593,0.0,0.029850746268656716,0.0,0.0,0.4626865671641791,0.0,0.0,0.13432835820895522,0.0,0.0,0.14925373134328357,0.0,0.0,0.0,0.0,0.0,0.0,0.0,0.0,0.22388059701492538
12.0,94,0.04478780408857109,0.7505861186078513,3.5466688725829756,0.05709570390555415,0.83540382974902,3.4961877445161234,0.46641876724300424,4,1.046875,1.046875,0.984375,0.0,0.015154994259471873,0.0,0.017680826636050518,0.5060849598163031,0.0,0.0,0.10425484517709958,0.02273249138920781,0.0,0.04546498277841562,0.0,0.0,0.0,0.040098017375807524,0.0,0.06107921928817451,0.06314580941446614,0.0,0.12430385386500334,0.0,0.04477611940298507,0.0,0.014925373134328358,0.4626865671641791,0.0,0.0,0.14925373134328357,0.0,0.0,0.13432835820895522,0.0,0.0,0.0,0.0,0.0,0.0,0.0,0.0,0.19402985074626866
12.0,95,0.0509007237906003,0.8011446446676448,3.550985958550407,0.05449649037759723,0.8232312262883594,3.5264486828338297,0.23417659835152593,5,1.046875,1.046875,0.984375,0.0,0.02494987747828024,0.0,0.01247493873914012,0.49899754956560477,0.0,0.0,0.21207395856538205,0.0,0.0,0.08732457117398083,0.0,0.0,0.0,0.0,0.0,0.017957089552238806,0.0,0.0,0.14622201492537312,0.0,0.04477611940298507,0.0,0.029850746268656716,0.4626865671641791,0.0,0.0,0.14925373134328357,0.0,0.0,0.1044776119402985,0.0,0.0,0.0,0.0,0.0,0.0,0.0,0.0,0.208955223880597
12.0,96,0.06124289888096144,0.8408170412707707,3.3976108544677617,0.05492948764011889,0.8258407216887683,3.5236561327839153,0.3752009184845006,5,1.046875,1.046875,1.0,0.0,0.020206659012629163,0.0,0.030309988518943745,0.5152698048220437,0.0,0.0,0.05464982778415614,0.04982778415614236,0.0,0.09092996555683124,0.06980482204362802,0.0,0.0,0.0,0.0,0.0,0.0,0.0,0.16900114810562572,0.0,0.029850746268656716,0.0,0.014925373134328358,0.4626865671641791,0.0,0.0,0.14925373134328357,0.0,0.0,0.13432835820895522,0.0,0.0,0.0,0.0,0.0,0.0,0.0,0.0,0.208955223880597
12.0,97,0.057278201216359605,0.8243884459969524,3.4445874188135712,0.05184484417067698,0.8107264124848386,3.5605864543263412,0.42801377726750867,5,1.046875,1.046875,0.90625,0.0,0.0,0.0,0.04041331802525833,0.5152698048220437,0.0,0.0,0.08495981630309987,0.0,0.0,0.10103329506314582,0.056716417910447764,0.0,0.0,0.0642939150401837,0.0,0.0,0.0,0.0,0.1373134328358209,0.0,0.04477611940298507,0.0,0.0,0.4626865671641791,0.0,0.0,0.16417910447761194,0.0,0.0,0.1044776119402985,0.0,0.0,0.0,0.0,0.0,0.0,0.0,0.0,0.22388059701492538
12.0,98,0.057597507178501095,0.8140949918098461,3.3921358693527806,0.05563990157460111,0.8290055667240299,3.5145058478937403,0.5657864523536164,5,1.046875,1.046875,1.0,0.0,0.01285878300803674,0.00642939150401837,0.07347876004592423,0.52353616532721,0.0,0.0,0.023421354764638348,0.018369690011481057,0.0,0.03857634902411022,0.07416762342135477,0.0,0.0,0.0,0.0,0.0,0.04959816303099886,0.0,0.17956371986222736,0.0,0.029850746268656716,0.0,0.0,0.4626865671641791,0.0,0.0,0.14925373134328357,0.0,0.0,0.14925373134328357,0.0,0.0,0.0,0.0,0.0,0.0,0.0,0.0,0.208955223880597
12.0,99,0.054220986068687076,0.7932875226880937,3.4068021901360863,0.05549736302268701,0.8281865797007837,3.5155397654368645,0.545519157459456,5,1.046875,1.046875,0.765625,0.0,0.014925373134328358,0.0,0.06806874717322478,0.4764812302125735,0.0,0.0,0.0065581184984170055,0.07036247334754797,0.0,0.049040511727078885,0.05834464043419267,0.0,0.0,0.004522840343735866,0.0065298507462686565,0.038896426956128445,0.003844414292175486,0.0,0.20242537313432835,0.0,0.029850746268656716,0.0,0.0,0.4626865671641791,0.0,0.0,0.16417910447761194,0.0,0.0,0.14925373134328357,0.0,0.0,0.0,0.0,0.0,0.0,0.0,0.0,0.19402985074626866
12.0,100,0.0574545935615436,0.8108459063271234,3.382797103613039,0.05435234482887809,0.8224122392651132,3.5276088421556313,0.573134328358209,5,1.046875,1.046875,0.9375,0.010447761194029851,0.013930348258706466,0.0,0.029601990049751243,0.5522388059701493,0.0,0.0,0.06558118498417005,0.07349615558570782,0.0,0.05049751243781094,0.02939846223428313,0.0,0.0,0.04522840343735866,0.0,0.0,0.03844414292175486,0.0,0.0911352329262777,0.0,0.04477611940298507,0.0,0.029850746268656716,0.4626865671641791,0.0,0.0,0.16417910447761194,0.0,0.0,0.1044776119402985,0.0,0.0,0.0,0.0,0.0,0.0,0.0,0.0,0.19402985074626866
12.0,101,0.06121095362998119,0.8403586437648372,3.396644528386185,0.05508756939243283,0.8261043590771617,3.519719939616663,0.35706084959816303,5,1.046875,1.046875,0.96875,0.0,0.011251435132032148,0.0011307100859339666,0.033754305396096446,0.5175660160734787,0.0,0.00396455223880597,0.007462686567164179,0.0,0.0,0.10126291618828932,0.06750861079219289,0.0,0.0,0.0,0.0,0.0,0.006331976481230212,0.0,0.24976679104477614,0.0,0.014925373134328358,0.0,0.014925373134328358,0.4626865671641791,0.0,0.0,0.13432835820895522,0.0,0.0,0.14925373134328357,0.0,0.0,0.0,0.0,0.0,0.0,0.0,0.0,0.22388059701492538
12.0,102,0.05802346795376273,0.8149782924542182,3.3833287565279546,0.05385131544652711,0.8205531579334837,3.535969929165671,0.4951466444003758,4,1.046875,1.046875,1.015625,0.0,0.011481056257175661,0.0,0.034443168771526984,0.5051664753157291,0.0,0.0,0.047489823609226586,0.045924225028702644,0.0,0.09184845005740529,0.05740528128587831,0.012629161882893227,0.0,0.0,0.0,0.012629161882893227,0.04206241519674356,0.0,0.13892078071182548,0.0,0.04477611940298507,0.0,0.0,0.4626865671641791,0.0,0.0,0.14925373134328357,0.0,0.0,0.11940298507462686,0.0,0.0,0.0,0.0,0.0,0.0,0.0,0.0,0.22388059701492538
12.0,103,0.0551606435471765,0.8097291397901946,3.4476653679901514,0.05598683100567993,0.8307038608249112,3.510777334524022,0.3219718714121699,5,1.046875,1.046875,0.875,0.0,0.04617537313432836,0.0,0.030998851894374287,0.4443168771526981,0.0,0.0,0.11800373134328358,0.041331802525832385,0.0,0.09299655568312286,0.061997703788748575,0.0,0.012629161882893227,0.0,0.0,0.012629161882893227,0.0,0.0,0.13892078071182548,0.0,0.029850746268656716,0.0,0.014925373134328358,0.5074626865671642,0.0,0.0,0.13432835820895522,0.0,0.0,0.1044776119402985,0.0,0.0,0.0,0.0,0.0,0.0,0.0,0.0,0.208955223880597
12.0,104,0.051710019832415445,0.7911324418650251,3.479059383931012,0.054301776315335386,0.8226758766535065,3.530382360106943,0.4129285728751088,5,1.046875,1.046875,0.84375,0.0,0.023518769787426504,0.0,0.011759384893713252,0.45861601085481685,0.0,0.14111261872455902,0.08687903764758298,0.011759384893713252,0.0,0.10583446404341926,0.023518769787426504,0.0,0.0,0.03007351303185565,0.0,0.0,0.0,0.0,0.10692804633548675,0.0,0.029850746268656716,0.0,0.029850746268656716,0.4626865671641791,0.0,0.0,0.14925373134328357,0.0,0.0,0.11940298507462686,0.0,0.0,0.0,0.0,0.0,0.0,0.0,0.0,0.208955223880597
12.0,105,0.05384967802196576,0.7980873623689179,3.439211453276212,0.055123341611338215,0.8266597087120146,3.520943063523105,0.5610114595189222,5,1.046875,1.046875,0.9375,0.0,0.015636105188343994,0.0,0.02345415778251599,0.5373134328358209,0.0,0.0,0.05947187141216991,0.07296849087893864,0.0,0.05212035062781331,0.0,0.0,0.0,0.04500574052812859,0.0,0.0,0.07937584803256446,0.0,0.11465400271370421,0.0,0.029850746268656716,0.0,0.014925373134328358,0.4626865671641791,0.0,0.0,0.13432835820895522,0.0,0.0,0.13432835820895522,0.0,0.0,0.0,0.0,0.0,0.0,0.0,0.0,0.22388059701492538
12.0,106,0.059705501728114604,0.8395143954537563,3.4357453819340154,0.05385131544652711,0.8205531579334837,3.535969929165671,0.28285978519883614,4,1.046875,1.046875,0.953125,0.0,0.04210291824459791,0.004522840343735866,0.04210291824459791,0.4912007128536422,0.0,0.0,0.03165988240615106,0.0,0.0,0.09824014257072845,0.0,0.0,0.0,0.0235187697874265,0.0,0.0,0.0,0.0,0.2666518155491201,0.0,0.04477611940298507,0.0,0.0,0.4626865671641791,0.0,0.0,0.14925373134328357,0.0,0.0,0.11940298507462686,0.0,0.0,0.0,0.0,0.0,0.0,0.0,0.0,0.22388059701492538
12.0,107,0.05257569625810588,0.8004944774265077,3.4911284138158694,0.05563990157460111,0.8290055667240299,3.5145058478937403,0.3646522631597258,4,1.046875,1.046875,0.984375,0.0,0.046842709529276695,0.0,0.03188602442333786,0.45703301673450925,0.0,0.0,0.11940298507462686,0.0,0.0,0.09565807327001356,0.0,0.0,0.0,0.11691542288557213,0.0,0.01653272101033295,0.0,0.0,0.11572904707233066,0.0,0.029850746268656716,0.0,0.0,0.4626865671641791,0.0,0.0,0.14925373134328357,0.0,0.0,0.14925373134328357,0.0,0.0,0.0,0.0,0.0,0.0,0.0,0.0,0.208955223880597
12.0,108,0.05641003154359893,0.8148432313654338,3.430803868202642,0.05492948764011889,0.8258407216887683,3.5236561327839153,0.4666318755870994,5,1.046875,1.046875,0.9375,0.0,0.021584385763490244,0.0013568521031207597,0.021584385763490244,0.5072330654420206,0.0,0.04206241519674356,0.04613297150610583,0.06475315729047072,0.0,0.08633754305396098,0.0,0.0,0.0,0.07393800229621125,0.0,0.0,0.0,0.0,0.13501722158438575,0.0,0.029850746268656716,0.0,0.014925373134328358,0.4626865671641791,0.0,0.0,0.14925373134328357,0.0,0.0,0.13432835820895522,0.0,0.0,0.0,0.0,0.0,0.0,0.0,0.0,0.208955223880597
12.0,109,0.057355671939102834,0.8207685526753605,3.427145337796017,0.05414749501592129,0.8211085075683366,3.5286726140449516,0.35783045481375864,5,1.046875,1.046875,0.921875,0.0,0.023744911804613297,0.0,0.058183657981280036,0.47118254879448906,0.0,0.0,0.04115784712799638,0.0,0.0,0.09107007336200354,0.0661308840413318,0.0,0.0,0.018995929443690638,0.0065298507462686565,0.0,0.02057892356399819,0.0,0.20242537313432835,0.0,0.05970149253731343,0.0,0.0,0.4626865671641791,0.0,0.0,0.14925373134328357,0.0,0.0,0.1044776119402985,0.0,0.0,0.0,0.0,0.0,0.0,0.0,0.0,0.22388059701492538
12.0,110,0.05254289008170716,0.8062151886059877,3.51717515893571,0.0552911101296205,0.8272150583468673,3.517959024515953,0.30828831588327016,5,1.046875,1.046875,0.984375,0.0,0.025840944531075962,0.0,0.012920472265537981,0.5038984183559813,0.0,0.0,0.23256850077968366,0.0,0.0,0.09044330585876587,0.0,0.0,0.014692164179104478,0.0,0.0,0.0,0.0,0.0,0.11963619402985075,0.0,0.04477611940298507,0.0,0.014925373134328358,0.4626865671641791,0.0,0.0,0.13432835820895522,0.0,0.0,0.11940298507462686,0.0,0.0,0.0,0.0,0.0,0.0,0.0,0.0,0.22388059701492538
12.0,111,0.05383737072866619,0.8019958033811506,3.456449171323459,0.05494935482364556,0.8255770843003748,3.5218944068948983,0.4001669971819226,5,1.046875,1.046875,0.890625,0.0,0.041977611940298504,0.0,0.032564450474898234,0.4450474898236092,0.0,0.0,0.10727611940298507,0.010854816824966078,0.0,0.0976933514246947,0.03926521239954076,0.0,0.0,0.13025780189959293,0.0,0.0020665901262916187,0.0,0.0,0.09299655568312284,0.0,0.04477611940298507,0.0,0.014925373134328358,0.4626865671641791,0.0,0.0,0.16417910447761194,0.0,0.0,0.11940298507462686,0.0,0.0,0.0,0.0,0.0,0.0,0.0,0.0,0.19402985074626866
12.0,112,0.05390687386542168,0.8029073821983315,3.458146418060362,0.05278861638337149,0.8154586266052702,3.5492107796239822,0.3543471453919216,4,1.046875,1.046875,0.984375,0.0,0.033754305396096446,0.0,0.011251435132032148,0.4838117106773823,0.0,0.0,0.023744911804613293,0.04500574052812859,0.0,0.10126291618828932,0.0,0.0,0.0,0.0,0.0,0.05625717566016074,0.02103120759837178,0.0,0.22388059701492538,0.0,0.014925373134328358,0.0,0.014925373134328358,0.4626865671641791,0.0,0.0,0.16417910447761194,0.0,0.0,0.13432835820895522,0.0,0.0,0.0,0.0,0.0,0.0,0.0,0.0,0.208955223880597
12.0,113,0.05376344015421594,0.7974715560095644,3.4393128052731847,0.054301776315335386,0.8226758766535065,3.530382360106943,0.4796330845771144,5,1.046875,1.046875,0.90625,0.0,0.024875621890547265,0.0,0.012437810945273632,0.4975124378109453,0.0,0.11194029850746268,0.05946828358208955,0.0,0.0,0.09950248756218906,0.0,0.0,0.00816231343283582,0.0746268656716418,0.0032649253731343282,0.006996268656716417,0.0,0.0,0.10121268656716417,0.0,0.029850746268656716,0.0,0.029850746268656716,0.4626865671641791,0.0,0.0,0.14925373134328357,0.0,0.0,0.11940298507462686,0.0,0.0,0.0,0.0,0.0,0.0,0.0,0.0,0.208955223880597
12.0,114,0.05064464025384982,0.7990097006845082,3.5504655804905294,0.05351602032162213,0.8191788212753848,3.541088742907328,0.2518517487190911,5,1.046875,1.046875,0.90625,0.0,0.0253954110046781,0.0,0.0253954110046781,0.48251280908888394,0.0,0.0,0.2285586990421029,0.0,0.0,0.08888393851637336,0.0,0.0,0.0,0.0,0.0,0.01632462686567164,0.0,0.0,0.13292910447761191,0.0,0.029850746268656716,0.0,0.0,0.4626865671641791,0.0,0.0,0.16417910447761194,0.0,0.0,0.13432835820895522,0.0,0.0,0.0,0.0,0.0,0.0,0.0,0.0,0.208955223880597
12.0,115,0.05439225446402483,0.7978173178528498,3.4208570718445475,0.05435234482887809,0.8224122392651132,3.5276088421556313,0.5621473054308876,4,1.046875,1.046875,0.984375,0.0,0.01285878300803674,0.0,0.014695752009184845,0.5671641791044776,0.0,0.0,0.04590682948891904,0.022043628013777267,0.0,0.03490241102181401,0.061079219288174516,0.0,0.0,0.031659882406151064,0.0,0.03490241102181401,0.026910900045228402,0.0,0.1478760045924225,0.0,0.04477611940298507,0.0,0.029850746268656716,0.4626865671641791,0.0,0.0,0.16417910447761194,0.0,0.0,0.1044776119402985,0.0,0.0,0.0,0.0,0.0,0.0,0.0,0.0,0.19402985074626866
12.0,116,0.053603412304929675,0.8077634514647535,3.488895651317889,0.05492948764011889,0.8258407216887683,3.5236561327839153,0.30652165482335136,4,1.046875,1.046875,0.890625,0.0,0.014139827179890022,0.0,0.03063629222309505,0.46475315729047073,0.0,0.0,0.11583871686344396,0.04041331802525833,0.0,0.10103329506314582,0.05051664753157291,0.0,0.0,0.04455335263978614,0.0,0.0,0.0,0.0,0.13811539318333704,0.0,0.029850746268656716,0.0,0.014925373134328358,0.4626865671641791,0.0,0.0,0.14925373134328357,0.0,0.0,0.13432835820895522,0.0,0.0,0.0,0.0,0.0,0.0,0.0,0.0,0.208955223880597
12.0,117,0.056556071518696266,0.8187190965700442,3.4426692695853376,0.053018144489801994,0.8168329632633693,3.547488474793131,0.2982204362801377,4,1.046875,1.046875,1.0,0.0,0.011021814006888633,0.0,0.022043628013777267,0.48495981630309987,0.0,0.0037313432835820895,0.039179104477611935,0.05510907003444317,0.0,0.0991963260619977,0.04408725602755453,0.005597014925373134,0.0,0.0,0.0,0.0,0.0,0.0,0.23507462686567163,0.0,0.029850746268656716,0.0,0.014925373134328358,0.4626865671641791,0.0,0.0,0.14925373134328357,0.0,0.0,0.11940298507462686,0.0,0.0,0.0,0.0,0.0,0.0,0.0,0.0,0.22388059701492538
12.0,118,0.05556857237153534,0.8064745552632402,3.4211809888101117,0.05407159594619809,0.821037902607014,3.530844670180945,0.5429142167948139,5,1.046875,1.046875,0.984375,0.0,0.009328358208955223,0.0,0.018656716417910446,0.5373134328358209,0.0,0.0,0.047489823609226586,0.06633499170812604,0.0,0.053067993366500824,0.056716417910447764,0.0,0.0,0.03171641791044776,0.0,0.0,0.04206241519674356,0.0,0.1373134328358209,0.0,0.029850746268656716,0.0,0.029850746268656716,0.4626865671641791,0.0,0.0,0.1791044776119403,0.0,0.0,0.11940298507462686,0.0,0.0,0.0,0.0,0.0,0.0,0.0,0.0,0.1791044776119403
12.0,119,0.05699681855406184,0.8236560392557107,3.450011793576528,0.052144532437708335,0.8120301441816151,3.556049212640868,0.3699892147653342,4,1.046875,1.046875,1.0,0.0,0.021584385763490244,0.0,0.0,0.5180252583237658,0.0,0.003498134328358209,0.03957485300768882,0.06475315729047072,0.0,0.09712973593570609,0.0,0.0,0.0,0.0,0.0,0.0,0.03505201266395296,0.0,0.22038246268656717,0.0,0.029850746268656716,0.0,0.029850746268656716,0.4626865671641791,0.0,0.0,0.1791044776119403,0.0,0.0,0.1044776119402985,0.0,0.0,0.0,0.0,0.0,0.0,0.0,0.0,0.19402985074626866
12.0,120,0.05670672894734555,0.8200830441609496,3.44382071841207,0.05492948764011889,0.8258407216887683,3.5236561327839153,0.32910186828097265,5,1.046875,1.046875,1.0,0.0,0.021584385763490244,0.0,0.03237657864523536,0.5072330654420206,0.0,0.0,0.047489823609226586,0.05396096440872561,0.0,0.08633754305396098,0.0,0.0,0.0,0.0,0.0065298507462686565,0.0,0.04206241519674356,0.0,0.20242537313432835,0.0,0.029850746268656716,0.0,0.014925373134328358,0.4626865671641791,0.0,0.0,0.14925373134328357,0.0,0.0,0.13432835820895522,0.0,0.0,0.0,0.0,0.0,0.0,0.0,0.0,0.208955223880597
12.0,121,0.05209858549099132,0.7929287134009477,3.4739309243747245,0.0537604700358474,0.8202426168609873,3.5376169111949802,0.39487711891496313,5,1.0625,1.046875,0.921875,0.0,0.023518769787426504,0.0,0.011759384893713252,0.45861601085481685,0.0,0.16463138851198553,0.08687903764758298,0.0,0.0,0.11759384893713253,0.0,0.0,0.0,0.03007351303185565,0.0,0.0,0.0,0.0,0.10692804633548675,0.0,0.029411764705882353,0.0,0.014705882352941176,0.45588235294117646,0.0,0.0,0.16176470588235295,0.0,0.0,0.1323529411764706,0.0,0.0,0.0,0.0,0.0,0.0,0.0,0.0,0.20588235294117646
12.0,122,0.04874628348158395,0.779611209288454,3.5310780720412906,0.05563990157460111,0.8290055667240299,3.5145058478937403,0.3715269804822044,5,1.046875,1.046875,0.890625,0.0,0.030998851894374287,0.0,0.041331802525832385,0.4856486796785304,0.0,0.0,0.14246947082767977,0.061997703788748575,0.0,0.008266360505166475,0.05166475315729048,0.0,0.0,0.0,0.0,0.006659012629161883,0.0,0.0,0.17096336499321574,0.0,0.029850746268656716,0.0,0.0,0.4626865671641791,0.0,0.0,0.14925373134328357,0.0,0.0,0.14925373134328357,0.0,0.0,0.0,0.0,0.0,0.0,0.0,0.0,0.208955223880597
12.0,123,0.05293700332391559,0.8116339713655834,3.527609795455089,0.054757972178295186,0.8244663850306693,3.523297170051807,0.17221584385763497,5,1.046875,1.046875,0.921875,0.0,0.020665901262916193,0.0,0.030998851894374287,0.47531572904707237,0.0,0.0,0.14925373134328357,0.05166475315729048,0.0,0.09299655568312286,0.0,0.0,0.0,0.0,0.0,0.0,0.0,0.0,0.1791044776119403,0.0,0.014925373134328358,0.0,0.014925373134328358,0.4626865671641791,0.0,0.0,0.16417910447761194,0.0,0.0,0.14925373134328357,0.0,0.0,0.0,0.0,0.0,0.0,0.0,0.0,0.19402985074626866
12.0,124,0.05147354630937064,0.7990911782729229,3.522121156327864,0.05492948764011889,0.8258407216887683,3.5236561327839153,0.2578018995929444,5,1.046875,1.046875,0.890625,0.0,0.03770620581304006,0.0,0.0,0.42333785617367703,0.0,0.0,0.12890094979647218,0.0,0.0,0.14139827179890022,0.0,0.0,0.0,0.11397557666214383,0.0,0.0,0.0,0.0,0.1546811397557666,0.0,0.029850746268656716,0.0,0.014925373134328358,0.4626865671641791,0.0,0.0,0.14925373134328357,0.0,0.0,0.13432835820895522,0.0,0.0,0.0,0.0,0.0,0.0,0.0,0.0,0.208955223880597
12.0,125,0.048576555689447104,0.7787518990006357,3.533342682664859,0.05492948764011889,0.8258407216887683,3.5236561327839153,0.23609226594301222,4,1.046875,1.046875,1.0,0.0,0.032564450474898234,0.0,0.032564450474898234,0.4559023066485753,0.0,0.0,0.12890094979647218,0.010854816824966078,0.0,0.0976933514246947,0.0,0.0,0.0,0.0,0.0,0.08683853459972862,0.0,0.0,0.1546811397557666,0.0,0.029850746268656716,0.0,0.014925373134328358,0.4626865671641791,0.0,0.0,0.14925373134328357,0.0,0.0,0.13432835820895522,0.0,0.0,0.0,0.0,0.0,0.0,0.0,0.0,0.208955223880597
12.0,126,0.06155304295607379,0.8394877006871022,3.3836822550442607,0.05243185941279285,0.8136681182281076,3.553445587834309,0.3910169432557492,5,1.046875,1.046875,0.921875,0.0,0.03821800090456807,0.0,0.038576349024110224,0.4918484500574053,0.0,0.0,0.08525554047942108,0.07869742198100406,0.0,0.09644087256027556,0.026458616010854814,0.0,0.0,0.044097693351424695,0.0,0.0,0.0,0.0,0.10040705563093621,0.0,0.029850746268656716,0.0,0.029850746268656716,0.4626865671641791,0.0,0.0,0.14925373134328357,0.0,0.0,0.1044776119402985,0.0,0.0,0.0,0.0,0.0,0.0,0.0,0.0,0.22388059701492538
12.0,127,0.05295598903248472,0.8056204475143278,3.5008454512583467,0.05243185941279285,0.8136681182281076,3.553445587834309,0.27278304230854905,5,1.046875,1.046875,0.953125,0.0,0.0,0.0,0.03168771526980482,0.4964408725602755,0.0,0.0,0.12163065270661619,0.06337543053960965,0.0,0.09506314580941447,0.0,0.0,0.0,0.0,0.0,0.0,0.03742481621742036,0.0,0.154377366896859,0.0,0.029850746268656716,0.0,0.029850746268656716,0.4626865671641791,0.0,0.0,0.14925373134328357,0.0,0.0,0.1044776119402985,0.0,0.0,0.0,0.0,0.0,0.0,0.0,0.0,0.22388059701492538
12.0,128,0.05494000314499135,0.8250260914821262,3.519843412118292,0.05563990157460111,0.8290055667240299,3.5145058478937403,0.17935497338482415,5,1.046875,1.046875,0.984375,0.0,0.020206659012629163,0.0,0.030309988518943745,0.5152698048220437,0.0,0.0,0.15603799185888736,0.0,0.0,0.09092996555683124,0.0,0.0,0.0,0.0,0.0,0.0,0.0,0.0,0.18724559023066484,0.0,0.029850746268656716,0.0,0.0,0.4626865671641791,0.0,0.0,0.14925373134328357,0.0,0.0,0.14925373134328357,0.0,0.0,0.0,0.0,0.0,0.0,0.0,0.0,0.208955223880597
12.0,129,0.05486740487195292,0.8114813856674139,3.4643467336606504,0.055972255260240966,0.8303799033821291,3.5098651165544794,0.3645594144661308,5,1.046875,1.046875,0.984375,0.003031716417910448,0.04133180252583238,0.0,0.018656716417910446,0.5373134328358209,0.0,0.0,0.08725602755453502,0.03731343283582089,0.0,0.03544776119402985,0.027985074626865673,0.0,0.0,0.0,0.0,0.02066590126291619,0.0,0.0,0.19099813432835822,0.0,0.04477611940298507,0.0,0.0,0.4626865671641791,0.0,0.0,0.13432835820895522,0.0,0.0,0.13432835820895522,0.0,0.0,0.0,0.0,0.0,0.0,0.0,0.0,0.22388059701492538
12.0,130,0.05429316421976825,0.801718791774181,3.440721226419388,0.054301776315335386,0.8226758766535065,3.530382360106943,0.4155359565807327,5,1.046875,1.046875,0.875,0.0,0.0,0.0,0.035278154681139755,0.4938941655359566,0.0,0.0,0.020352781546811395,0.0,0.0,0.10583446404341926,0.010854816824966078,0.0,0.0,0.14111261872455902,0.005597014925373134,0.0,0.013568521031207597,0.0,0.17350746268656717,0.0,0.029850746268656716,0.0,0.029850746268656716,0.4626865671641791,0.0,0.0,0.14925373134328357,0.0,0.0,0.11940298507462686,0.0,0.0,0.0,0.0,0.0,0.0,0.0,0.0,0.208955223880597
12.0,131,0.05446745965144524,0.803375032816459,3.442308351238983,0.05583447180889758,0.8298245537472762,3.5118428613832418,0.48255227359704966,5,1.046875,1.046875,0.875,0.0,0.058553386911595874,0.0,0.032564450474898234,0.4233378561736771,0.0,0.0,0.03165988240615106,0.010854816824966078,0.0,0.10854816824966078,0.0,0.0,0.0,0.14111261872455902,0.0,0.0,0.02804161013116237,0.0,0.1653272101033295,0.0,0.029850746268656716,0.0,0.0,0.4626865671641791,0.0,0.0,0.13432835820895522,0.0,0.0,0.14925373134328357,0.0,0.0,0.0,0.0,0.0,0.0,0.0,0.0,0.22388059701492538
12.0,132,0.05479371615954359,0.8082295364352591,3.4527834368654826,0.05492948764011889,0.8258407216887683,3.5236561327839153,0.37476950909786727,5,1.046875,1.046875,0.921875,0.0,0.022043628013777267,0.0,0.0330654420206659,0.48495981630309987,0.0,0.0,0.13432835820895522,0.0330654420206659,0.0,0.08817451205510907,0.05510907003444317,0.0,0.0,0.0,0.0,0.0,0.05879692446856625,0.0,0.09045680687471731,0.0,0.029850746268656716,0.0,0.014925373134328358,0.4626865671641791,0.0,0.0,0.14925373134328357,0.0,0.0,0.13432835820895522,0.0,0.0,0.0,0.0,0.0,0.0,0.0,0.0,0.208955223880597
12.0,133,0.05810390382993541,0.8271174297072434,3.431346033120291,0.05423905855245043,0.8221205270186538,3.5300383261578676,0.3019517795637199,5,1.046875,1.046875,1.0,0.0,0.022043628013777267,0.0,0.0,0.4959816303099885,0.0,0.003498134328358209,0.05223880597014925,0.04408725602755453,0.0,0.11021814006888633,0.04408725602755453,0.007462686567164179,0.0,0.0,0.0,0.0,0.0,0.0,0.22038246268656717,0.0,0.014925373134328358,0.0,0.029850746268656716,0.4626865671641791,0.0,0.0,0.14925373134328357,0.0,0.0,0.13432835820895522,0.0,0.0,0.0,0.0,0.0,0.0,0.0,0.0,0.208955223880597
12.0,134,0.05115686002351613,0.7887943137818827,3.4874808478314288,0.053212312826758146,0.8173883128982221,3.5434177475690003,0.48196248196248187,5,1.046875,1.046875,0.953125,0.0,0.01421464108031272,0.0,0.02132196162046908,0.523947427043885,0.0,0.0,0.2073958565382045,0.06633499170812603,0.0,0.047382136934375735,0.0,0.0,0.0,0.0,0.0,0.0,0.048846675712347354,0.0,0.07055630936227951,0.0,0.04477611940298507,0.0,0.014925373134328358,0.4626865671641791,0.0,0.0,0.14925373134328357,0.0,0.0,0.1044776119402985,0.0,0.0,0.0,0.0,0.0,0.0,0.0,0.0,0.22388059701492538
12.0,135,0.05583306101907745,0.8168870713847619,3.4571347174173113,0.054494914023477586,0.8234948636767527,3.5276290377930675,0.260957233065442,5,1.046875,1.046875,0.875,0.003498134328358209,0.020665901262916193,0.0041331802525832375,0.014925373134328358,0.4856486796785304,0.0,0.0,0.05786452353616533,0.07233065442020667,0.0,0.09299655568312286,0.027554535017221583,0.0,0.0,0.0,0.0,0.0,0.0,0.0,0.22038246268656717,0.0,0.029850746268656716,0.0,0.029850746268656716,0.4626865671641791,0.0,0.0,0.13432835820895522,0.0,0.0,0.11940298507462686,0.0,0.0,0.0,0.0,0.0,0.0,0.0,0.0,0.22388059701492538
12.0,136,0.05511238777921548,0.8261460847013575,3.519105081760552,0.05478766535128192,0.8250217346655221,3.5247148862220214,0.11572904707233075,5,1.046875,1.046875,0.921875,0.0,0.020206659012629163,0.0,0.030309988518943745,0.5051664753157291,0.0,0.0,0.15603799185888736,0.0,0.0,0.10103329506314582,0.0,0.0,0.0,0.0,0.0,0.0,0.0,0.0,0.18724559023066484,0.0,0.029850746268656716,0.0,0.014925373134328358,0.4626865671641791,0.0,0.0,0.16417910447761194,0.0,0.0,0.13432835820895522,0.0,0.0,0.0,0.0,0.0,0.0,0.0,0.0,0.19402985074626866
12.0,137,0.05463320538835703,0.8113769022276098,3.4713171938909646,0.05449649037759723,0.8232312262883594,3.5264486828338297,0.30925660160734786,5,1.046875,1.046875,0.84375,0.0,0.021125143513203215,0.0,0.021125143513203215,0.4964408725602755,0.0,0.0,0.0679678530424799,0.06337543053960965,0.0,0.08450057405281286,0.0,0.0,0.0,0.05143513203214696,0.006063432835820896,0.0,0.0,0.0,0.18796641791044777,0.0,0.04477611940298507,0.0,0.029850746268656716,0.4626865671641791,0.0,0.0,0.14925373134328357,0.0,0.0,0.1044776119402985,0.0,0.0,0.0,0.0,0.0,0.0,0.0,0.0,0.208955223880597
12.0,138,0.05783870626796752,0.8201127653000116,3.4100777952269996,0.05712569492011009,0.8356674671374135,3.496372913967413,0.44129005323035175,5,1.046875,1.046875,0.921875,0.0,0.020665901262916193,0.0,0.03075531433740389,0.4959816303099886,0.0,0.0,0.05427408412483039,0.034373586612392586,0.0,0.10332950631458096,0.05166475315729048,0.0,0.0,0.0,0.0,0.0,0.08548168249660787,0.0,0.12347354138398915,0.0,0.029850746268656716,0.0,0.014925373134328358,0.4626865671641791,0.0,0.0,0.13432835820895522,0.0,0.0,0.14925373134328357,0.0,0.0,0.0,0.0,0.0,0.0,0.0,0.0,0.208955223880597
12.0,139,0.05805054283709228,0.8197763176027528,3.402453709134996,0.053212312826758146,0.8173883128982221,3.5434177475690003,0.437407803639147,4,1.046875,1.046875,1.0,0.0,0.021584385763490244,0.0,0.021584385763490244,0.4964408725602756,0.0,0.0,0.07416044776119403,0.06475315729047072,0.0,0.09712973593570609,0.04748982360922659,0.0,0.015391791044776119,0.0506558118498417,0.0,0.0,0.0,0.0,0.11080958842152872,0.0,0.04477611940298507,0.0,0.014925373134328358,0.4626865671641791,0.0,0.0,0.14925373134328357,0.0,0.0,0.1044776119402985,0.0,0.0,0.0,0.0,0.0,0.0,0.0,0.0,0.22388059701492538
12.0,140,0.055630372360212184,0.8037576083357942,3.407760883706818,0.055123341611338215,0.8266597087120146,3.520943063523105,0.6256479838569392,5,1.046875,1.046875,0.9375,0.0,0.04316877152698049,0.0,0.04316877152698049,0.5396096440872561,0.0,0.0,0.03505201266395296,0.07554535017221585,0.0,0.0,0.018091361374943462,0.0,0.0,0.07921928817451206,0.0,0.0,0.021483491632745363,0.0,0.14466130884041334,0.0,0.029850746268656716,0.0,0.014925373134328358,0.4626865671641791,0.0,0.0,0.13432835820895522,0.0,0.0,0.13432835820895522,0.0,0.0,0.0,0.0,0.0,0.0,0.0,0.0,0.22388059701492538
12.0,141,0.05669283249559697,0.812596813082989,3.412801561621981,0.053212312826758146,0.8173883128982221,3.5434177475690003,0.5332080854468915,5,1.046875,1.046875,0.9375,0.0,0.011251435132032148,0.0009045680687471732,0.04500574052812859,0.4950631458094145,0.0,0.02804161013116237,0.03075531433740389,0.04500574052812859,0.0,0.07876004592422503,0.05625717566016074,0.0,0.0,0.07393800229621125,0.0,0.0,0.0,0.0,0.13501722158438575,0.0,0.04477611940298507,0.0,0.014925373134328358,0.4626865671641791,0.0,0.0,0.14925373134328357,0.0,0.0,0.1044776119402985,0.0,0.0,0.0,0.0,0.0,0.0,0.0,0.0,0.22388059701492538
12.0,142,0.05524300044391832,0.8110005164008647,3.450503731732598,0.05492948764011889,0.8258407216887683,3.5236561327839153,0.4842454394693201,5,1.046875,1.046875,0.984375,0.0,0.035361653272101036,0.0,0.07164179104477612,0.5104477611940299,0.0,0.0,0.09850746268656717,0.03316749585406302,0.0,0.026533996683250412,0.030309988518943745,0.0,0.0,0.06865671641791045,0.0,0.0,0.0,0.0,0.12537313432835823,0.0,0.029850746268656716,0.0,0.014925373134328358,0.4626865671641791,0.0,0.0,0.14925373134328357,0.0,0.0,0.13432835820895522,0.0,0.0,0.0,0.0,0.0,0.0,0.0,0.0,0.208955223880597
12.0,143,0.05609530257048276,0.8100287941151847,3.4200874396464402,0.05583447180889758,0.8298245537472762,3.5118428613832418,0.5304247990815154,5,1.046875,1.046875,0.9375,0.0,0.021584385763490244,0.0,0.021584385763490244,0.5072330654420206,0.0,0.0,0.04070556309362279,0.06475315729047072,0.0,0.08633754305396098,0.021709633649932156,0.0,0.0,0.027137042062415195,0.0,0.0,0.08548168249660787,0.0,0.12347354138398915,0.0,0.029850746268656716,0.0,0.0,0.4626865671641791,0.0,0.0,0.13432835820895522,0.0,0.0,0.14925373134328357,0.0,0.0,0.0,0.0,0.0,0.0,0.0,0.0,0.22388059701492538
12.0,144,0.0581244454725982,0.8216354277503314,3.4080012536666726,0.05284774889799142,0.8160139762401231,3.549640335649725,0.3740169345579793,5,1.046875,1.046875,0.96875,0.0,0.010792192881745122,0.0,0.03237657864523536,0.4964408725602756,0.0,0.0,0.05464982778415614,0.04982778415614236,0.0,0.09712973593570609,0.06475315729047072,0.0,0.021222014925373137,0.0,0.0,0.0,0.0,0.0,0.17280783582089554,0.0,0.029850746268656716,0.0,0.014925373134328358,0.4626865671641791,0.0,0.0,0.16417910447761194,0.0,0.0,0.11940298507462686,0.0,0.0,0.0,0.0,0.0,0.0,0.0,0.0,0.208955223880597
12.0,145,0.0548083179597509,0.8103992721186459,3.4615914163780612,0.05492948764011889,0.8258407216887683,3.5236561327839153,0.3726679104477612,5,1.046875,1.046875,0.75,0.0,0.04477611940298507,0.0,0.016791044776119403,0.5226108264646915,0.0,0.0,0.06180037313432835,0.03917910447761194,0.0,0.03544776119402985,0.027985074626865673,0.0,0.012826492537313432,0.011361104923145467,0.0,0.0,0.0,0.0,0.2272220984629093,0.0,0.029850746268656716,0.0,0.014925373134328358,0.4626865671641791,0.0,0.0,0.14925373134328357,0.0,0.0,0.13432835820895522,0.0,0.0,0.0,0.0,0.0,0.0,0.0,0.0,0.208955223880597
12.0,146,0.060734054769740003,0.8377027711357734,3.3991772677640593,0.055972255260240966,0.8303799033821291,3.5098651165544794,0.4400440976933514,4,1.046875,1.046875,1.0,0.0,0.01958955223880597,0.0,0.03844414292175486,0.4995335820895523,0.0,0.0,0.06784260515603799,0.04296698326549073,0.0,0.10774253731343283,0.05088195386702849,0.0,0.0,0.05088195386702849,0.0,0.0,0.0,0.0,0.12211668928086838,0.0,0.04477611940298507,0.0,0.0,0.4626865671641791,0.0,0.0,0.13432835820895522,0.0,0.0,0.13432835820895522,0.0,0.0,0.0,0.0,0.0,0.0,0.0,0.0,0.22388059701492538
12.0,147,0.06011289402756024,0.8357354539077644,3.40867038934967,0.05492948764011889,0.8258407216887683,3.5236561327839153,0.4216257001704763,4,1.046875,1.046875,0.984375,0.0,0.031483208955223885,0.0,0.0,0.535214552238806,0.0,0.0,0.03165988240615106,0.030529172320217096,0.0,0.10494402985074627,0.0,0.0,0.0,0.09368541905855339,0.0,0.0,0.01243781094527363,0.0,0.1600459242250287,0.0,0.029850746268656716,0.0,0.014925373134328358,0.4626865671641791,0.0,0.0,0.14925373134328357,0.0,0.0,0.13432835820895522,0.0,0.0,0.0,0.0,0.0,0.0,0.0,0.0,0.208955223880597
12.0,148,0.049469370387593595,0.7907596377937928,3.5553004049723334,0.05339694014911679,0.8183598342521385,3.541490818585851,0.30410447761194037,5,1.046875,1.046875,0.875,0.0,0.04975124378109453,0.0,0.04975124378109453,0.509950248756219,0.0,0.002798507462686567,0.21144278606965175,0.0,0.0,0.0,0.0,0.0,0.0,0.0,0.0,0.0,0.0,0.0,0.17630597014925373,0.0,0.029850746268656716,0.0,0.0,0.4626865671641791,0.0,0.0,0.1791044776119403,0.0,0.0,0.13432835820895522,0.0,0.0,0.0,0.0,0.0,0.0,0.0,0.0,0.19402985074626866
12.0,149,0.05370236723700151,0.8037600671327181,3.468404256010313,0.053212312826758146,0.8173883128982221,3.5434177475690003,0.41058344640434186,5,1.046875,1.046875,0.984375,0.0,0.026865671641791048,0.0,0.053731343283582096,0.44776119402985076,0.0,0.0,0.09837177747625508,0.044097693351424695,0.0,0.0814111261872456,0.053731343283582096,0.0,0.0,0.06865671641791045,0.0,0.0,0.0,0.0,0.12537313432835823,0.0,0.04477611940298507,0.0,0.014925373134328358,0.4626865671641791,0.0,0.0,0.14925373134328357,0.0,0.0,0.1044776119402985,0.0,0.0,0.0,0.0,0.0,0.0,0.0,0.0,0.22388059701492538
12.0,150,0.057761948017183,0.830290311271854,3.4546897739409923,0.053910275713779925,0.8208167953218772,3.5351712593859883,0.26277702397105374,4,1.046875,1.046875,0.921875,0.0,0.0,0.0,0.0,0.4834038761416796,0.0,0.0,0.032790592492085026,0.0,0.0,0.16573847182000445,0.0,0.0,0.0,0.021483491632745363,0.0,0.0,0.020352781546811395,0.0,0.2762307863666741,0.0,0.029850746268656716,0.0,0.0,0.4626865671641791,0.0,0.0,0.13432835820895522,0.0,0.0,0.13432835820895522,0.0,0.0,0.0,0.0,0.0,0.0,0.0,0.0,0.23880597014925373
12.0,151,0.056643959869804236,0.8136136541782532,3.4185459764122594,0.05324057176399494,0.8176519502866155,3.543619815667337,0.29528493894165525,4,1.046875,1.046875,1.0,0.0,0.023066485753052916,0.0,0.023066485753052916,0.4959294436906377,0.0,0.003498134328358209,0.01189365671641791,0.011533242876526458,0.0,0.12686567164179102,0.0,0.0,0.0016324626865671641,0.0,0.0013992537313432835,0.0807327001356852,0.0,0.0,0.22038246268656717,0.0,0.029850746268656716,0.0,0.014925373134328358,0.4626865671641791,0.0,0.0,0.13432835820895522,0.0,0.0,0.11940298507462686,0.0,0.0,0.0,0.0,0.0,0.0,0.0,0.0,0.23880597014925373
12.0,152,0.0554970528914256,0.8174435599105349,3.4699467981245324,0.054301776315335386,0.8226758766535065,3.530382360106943,0.2833524684270953,5,1.046875,1.046875,0.984375,0.0,0.020665901262916193,0.0,0.020665901262916193,0.4959816303099886,0.0,0.0,0.13432835820895522,0.05166475315729048,0.0,0.08266360505166477,0.056716417910447764,0.0,0.0,0.0,0.0,0.0,0.0,0.0,0.1373134328358209,0.0,0.029850746268656716,0.0,0.029850746268656716,0.4626865671641791,0.0,0.0,0.14925373134328357,0.0,0.0,0.11940298507462686,0.0,0.0,0.0,0.0,0.0,0.0,0.0,0.0,0.208955223880597
12.0,153,0.060864218276901486,0.8339349445242812,3.3802681107178594,0.05449649037759723,0.8232312262883594,3.5264486828338297,0.3387055109070035,5,1.046875,1.046875,0.984375,0.0,0.022502870264064296,0.01285878300803674,0.022502870264064296,0.5400688863375431,0.0,0.0,0.046842709529276695,0.05625717566016074,0.0,0.09001148105625718,0.0,0.0,0.0228544776119403,0.0,0.0,0.0,0.0,0.0,0.18610074626865672,0.0,0.04477611940298507,0.0,0.029850746268656716,0.4626865671641791,0.0,0.0,0.14925373134328357,0.0,0.0,0.1044776119402985,0.0,0.0,0.0,0.0,0.0,0.0,0.0,0.0,0.208955223880597
12.0,154,0.05287020458243441,0.8046690424169789,3.4995467358654593,0.05243185941279285,0.8136681182281076,3.553445587834309,0.3834693560690442,5,1.046875,1.046875,0.90625,0.0,0.0,0.0,0.01269770550233905,0.495210514591223,0.0,0.0,0.2285586990421029,0.0,0.0,0.11427934952105145,0.033921302578018994,0.0,0.0,0.036182722749886924,0.0,0.0,0.0,0.0,0.07914970601537764,0.0,0.029850746268656716,0.0,0.029850746268656716,0.4626865671641791,0.0,0.0,0.14925373134328357,0.0,0.0,0.1044776119402985,0.0,0.0,0.0,0.0,0.0,0.0,0.0,0.0,0.22388059701492538
12.0,155,0.05653705133122109,0.8220643277302998,3.4573171930684534,0.054692667608698765,0.8240502133116057,3.5236204589910534,0.30228185993111356,5,1.046875,1.046875,0.953125,0.0,0.021584385763490244,0.0,0.021584385763490244,0.5072330654420206,0.0,0.0032649253731343282,0.05097588978185993,0.06475315729047072,0.0,0.08633754305396098,0.0,0.0013777267508610792,0.0,0.03719862227324914,0.0,0.0,0.0,0.0,0.20569029850746268,0.0,0.04477611940298507,0.0,0.029850746268656716,0.4626865671641791,0.0,0.0,0.13432835820895522,0.0,0.0,0.1044776119402985,0.0,0.0,0.0,0.0,0.0,0.0,0.0,0.0,0.22388059701492538
12.0,156,0.061336930515448314,0.842820419296344,3.403094659465183,0.05478766535128192,0.8250217346655221,3.5247148862220214,0.279059249208503,5,1.046875,1.046875,0.921875,0.0,0.03398392652123996,0.0,0.0,0.4672789896670494,0.0,0.0,0.03957485300768883,0.03957485300768883,0.0,0.1456354590682949,0.050975889781859934,0.0,0.0,0.02532790592492085,0.0,0.0,0.0,0.0,0.19764812302125737,0.0,0.029850746268656716,0.0,0.014925373134328358,0.4626865671641791,0.0,0.0,0.16417910447761194,0.0,0.0,0.13432835820895522,0.0,0.0,0.0,0.0,0.0,0.0,0.0,0.0,0.19402985074626866
12.0,157,0.05508513777056489,0.8041408487205182,3.426217302644407,0.05734300727073818,0.8364864541606597,3.4931616207234155,0.4950798890164563,5,1.046875,1.046875,0.875,0.0,0.0,0.0,0.022502870264064296,0.5063145809414467,0.0,0.0,0.0865205223880597,0.05625717566016074,0.0,0.10126291618828932,0.04500574052812859,0.0,0.0,0.02736318407960199,0.0,0.017957089552238806,0.04975124378109453,0.0,0.08706467661691542,0.0,0.029850746268656716,0.0,0.014925373134328358,0.4626865671641791,0.0,0.0,0.11940298507462686,0.0,0.0,0.14925373134328357,0.0,0.0,0.0,0.0,0.0,0.0,0.0,0.0,0.22388059701492538
12.0,158,0.056059683746179305,0.8095680347955836,3.419227756423547,0.05449649037759723,0.8232312262883594,3.5264486828338297,0.4735761750687123,5,1.046875,1.046875,0.875,0.0,0.021584385763490244,0.0,0.03237657864523536,0.4964408725602756,0.0,0.0,0.05510907003444317,0.06475315729047072,0.0,0.08633754305396098,0.028932261768082664,0.0,0.0,0.03482587064676616,0.0,0.005510907003444317,0.06648575305291723,0.0,0.10764360018091361,0.0,0.04477611940298507,0.0,0.029850746268656716,0.4626865671641791,0.0,0.0,0.14925373134328357,0.0,0.0,0.1044776119402985,0.0,0.0,0.0,0.0,0.0,0.0,0.0,0.0,0.208955223880597
12.0,159,0.050233324436265686,0.7994334010171993,3.5668621817020854,0.05489675494417283,0.8252853720539155,3.522336237919126,0.20742564749780512,5,1.046875,1.0625,0.890625,0.0,0.0,0.0,0.01251097453906936,0.48792800702370503,0.0,0.002527573529411765,0.20017559262510976,0.0,0.0,0.11259877085162423,0.0,0.0,0.0,0.02502194907813872,0.0,0.0,0.0,0.0,0.15923713235294118,0.0,0.014925373134328358,0.0,0.014925373134328358,0.4626865671641791,0.0,0.0,0.14925373134328357,0.0,0.0,0.14925373134328357,0.0,0.0,0.0,0.0,0.0,0.0,0.0,0.0,0.208955223880597
12.0,160,0.0562617105420983,0.8203989892010286,3.4587458463582585,0.05492948764011889,0.8258407216887683,3.5236561327839153,0.279525034258828,5,1.046875,1.046875,0.75,0.0,0.029850746268656716,0.0,0.01225217197594119,0.4655825350857652,0.0,0.0,0.22053909556694143,0.06558118498417005,0.0,0.1225217197594119,0.0,0.0,0.0,0.0,0.0,0.0,0.0,0.0,0.0836725463591135,0.0,0.029850746268656716,0.0,0.014925373134328358,0.4626865671641791,0.0,0.0,0.14925373134328357,0.0,0.0,0.13432835820895522,0.0,0.0,0.0,0.0,0.0,0.0,0.0,0.0,0.208955223880597
12.0,161,0.05769274592426149,0.831336709859037,3.461117580708056,0.05549736302268701,0.8281865797007837,3.5155397654368645,0.2887537056394264,5,1.046875,1.046875,0.890625,0.0,0.020206659012629163,0.0,0.04041331802525833,0.5051664753157291,0.0,0.0,0.12296725328580975,0.0,0.0,0.09092996555683124,0.061483626642904875,0.0,0.0,0.0,0.0,0.0,0.0,0.0,0.1588327021608376,0.0,0.029850746268656716,0.0,0.0,0.4626865671641791,0.0,0.0,0.16417910447761194,0.0,0.0,0.14925373134328357,0.0,0.0,0.0,0.0,0.0,0.0,0.0,0.0,0.19402985074626866
12.0,162,0.05564284624568206,0.8107347790971571,3.4369572906959704,0.05563990157460111,0.8290055667240299,3.5145058478937403,0.4376509063076226,5,1.046875,1.046875,0.984375,0.0,0.06636050516647532,0.0,0.04251469923111714,0.46766169154228854,0.0,0.0,0.02686567164179104,0.0,0.0,0.074400723654455,0.014466130884041332,0.0,0.0,0.0,0.0,0.003444316877152698,0.11691542288557213,0.0,0.18737083811710678,0.0,0.029850746268656716,0.0,0.0,0.4626865671641791,0.0,0.0,0.14925373134328357,0.0,0.0,0.14925373134328357,0.0,0.0,0.0,0.0,0.0,0.0,0.0,0.0,0.208955223880597
12.0,163,0.05686720075565066,0.8165825693554855,3.4242792945719467,0.05416067028957555,0.8218568896302603,3.531459133792123,0.4574609470131858,4,1.046875,1.046875,1.0,0.0,0.011021814006888633,0.0,0.022043628013777267,0.5070034443168772,0.0,0.0,0.03165988240615106,0.0330654420206659,0.0,0.0991963260619977,0.04408725602755453,0.0,0.0,0.07921928817451206,0.0,0.0,0.02804161013116237,0.0,0.14466130884041334,0.0,0.029850746268656716,0.0,0.029850746268656716,0.4626865671641791,0.0,0.0,0.16417910447761194,0.0,0.0,0.11940298507462686,0.0,0.0,0.0,0.0,0.0,0.0,0.0,0.0,0.19402985074626866
12.0,164,0.05356781942746199,0.7975506891456123,3.445928886046773,0.053038877711988244,0.8165693258749759,3.545650291678519,0.42935930928802385,4,1.046875,1.046875,0.953125,0.0,0.023518769787426504,0.0,0.023518769787426504,0.45861601085481685,0.0,0.16463138851198553,0.08019603475161506,0.0,0.0,0.10583446404341926,0.04009801737580753,0.0,0.0,0.0,0.0,0.0,0.0,0.0,0.10358654488750278,0.0,0.04477611940298507,0.0,0.014925373134328358,0.4626865671641791,0.0,0.0,0.16417910447761194,0.0,0.0,0.1044776119402985,0.0,0.0,0.0,0.0,0.0,0.0,0.0,0.0,0.208955223880597
12.0,165,0.05572221811995785,0.8112506971901674,3.4366941612974617,0.05492948764011889,0.8258407216887683,3.5236561327839153,0.48765264586160095,5,1.046875,1.046875,0.765625,0.0,0.00671641791044776,0.010447761194029851,0.07752283359322788,0.5426598351525952,0.0,0.0,0.035278154681139755,0.0,0.0,0.027611940298507463,0.018995929443690638,0.0,0.0,0.023066485753052916,0.0,0.0,0.012211668928086837,0.0,0.24548897304522163,0.0,0.029850746268656716,0.0,0.014925373134328358,0.4626865671641791,0.0,0.0,0.14925373134328357,0.0,0.0,0.13432835820895522,0.0,0.0,0.0,0.0,0.0,0.0,0.0,0.0,0.208955223880597
12.0,166,0.05834910966070353,0.8218987937482791,3.4025242274941885,0.05474008341400215,0.824313850699999,3.5232208694146827,0.39803695228065916,3,1.046875,1.046875,1.015625,0.0,0.03398392652123996,0.0,0.04989975495656048,0.4672789896670494,0.0,0.0,0.09045680687471731,0.04678102027177545,0.0,0.09769335142469471,0.050975889781859934,0.0,0.0,0.02183114279349521,0.0,0.0,0.0506558118498417,0.0,0.09044330585876587,0.0,0.029850746268656716,0.0,0.029850746268656716,0.4626865671641791,0.0,0.0,0.11940298507462686,0.0,0.0,0.11940298507462686,0.0,0.0,0.0,0.0,0.0,0.0,0.0,0.0,0.23880597014925373
12.0,167,0.059291866770657994,0.8288050407301599,3.4037277995527293,0.05798659547515402,0.839387661807528,3.4857703837308907,0.5423859722367186,5,1.046875,1.046875,0.921875,0.0,0.021125143513203215,0.0,0.04225028702640643,0.5281285878300804,0.0,0.06512890094979647,0.07869742198100406,0.0,0.0,0.09506314580941447,0.026458616010854814,0.0,0.0,0.035278154681139755,0.0,0.0,0.036635006784260515,0.0,0.07123473541383989,0.0,0.04477611940298507,0.0,0.0,0.4626865671641791,0.0,0.0,0.13432835820895522,0.0,0.0,0.14925373134328357,0.0,0.0,0.0,0.0,0.0,0.0,0.0,0.0,0.208955223880597
12.0,168,0.05333347886899095,0.7994503925577772,3.4617170219500135,0.05489675494417283,0.8252853720539155,3.522336237919126,0.4624638004009801,5,1.046875,1.046875,0.90625,0.0,0.0,0.0,0.013992537313432835,0.5671641791044776,0.0,0.0,0.11271998217865895,0.036380597014925374,0.0,0.030783582089552237,0.05635999108932947,0.0,0.008395522388059701,0.025618177767877028,0.0,0.0,0.0,0.0,0.14858543105368677,0.0,0.014925373134328358,0.0,0.014925373134328358,0.4626865671641791,0.0,0.0,0.14925373134328357,0.0,0.0,0.14925373134328357,0.0,0.0,0.0,0.0,0.0,0.0,0.0,0.0,0.208955223880597
12.0,169,0.05738070542837261,0.8214177556796135,3.429107852153083,0.0537604700358474,0.8202426168609873,3.5376169111949802,0.42552846626595536,5,1.0625,1.046875,0.953125,0.0,0.021125143513203215,0.0,0.021125143513203215,0.4964408725602755,0.0,0.0,0.07646383467278989,0.05281285878300804,0.0,0.09506314580941447,0.05235361653272101,0.0,0.0,0.05786452353616533,0.0,0.0027554535017221583,0.0,0.0,0.12399540757749712,0.0,0.029411764705882353,0.0,0.014705882352941176,0.45588235294117646,0.0,0.0,0.16176470588235295,0.0,0.0,0.1323529411764706,0.0,0.0,0.0,0.0,0.0,0.0,0.0,0.0,0.20588235294117646
12.0,170,0.0563512572775359,0.818344810536459,3.4473432467568856,0.053212312826758146,0.8173883128982221,3.5434177475690003,0.3271753122499391,5,1.046875,1.046875,0.984375,0.0,0.0,0.0,0.06331976481230213,0.47393800229621125,0.0,0.0,0.14925373134328357,0.06911595866819747,0.0,0.09873708381171067,0.03482587064676616,0.0,0.0,0.0,0.0,0.0,0.0,0.0,0.11080958842152872,0.0,0.04477611940298507,0.0,0.014925373134328358,0.4626865671641791,0.0,0.0,0.14925373134328357,0.0,0.0,0.1044776119402985,0.0,0.0,0.0,0.0,0.0,0.0,0.0,0.0,0.22388059701492538
12.0,171,0.055568874772072174,0.8098017000930329,3.435285868145354,0.05478766535128192,0.8250217346655221,3.5247148862220214,0.44214591378770485,4,1.046875,1.046875,0.9375,0.0,0.02532790592492085,0.0,0.04225028702640643,0.46475315729047073,0.0,0.0,0.04590682948891904,0.03168771526980482,0.0,0.09506314580941447,0.05281285878300804,0.0,0.0,0.07393800229621125,0.0,0.0,0.03324287652645862,0.0,0.13501722158438575,0.0,0.029850746268656716,0.0,0.014925373134328358,0.4626865671641791,0.0,0.0,0.16417910447761194,0.0,0.0,0.13432835820895522,0.0,0.0,0.0,0.0,0.0,0.0,0.0,0.0,0.19402985074626866
12.0,172,0.05470090438321182,0.8043497404640902,3.4391227154317328,0.05538754586703073,0.827495257126269,3.516085700144109,0.47184270952927676,5,1.046875,1.046875,1.0,0.0,0.03168771526980482,0.0,0.05281285878300804,0.5281285878300804,0.0,0.0,0.06911595866819747,0.07393800229621125,0.0,0.0,0.035361653272101036,0.0,0.0,0.0,0.0065298507462686565,0.0,0.0,0.0,0.20242537313432835,0.0,0.029850746268656716,0.0,0.014925373134328358,0.44776119402985076,0.0,0.0,0.14925373134328357,0.0,0.0,0.14925373134328357,0.0,0.0,0.0,0.0,0.0,0.0,0.0,0.0,0.208955223880597
12.0,173,0.05967745760797656,0.8340812738653687,3.4143120782133893,0.055123341611338215,0.8266597087120146,3.520943063523105,0.2886983352468428,5,1.046875,1.046875,0.984375,0.0,0.020665901262916193,0.0,0.030998851894374287,0.5166475315729048,0.0,0.0,0.05464982778415614,0.04982778415614236,0.0,0.10332950631458096,0.0,0.0,0.024486940298507464,0.0,0.0,0.0,0.0,0.0,0.19939365671641793,0.0,0.029850746268656716,0.0,0.014925373134328358,0.4626865671641791,0.0,0.0,0.13432835820895522,0.0,0.0,0.13432835820895522,0.0,0.0,0.0,0.0,0.0,0.0,0.0,0.0,0.22388059701492538
12.0,174,0.05413130309923431,0.8051560835575915,3.460635333925977,0.05492948764011889,0.8258407216887683,3.5236561327839153,0.34443168771526983,5,1.046875,1.046875,0.96875,0.0,0.030309988518943745,0.0,0.035361653272101036,0.4580941446613088,0.0,0.0,0.1616532721010333,0.0,0.0,0.10103329506314582,0.0642939150401837,0.0,0.0,0.029398462234283124,0.0,0.0,0.04522840343735866,0.0,0.07462686567164178,0.0,0.029850746268656716,0.0,0.014925373134328358,0.4626865671641791,0.0,0.0,0.14925373134328357,0.0,0.0,0.13432835820895522,0.0,0.0,0.0,0.0,0.0,0.0,0.0,0.0,0.208955223880597
12.0,175,0.05648898312604513,0.819511659439904,3.4480476454296984,0.053212312826758146,0.8173883128982221,3.5434177475690003,0.2846943168771527,5,1.046875,1.046875,1.0,0.0,0.011021814006888633,0.0,0.0330654420206659,0.48495981630309987,0.0,0.003498134328358209,0.049440298507462684,0.0330654420206659,0.0,0.0991963260619977,0.05510907003444317,0.0,0.010261194029850746,0.0,0.0,0.0,0.0,0.0,0.22038246268656717,0.0,0.04477611940298507,0.0,0.014925373134328358,0.4626865671641791,0.0,0.0,0.14925373134328357,0.0,0.0,0.1044776119402985,0.0,0.0,0.0,0.0,0.0,0.0,0.0,0.0,0.22388059701492538
12.0,176,0.048018009043515,0.7664430718118831,3.4976619160564373,0.053038877711988244,0.8165693258749759,3.545650291678519,0.4775957390793657,5,1.046875,1.046875,0.921875,0.0,0.03188602442333786,0.004477611940298507,0.06377204884667571,0.49954771596562647,0.0,0.0,0.11004678102027177,0.0,0.0,0.01044776119402985,0.04251469923111714,0.0,0.0,0.04232568500779683,0.0,0.06377204884667571,0.0,0.0,0.13120962352417018,0.0,0.04477611940298507,0.0,0.014925373134328358,0.4626865671641791,0.0,0.0,0.16417910447761194,0.0,0.0,0.1044776119402985,0.0,0.0,0.0,0.0,0.0,0.0,0.0,0.0,0.208955223880597
12.0,177,0.05215607483152704,0.7986394908303163,3.4970217330407976,0.05324057176399494,0.8176519502866155,3.543619815667337,0.3227272727272728,5,1.046875,1.046875,0.921875,0.0,0.026865671641791048,0.0,0.03582089552238806,0.4388059701492537,0.0,0.0,0.09045680687471731,0.03582089552238806,0.0,0.094075079149706,0.04477611940298508,0.0,0.0,0.05427408412483039,0.005597014925373134,0.0,0.0,0.0,0.17350746268656717,0.0,0.029850746268656716,0.0,0.014925373134328358,0.4626865671641791,0.0,0.0,0.13432835820895522,0.0,0.0,0.11940298507462686,0.0,0.0,0.0,0.0,0.0,0.0,0.0,0.0,0.23880597014925373
12.0,178,0.05705488798216943,0.8237927105194939,3.4488278444796228,0.05351602032162213,0.8191788212753848,3.541088742907328,0.3617228542601677,5,1.046875,1.046875,0.96875,0.0,0.010792192881745122,0.0,0.03237657864523536,0.5072330654420206,0.0,0.003498134328358209,0.03957485300768882,0.0,0.0,0.09712973593570609,0.05396096440872561,0.0,0.0,0.0,0.0,0.0,0.03505201266395296,0.0,0.22038246268656717,0.0,0.029850746268656716,0.0,0.0,0.4626865671641791,0.0,0.0,0.16417910447761194,0.0,0.0,0.13432835820895522,0.0,0.0,0.0,0.0,0.0,0.0,0.0,0.0,0.208955223880597
12.0,179,0.052188032518288574,0.8067478615262326,3.531444300183279,0.05423905855245043,0.8221205270186538,3.5300383261578676,0.16909443168771526,5,1.046875,1.046875,0.90625,0.0,0.020665901262916193,0.0,0.030998851894374287,0.47531572904707237,0.0,0.003031716417910448,0.13432835820895522,0.061997703788748575,0.0,0.08266360505166477,0.0,0.0,0.0,0.0,0.0,0.0,0.0,0.0,0.19099813432835822,0.0,0.014925373134328358,0.0,0.029850746268656716,0.4626865671641791,0.0,0.0,0.14925373134328357,0.0,0.0,0.13432835820895522,0.0,0.0,0.0,0.0,0.0,0.0,0.0,0.0,0.208955223880597
12.0,180,0.05457455764243032,0.7987881960651652,3.4192946475767574,0.05351602032162213,0.8191788212753848,3.541088742907328,0.5598163030998851,5,1.046875,1.046875,0.9375,0.0,0.01218905472636816,0.01218905472636816,0.029601990049751243,0.505166475315729,0.0,0.0,0.0679678530424799,0.09184845005740527,0.0,0.05049751243781094,0.05235361653272101,0.0,0.0,0.05143513203214696,0.0,0.0,0.0,0.0,0.1267508610792193,0.0,0.029850746268656716,0.0,0.0,0.4626865671641791,0.0,0.0,0.16417910447761194,0.0,0.0,0.13432835820895522,0.0,0.0,0.0,0.0,0.0,0.0,0.0,0.0,0.208955223880597
12.0,181,0.051971425989618084,0.795372687573056,3.4888986768489296,0.053038877711988244,0.8165693258749759,3.545650291678519,0.3256149323313502,4,1.046875,1.046875,1.0,0.0,0.02306648575305292,0.0,0.05235361653272101,0.4450057405281286,0.0,0.0,0.09995477159656264,0.06980482204362802,0.0,0.08073270013568522,0.026910900045228406,0.0,0.0,0.0,0.005597014925373134,0.02306648575305292,0.0,0.0,0.17350746268656717,0.0,0.04477611940298507,0.0,0.014925373134328358,0.4626865671641791,0.0,0.0,0.16417910447761194,0.0,0.0,0.1044776119402985,0.0,0.0,0.0,0.0,0.0,0.0,0.0,0.0,0.208955223880597
12.0,182,0.0504055312353112,0.7897921641013583,3.5178208811297376,0.053212312826758146,0.8173883128982221,3.5434177475690003,0.4423794489092997,5,1.046875,1.046875,0.765625,0.0,0.04900868790376476,0.0,0.03675651592782357,0.51459122298953,0.0,0.0,0.22053909556694143,0.011660447761194029,0.0,0.010727611940298507,0.007462686567164179,0.0,0.0,0.05281285878300804,0.0,0.0,0.0,0.0,0.09644087256027555,0.0,0.04477611940298507,0.0,0.014925373134328358,0.4626865671641791,0.0,0.0,0.14925373134328357,0.0,0.0,0.1044776119402985,0.0,0.0,0.0,0.0,0.0,0.0,0.0,0.0,0.22388059701492538
12.0,183,0.05672895685649126,0.8128618491380956,3.4128275344799635,0.05549736302268701,0.8281865797007837,3.5155397654368645,0.5185123334377065,5,1.046875,1.046875,0.875,0.0,0.0,0.0,0.029850746268656716,0.4856486796785304,0.0,0.0,0.01582994120307553,0.05396096440872561,0.0,0.10792192881745122,0.05396096440872561,0.0,0.0,0.08450057405281286,0.0,0.0,0.014020805065581185,0.0,0.15430539609644087,0.0,0.029850746268656716,0.0,0.0,0.4626865671641791,0.0,0.0,0.16417910447761194,0.0,0.0,0.14925373134328357,0.0,0.0,0.0,0.0,0.0,0.0,0.0,0.0,0.19402985074626866
12.0,184,0.05269558151316954,0.8064438855086631,3.51307201613687,0.05368713217650983,0.819997808298631,3.5389757661802466,0.31654803452531244,5,1.046875,1.046875,0.84375,0.0,0.01421464108031272,0.0,0.02132196162046908,0.5333036310982402,0.0,0.0,0.13967476052572955,0.06633499170812603,0.0,0.047382136934375735,0.0,0.0,0.0,0.0,0.0,0.0,0.0,0.0,0.1777678770327467,0.0,0.029850746268656716,0.0,0.0,0.4626865671641791,0.0,0.0,0.14925373134328357,0.0,0.0,0.13432835820895522,0.0,0.0,0.0,0.0,0.0,0.0,0.0,0.0,0.22388059701492538
12.0,185,0.05754372888316615,0.825595235882163,3.4416616900446515,0.05492948764011889,0.8258407216887683,3.5236561327839153,0.3549385937445638,5,1.046875,1.046875,0.953125,0.0,0.021584385763490244,0.0,0.021584385763490244,0.5072330654420206,0.0,0.0037313432835820895,0.02804161013116237,0.06475315729047072,0.0,0.08633754305396098,0.014473089099954772,0.0,0.0,0.0,0.0,0.0,0.017186793306196293,0.0,0.23507462686567163,0.0,0.029850746268656716,0.0,0.014925373134328358,0.4626865671641791,0.0,0.0,0.14925373134328357,0.0,0.0,0.13432835820895522,0.0,0.0,0.0,0.0,0.0,0.0,0.0,0.0,0.208955223880597
12.0,186,0.0556571780187656,0.8139182177809148,3.4500086030368107,0.05284774889799142,0.8160139762401231,3.549640335649725,0.36515325470549354,4,1.046875,1.046875,1.0,0.0,0.0,0.0,0.022043628013777267,0.4959816303099885,0.0,0.003498134328358209,0.03165988240615106,0.04408725602755453,0.0,0.0991963260619977,0.05510907003444317,0.0,0.0,0.0,0.0,0.0,0.02804161013116237,0.0,0.22038246268656717,0.0,0.029850746268656716,0.0,0.014925373134328358,0.4626865671641791,0.0,0.0,0.16417910447761194,0.0,0.0,0.11940298507462686,0.0,0.0,0.0,0.0,0.0,0.0,0.0,0.0,0.208955223880597
12.0,187,0.05332231336572797,0.8176127207516721,3.540732752916316,0.05351602032162213,0.8191788212753848,3.541088742907328,0.12935323383084585,4,1.046875,1.046875,0.984375,0.0,0.0373134328358209,0.0,0.012437810945273632,0.4850746268656717,0.0,0.0,0.1865671641791045,0.0,0.0,0.09950248756218906,0.0,0.0,0.0,0.0,0.0,0.0,0.0,0.0,0.1791044776119403,0.0,0.029850746268656716,0.0,0.0,0.4626865671641791,0.0,0.0,0.16417910447761194,0.0,0.0,0.13432835820895522,0.0,0.0,0.0,0.0,0.0,0.0,0.0,0.0,0.208955223880597
12.0,188,0.05211491975820269,0.7928350423090202,3.4729761466031004,0.053212312826758146,0.8173883128982221,3.5434177475690003,0.40057519180653506,5,1.046875,1.046875,0.984375,0.0,0.04617537313432836,0.0,0.018952854773750295,0.47118254879448906,0.0,0.0,0.11800373134328358,0.05685856432125089,0.0,0.04359156597962568,0.0661308840413318,0.0,0.0,0.06337543053960965,0.0,0.0,0.0,0.0,0.11572904707233066,0.0,0.04477611940298507,0.0,0.014925373134328358,0.4626865671641791,0.0,0.0,0.14925373134328357,0.0,0.0,0.1044776119402985,0.0,0.0,0.0,0.0,0.0,0.0,0.0,0.0,0.22388059701492538
12.0,189,0.05290480710078585,0.7870312734980378,3.4217196373497045,0.05563990157460111,0.8290055667240299,3.5145058478937403,0.5624282433983926,5,1.046875,1.046875,0.9375,0.0,0.013930348258706468,0.013930348258706468,0.03383084577114428,0.4801377726750861,0.0,0.0,0.049440298507462684,0.07531572904707233,0.0,0.05771144278606965,0.05648679678530425,0.0,0.010261194029850746,0.07393800229621125,0.0,0.0,0.0,0.0,0.13501722158438575,0.0,0.029850746268656716,0.0,0.0,0.4626865671641791,0.0,0.0,0.14925373134328357,0.0,0.0,0.14925373134328357,0.0,0.0,0.0,0.0,0.0,0.0,0.0,0.0,0.208955223880597
12.0,190,0.057956706726252694,0.8351198789799615,3.4689414669219736,0.054494914023477586,0.8234948636767527,3.5276290377930675,0.21988658108061093,4,1.046875,1.046875,1.0,0.0,0.04500574052812859,0.0,0.011985526910900044,0.4794210764360018,0.0,0.0,0.17978290366350066,0.0,0.0,0.11985526910900045,0.03214695752009185,0.0,0.0,0.0,0.0,0.0,0.0,0.0,0.13180252583237656,0.0,0.029850746268656716,0.0,0.029850746268656716,0.4626865671641791,0.0,0.0,0.13432835820895522,0.0,0.0,0.11940298507462686,0.0,0.0,0.0,0.0,0.0,0.0,0.0,0.0,0.22388059701492538
12.0,191,0.05463374508985215,0.8111707825297966,3.4704182096707714,0.053018144489801994,0.8168329632633693,3.547488474793131,0.3454506314580942,5,1.046875,1.046875,0.984375,0.0,0.010792192881745122,0.0,0.0,0.4964408725602756,0.0,0.0032649253731343282,0.05097588978185993,0.05396096440872561,0.0,0.09712973593570609,0.04316877152698049,0.0,0.0,0.03857634902411022,0.0,0.0,0.0,0.0,0.20569029850746268,0.0,0.029850746268656716,0.0,0.014925373134328358,0.4626865671641791,0.0,0.0,0.14925373134328357,0.0,0.0,0.11940298507462686,0.0,0.0,0.0,0.0,0.0,0.0,0.0,0.0,0.22388059701492538
12.0,192,0.056367073204419964,0.8138544315581555,3.427946143044827,0.05489675494417283,0.8252853720539155,3.522336237919126,0.43026128100754957,5,1.046875,1.046875,0.9375,0.0,0.0277841561423651,0.0,0.04041331802525833,0.47393800229621125,0.0,0.0,0.08082663605051665,0.0,0.0,0.10861079219288175,0.059242250287026406,0.0,0.0,0.03821800090456807,0.0,0.015154994259471873,0.05291723202170963,0.0,0.10289461781999096,0.0,0.014925373134328358,0.0,0.014925373134328358,0.4626865671641791,0.0,0.0,0.14925373134328357,0.0,0.0,0.14925373134328357,0.0,0.0,0.0,0.0,0.0,0.0,0.0,0.0,0.208955223880597
12.0,193,0.04990455387109623,0.7852076320335173,3.514911733106643,0.05590010150401491,0.8290741396784966,3.5066068002462516,0.3453501722158439,5,1.046875,1.046875,0.953125,0.0,0.004822043628013777,0.0,0.06061997703788749,0.5152698048220437,0.0,0.0,0.13568521031207598,0.08082663605051665,0.0,0.01653272101033295,0.0,0.0,0.0,0.0,0.0,0.0,0.023421354764638348,0.0,0.16282225237449116,0.0,0.04477611940298507,0.0,0.04477611940298507,0.4626865671641791,0.0,0.0,0.14925373134328357,0.0,0.0,0.1044776119402985,0.0,0.0,0.0,0.0,0.0,0.0,0.0,0.0,0.19402985074626866
12.0,194,0.058630578567749586,0.8202025328105444,3.387341759254915,0.05339694014911679,0.8183598342521385,3.541490818585851,0.4658288637181487,4,1.046875,1.046875,1.0,0.0,0.022962112514351322,0.0,0.0,0.5166475315729048,0.0,0.025618177767877028,0.030073513031855643,0.06888633754305397,0.0,0.09184845005740529,0.045924225028702644,0.0,0.019589552238805968,0.011138338159946535,0.0,0.0,0.0077968367119625745,0.0,0.15951492537313433,0.0,0.029850746268656716,0.0,0.0,0.4626865671641791,0.0,0.0,0.1791044776119403,0.0,0.0,0.13432835820895522,0.0,0.0,0.0,0.0,0.0,0.0,0.0,0.0,0.19402985074626866
12.0,195,0.05889471478483835,0.8284495089486253,3.4137198965606923,0.053654945205869484,0.8194424586637782,3.537639585460425,0.4379849006714679,5,1.046875,1.046875,0.953125,0.0,0.058553386911595874,0.0,0.030998851894374287,0.47531572904707237,0.0,0.0,0.05540479421076436,0.030998851894374287,0.0,0.08266360505166477,0.05166475315729048,0.0,0.0,0.0,0.0,0.0,0.049072817729534146,0.0,0.1653272101033295,0.0,0.014925373134328358,0.0,0.0,0.4626865671641791,0.0,0.0,0.14925373134328357,0.0,0.0,0.14925373134328357,0.0,0.0,0.0,0.0,0.0,0.0,0.0,0.0,0.22388059701492538
12.0,196,0.05781731700432702,0.8224305843177051,3.420347920846212,0.05368713217650983,0.819997808298631,3.5389757661802466,0.47777197926451653,5,1.046875,1.046875,0.890625,0.0,0.021584385763490244,0.0,0.021584385763490244,0.5072330654420206,0.0,0.0,0.03505201266395296,0.05396096440872561,0.0,0.09712973593570609,0.018091361374943462,0.0,0.0,0.07921928817451206,0.0,0.0,0.021483491632745363,0.0,0.14466130884041334,0.0,0.029850746268656716,0.0,0.0,0.4626865671641791,0.0,0.0,0.14925373134328357,0.0,0.0,0.13432835820895522,0.0,0.0,0.0,0.0,0.0,0.0,0.0,0.0,0.22388059701492538
12.0,197,0.051311115451191686,0.8034596470075149,3.546976749592345,0.055123341611338215,0.8266597087120146,3.520943063523105,0.23394687012697707,5,1.046875,1.046875,0.875,0.0,0.02494987747828024,0.0,0.01247493873914012,0.4865226108264647,0.0,0.0,0.21207395856538205,0.0,0.0,0.09979950991312096,0.0,0.0,0.005130597014925373,0.0,0.0,0.010261194029850746,0.0,0.0,0.14878731343283583,0.0,0.029850746268656716,0.0,0.014925373134328358,0.4626865671641791,0.0,0.0,0.13432835820895522,0.0,0.0,0.13432835820895522,0.0,0.0,0.0,0.0,0.0,0.0,0.0,0.0,0.22388059701492538
12.0,198,0.05564860585538352,0.8161706193246714,3.4598224517483414,0.055629067428111766,0.8287419293356366,3.5137302889953093,0.3249306352851129,5,1.046875,1.046875,0.984375,0.0,0.026176808266360506,0.0,0.04362801377726751,0.4362801377726751,0.0,0.0,0.0865205223880597,0.06107921928817451,0.0,0.12935323383084577,0.0,0.0,0.0,0.03980099502487562,0.0,0.017957089552238806,0.0,0.0,0.15920398009950248,0.0,0.04477611940298507,0.0,0.0,0.4626865671641791,0.0,0.0,0.16417910447761194,0.0,0.0,0.13432835820895522,0.0,0.0,0.0,0.0,0.0,0.0,0.0,0.0,0.19402985074626866
12.0,199,0.05082784871391929,0.777148876581075,3.4470958473617332,0.053038877711988244,0.8165693258749759,3.545650291678519,0.5513093871302827,5,1.046875,1.046875,0.984375,0.0,0.017057569296375266,0.0,0.025586353944562896,0.4927669345579794,0.0,0.0,0.05947187141216991,0.08244491826581378,0.0,0.054015636105188336,0.04799081515499426,0.0,0.0,0.04500574052812859,0.0,0.059471871412169926,0.0,0.0,0.11618828932261768,0.0,0.04477611940298507,0.0,0.014925373134328358,0.4626865671641791,0.0,0.0,0.16417910447761194,0.0,0.0,0.1044776119402985,0.0,0.0,0.0,0.0,0.0,0.0,0.0,0.0,0.208955223880597
16.0,0,0.056404865320122725,0.8107211042788018,3.413604443752438,0.053038877711988244,0.8165693258749759,3.545650291678519,0.5018500156559859,5,1.046875,1.046875,0.984375,0.0,0.023518769787426504,0.0,0.04703753957485301,0.4938941655359566,0.0,0.0,0.049440298507462684,0.0,0.0,0.08231569425599276,0.04799081515499426,0.0,0.010261194029850746,0.12935323383084577,0.0,0.0,0.0,0.0,0.11618828932261768,0.0,0.04477611940298507,0.0,0.014925373134328358,0.4626865671641791,0.0,0.0,0.16417910447761194,0.0,0.0,0.1044776119402985,0.0,0.0,0.0,0.0,0.0,0.0,0.0,0.0,0.208955223880597
16.0,1,0.054122564065804186,0.8106951414817183,3.484724018032825,0.05449649037759723,0.8232312262883594,3.5264486828338297,0.3210103329506314,5,1.046875,1.046875,0.984375,0.0,0.021125143513203215,0.0,0.010562571756601608,0.4964408725602755,0.0,0.0,0.13432835820895522,0.06337543053960965,0.0,0.09506314580941447,0.0,0.0,0.0,0.06337543053960965,0.0,0.0,0.0,0.0,0.11572904707233066,0.0,0.04477611940298507,0.0,0.029850746268656716,0.4626865671641791,0.0,0.0,0.14925373134328357,0.0,0.0,0.1044776119402985,0.0,0.0,0.0,0.0,0.0,0.0,0.0,0.0,0.208955223880597
16.0,2,0.05667974911073601,0.8051632054294882,3.3819716331470744,0.05351602032162213,0.8191788212753848,3.541088742907328,0.5957065322736964,5,1.046875,1.046875,0.984375,0.0,0.01279317697228145,0.0,0.017057569296375266,0.5671641791044776,0.0,0.0,0.06529850746268656,0.049040511727078885,0.0,0.042643923240938165,0.044097693351424695,0.009328358208955223,0.01279317697228145,0.0,0.0,0.0,0.06105834464043419,0.0,0.11872455902306649,0.0,0.029850746268656716,0.0,0.0,0.4626865671641791,0.0,0.0,0.16417910447761194,0.0,0.0,0.13432835820895522,0.0,0.0,0.0,0.0,0.0,0.0,0.0,0.0,0.208955223880597
16.0,3,0.05623833814223114,0.8160561748686093,3.4411516798760493,0.05492948764011889,0.8258407216887683,3.5236561327839153,0.4339839265212399,5,1.046875,1.046875,0.890625,0.0,0.021125143513203215,0.0,0.021125143513203215,0.5070034443168772,0.0,0.0,0.05510907003444317,0.05281285878300804,0.0,0.08450057405281286,0.028932261768082664,0.0,0.0,0.07921928817451206,0.0,0.005510907003444317,0.0,0.0,0.14466130884041334,0.0,0.029850746268656716,0.0,0.014925373134328358,0.4626865671641791,0.0,0.0,0.14925373134328357,0.0,0.0,0.13432835820895522,0.0,0.0,0.0,0.0,0.0,0.0,0.0,0.0,0.208955223880597
16.0,4,0.05742126147432089,0.8298407876562129,3.463047213227413,0.05478766535128192,0.8250217346655221,3.5247148862220214,0.2791096183833987,5,1.046875,1.046875,0.984375,0.0,0.010103329506314582,0.0,0.04041331802525833,0.5152698048220437,0.0,0.0,0.12296725328580975,0.0,0.0,0.09092996555683124,0.061483626642904875,0.0,0.0,0.0,0.0,0.0,0.0,0.0,0.1588327021608376,0.0,0.029850746268656716,0.0,0.014925373134328358,0.4626865671641791,0.0,0.0,0.16417910447761194,0.0,0.0,0.13432835820895522,0.0,0.0,0.0,0.0,0.0,0.0,0.0,0.0,0.19402985074626866
16.0,5,0.05409168668201844,0.813970072226734,3.4997995848708925,0.05577464550298518,0.8295609163588828,3.5126095144224303,0.29424404955703687,5,1.046875,1.046875,0.875,0.0,0.03742481621742036,0.0,0.01247493873914012,0.4865226108264647,0.0,0.0,0.21207395856538205,0.0,0.0,0.08732457117398083,0.04799081515499426,0.0,0.0,0.0,0.0,0.0,0.0,0.0,0.11618828932261768,0.0,0.04477611940298507,0.0,0.0,0.4626865671641791,0.0,0.0,0.14925373134328357,0.0,0.0,0.13432835820895522,0.0,0.0,0.0,0.0,0.0,0.0,0.0,0.0,0.208955223880597
16.0,6,0.05231877334589245,0.8127379846623446,3.5532174081856502,0.05726402409675918,0.8362228167722663,3.4944681092465437,0.1171067738231917,4,1.046875,1.046875,1.0,0.0,0.028932261768082668,0.0,0.038576349024110224,0.47137447092893736,0.0,0.0,0.1543053960964409,0.0,0.0,0.09161882893226178,0.0,0.0,0.0,0.0,0.0,0.0,0.0,0.0,0.21519269325016707,0.0,0.04477611940298507,0.0,0.014925373134328358,0.4626865671641791,0.0,0.0,0.13432835820895522,0.0,0.0,0.13432835820895522,0.0,0.0,0.0,0.0,0.0,0.0,0.0,0.0,0.208955223880597
16.0,7,0.05517376004151057,0.8168247638761991,3.477463698219601,0.05563990157460111,0.8290055667240299,3.5145058478937403,0.358958261609186,5,1.046875,1.046875,0.890625,0.0,0.025840944531075962,0.0,0.012920472265537981,0.5168188906215192,0.0,0.0,0.2067275562486077,0.0,0.0,0.10336377812430385,0.0,0.0,0.0,0.0,0.0,0.0,0.05495251017639077,0.0,0.07937584803256445,0.0,0.029850746268656716,0.0,0.0,0.4626865671641791,0.0,0.0,0.14925373134328357,0.0,0.0,0.14925373134328357,0.0,0.0,0.0,0.0,0.0,0.0,0.0,0.0,0.208955223880597
16.0,8,0.05379491267522211,0.8101000134277432,3.4927542995571286,0.05449649037759723,0.8232312262883594,3.5264486828338297,0.2480495251017638,5,1.046875,1.046875,0.890625,0.0,0.0203527815468114,0.0,0.0661308840413318,0.47118254879448906,0.0,0.0,0.10990502035278155,0.036635006784260515,0.0,0.07734056987788332,0.024423337856173677,0.0,0.0,0.0,0.0,0.018190298507462687,0.0,0.0,0.17583955223880599,0.0,0.04477611940298507,0.0,0.029850746268656716,0.4626865671641791,0.0,0.0,0.14925373134328357,0.0,0.0,0.1044776119402985,0.0,0.0,0.0,0.0,0.0,0.0,0.0,0.0,0.208955223880597
16.0,9,0.0518712228503177,0.7922703203073853,3.478645263589678,0.05563990157460111,0.8290055667240299,3.5145058478937403,0.45298021369578906,5,1.046875,1.046875,0.96875,0.0,0.007944150216658643,0.0,0.03972075108329321,0.4672789896670494,0.0,0.003031716417910448,0.05097588978185993,0.0849598163030999,0.0,0.060905151661049595,0.05560905151661049,0.0,0.0,0.03857634902411022,0.0,0.0,0.0,0.0,0.19099813432835822,0.0,0.029850746268656716,0.0,0.0,0.4626865671641791,0.0,0.0,0.14925373134328357,0.0,0.0,0.14925373134328357,0.0,0.0,0.0,0.0,0.0,0.0,0.0,0.0,0.208955223880597
16.0,10,0.061118191663677074,0.8367094166349809,3.3844601795319944,0.05577464550298518,0.8295609163588828,3.5126095144224303,0.4691359635389486,4,1.046875,1.046875,0.984375,0.0,0.020522388059701493,0.0,0.030783582089552237,0.5130597014925373,0.0,0.0,0.09873708381171066,0.07937584803256446,0.0,0.09235074626865672,0.0505166475315729,0.0,0.0,0.023518769787426504,0.0,0.0,0.0,0.0,0.0911352329262777,0.0,0.04477611940298507,0.0,0.0,0.4626865671641791,0.0,0.0,0.14925373134328357,0.0,0.0,0.13432835820895522,0.0,0.0,0.0,0.0,0.0,0.0,0.0,0.0,0.208955223880597
16.0,11,0.054274866360921624,0.8002263204779851,3.4348948780356805,0.053677164068680075,0.8197341709102375,3.5381664320650814,0.5462686567164179,4,1.046875,1.046875,0.96875,0.0,0.022043628013777267,0.0,0.022043628013777267,0.4959816303099885,0.0,0.0,0.0679678530424799,0.04408725602755453,0.0,0.07715269804822043,0.05510907003444317,0.0,0.0,0.05143513203214696,0.0,0.0,0.06716417910447761,0.0,0.09701492537313433,0.0,0.04477611940298507,0.0,0.0,0.4626865671641791,0.0,0.0,0.16417910447761194,0.0,0.0,0.11940298507462686,0.0,0.0,0.0,0.0,0.0,0.0,0.0,0.0,0.208955223880597
16.0,12,0.0558241601295996,0.8097059850095569,3.4270169344363035,0.05583447180889758,0.8298245537472762,3.5118428613832418,0.5015482030407403,4,1.046875,1.046875,0.9375,0.0,0.011021814006888633,0.0,0.0,0.5070034443168772,0.0,0.0,0.03165988240615106,0.05510907003444317,0.0,0.0991963260619977,0.04408725602755453,0.0,0.0,0.07921928817451206,0.0,0.0,0.02804161013116237,0.0,0.14466130884041334,0.0,0.029850746268656716,0.0,0.0,0.4626865671641791,0.0,0.0,0.13432835820895522,0.0,0.0,0.14925373134328357,0.0,0.0,0.0,0.0,0.0,0.0,0.0,0.0,0.22388059701492538
16.0,13,0.05477121234602633,0.804389964364612,3.4370865366714005,0.053038877711988244,0.8165693258749759,3.545650291678519,0.5088960790453327,5,1.046875,1.046875,0.90625,0.0,0.011021814006888633,0.0,0.0330654420206659,0.4959816303099885,0.0,0.0,0.03165988240615106,0.04408725602755453,0.0,0.07715269804822043,0.05510907003444317,0.0,0.0,0.07577497129735937,0.0,0.0,0.02804161013116237,0.0,0.14810562571756603,0.0,0.04477611940298507,0.0,0.014925373134328358,0.4626865671641791,0.0,0.0,0.16417910447761194,0.0,0.0,0.1044776119402985,0.0,0.0,0.0,0.0,0.0,0.0,0.0,0.0,0.208955223880597
16.0,14,0.05684443791467175,0.8114030923777016,3.4032407305051993,0.05492948764011889,0.8258407216887683,3.5236561327839153,0.5013116236996834,5,1.046875,1.046875,0.890625,0.0,0.025137470542026707,0.0,0.053731343283582096,0.45671641791044776,0.0,0.0,0.05540479421076436,0.07164179104477612,0.0,0.09426551453260015,0.044097693351424695,0.0,0.0,0.04703753957485301,0.0,0.0,0.049072817729534146,0.0,0.10289461781999096,0.0,0.029850746268656716,0.0,0.014925373134328358,0.4626865671641791,0.0,0.0,0.14925373134328357,0.0,0.0,0.13432835820895522,0.0,0.0,0.0,0.0,0.0,0.0,0.0,0.0,0.208955223880597
16.0,15,0.04693543493078047,0.7685840784850594,3.5476515780276445,0.05368713217650983,0.819997808298631,3.5389757661802466,0.5123400450880696,5,1.046875,1.0625,0.984375,0.0,0.0070028011204481795,0.0,0.011204481792717087,0.5267778753292361,0.0,0.0,0.20851624231782265,0.025910364145658265,0.0,0.03936651583710408,0.0,0.0,0.0,0.04683257918552036,0.0,0.0,0.04886877828054299,0.0,0.08552036199095023,0.0,0.029850746268656716,0.0,0.0,0.4626865671641791,0.0,0.0,0.14925373134328357,0.0,0.0,0.13432835820895522,0.0,0.0,0.0,0.0,0.0,0.0,0.0,0.0,0.22388059701492538
16.0,16,0.053446677646513334,0.8058810379296315,3.485865131752756,0.055123341611338215,0.8266597087120146,3.520943063523105,0.33203214695752015,5,1.046875,1.046875,0.96875,0.0,0.028932261768082668,0.0,0.038576349024110224,0.4580941446613088,0.0,0.0,0.1543053960964409,0.0,0.0,0.09161882893226178,0.0642939150401837,0.0,0.0,0.05809414466130884,0.0,0.0,0.0,0.0,0.1060849598163031,0.0,0.029850746268656716,0.0,0.014925373134328358,0.4626865671641791,0.0,0.0,0.13432835820895522,0.0,0.0,0.13432835820895522,0.0,0.0,0.0,0.0,0.0,0.0,0.0,0.0,0.22388059701492538
16.0,17,0.050584608130131735,0.8030252641289578,3.5704258154138273,0.05563990157460111,0.8290055667240299,3.5145058478937403,0.20744622475856003,5,1.046875,1.0625,0.9375,0.0,0.024582967515364353,0.0,0.012291483757682176,0.491659350307287,0.0,0.0027573529411764708,0.208955223880597,0.0,0.0,0.08604038630377524,0.0,0.0,0.0,0.0,0.0,0.0,0.0,0.0,0.17371323529411767,0.0,0.029850746268656716,0.0,0.0,0.4626865671641791,0.0,0.0,0.14925373134328357,0.0,0.0,0.14925373134328357,0.0,0.0,0.0,0.0,0.0,0.0,0.0,0.0,0.208955223880597
16.0,18,0.055704459373653537,0.8094939273008028,3.429798556808757,0.056960414251864384,0.8348484801141672,3.4980103592636067,0.4064737501304665,5,1.046875,1.046875,0.875,0.0,0.030529172320217096,0.0,0.03168771526980482,0.48587830080367395,0.0,0.0,0.05088195386702849,0.04225028702640643,0.0,0.08450057405281286,0.04225028702640643,0.0,0.016791044776119403,0.026458616010854814,0.0,0.008395522388059701,0.026458616010854814,0.0,0.15391791044776118,0.0,0.029850746268656716,0.0,0.014925373134328358,0.4626865671641791,0.0,0.0,0.14925373134328357,0.0,0.0,0.14925373134328357,0.0,0.0,0.0,0.0,0.0,0.0,0.0,0.0,0.19402985074626866
16.0,19,0.056017073222874365,0.8127297584792431,3.433886646579012,0.053212312826758146,0.8173883128982221,3.5434177475690003,0.4638903385172041,5,1.046875,1.046875,0.9375,0.0,0.0,0.0,0.021584385763490244,0.5072330654420206,0.0,0.0,0.03165988240615106,0.06475315729047072,0.0,0.10792192881745122,0.0,0.0,0.0,0.08450057405281286,0.0,0.0,0.02804161013116237,0.0,0.15430539609644087,0.0,0.04477611940298507,0.0,0.014925373134328358,0.4626865671641791,0.0,0.0,0.14925373134328357,0.0,0.0,0.1044776119402985,0.0,0.0,0.0,0.0,0.0,0.0,0.0,0.0,0.22388059701492538
16.0,20,0.052604168450711045,0.8094561714057253,3.5292567875430993,0.05492948764011889,0.8258407216887683,3.5236561327839153,0.16991963260619977,5,1.046875,1.046875,0.9375,0.0,0.020665901262916193,0.0,0.010332950631458096,0.4856486796785304,0.0,0.0,0.14925373134328357,0.061997703788748575,0.0,0.09299655568312286,0.0,0.0,0.0,0.0,0.0,0.0,0.0,0.0,0.1791044776119403,0.0,0.029850746268656716,0.0,0.014925373134328358,0.4626865671641791,0.0,0.0,0.14925373134328357,0.0,0.0,0.13432835820895522,0.0,0.0,0.0,0.0,0.0,0.0,0.0,0.0,0.208955223880597
16.0,21,0.059467933786981106,0.8374890456431432,3.4342958935852135,0.053212312826758146,0.8173883128982221,3.5434177475690003,0.3401310948648886,5,1.046875,1.046875,0.921875,0.0,0.028068612163065273,0.0,0.028068612163065273,0.4350634885275117,0.0,0.0,0.0235187697874265,0.02261420171867933,0.0,0.154377366896859,0.01085481682496608,0.0,0.0,0.0,0.0,0.0,0.00271370420624152,0.0,0.2947204277121854,0.0,0.04477611940298507,0.0,0.014925373134328358,0.4626865671641791,0.0,0.0,0.14925373134328357,0.0,0.0,0.1044776119402985,0.0,0.0,0.0,0.0,0.0,0.0,0.0,0.0,0.22388059701492538
16.0,22,0.05993818138587846,0.8412345257250183,3.436096148758915,0.053212312826758146,0.8173883128982221,3.5434177475690003,0.30160594584742495,5,1.046875,1.046875,0.9375,0.0,0.02762307863666741,0.0,0.0,0.4834038761416796,0.0,0.0,0.030529172320217096,0.029398462234283124,0.0,0.13811539318333704,0.014699231117141562,0.0,0.0,0.0,0.0,0.0,0.0,0.0,0.2762307863666741,0.0,0.04477611940298507,0.0,0.014925373134328358,0.4626865671641791,0.0,0.0,0.14925373134328357,0.0,0.0,0.1044776119402985,0.0,0.0,0.0,0.0,0.0,0.0,0.0,0.0,0.22388059701492538
16.0,23,0.05822148162133026,0.8279361736871342,3.4312726717112656,0.05712569492011009,0.8356674671374135,3.496372913967413,0.3803708729081864,5,1.046875,1.046875,0.75,0.0,0.029850746268656716,0.0,0.02849389416553596,0.5074626865671642,0.0,0.0,0.11397557666214383,0.0407055630936228,0.0,0.08548168249660787,0.044097693351424695,0.0,0.0,0.04703753957485301,0.0,0.0,0.0,0.0,0.10289461781999096,0.0,0.029850746268656716,0.0,0.014925373134328358,0.4626865671641791,0.0,0.0,0.13432835820895522,0.0,0.0,0.14925373134328357,0.0,0.0,0.0,0.0,0.0,0.0,0.0,0.0,0.208955223880597
16.0,24,0.04752296220171958,0.7679983087599372,3.522966488172884,0.05416067028957555,0.8218568896302603,3.531459133792123,0.42222454162752665,5,1.046875,1.046875,0.921875,0.0,0.0,0.0,0.022614201718679332,0.45228403437358666,0.0,0.0,0.1044776119402985,0.0,0.0,0.11307100859339667,0.033921302578019,0.0,0.0,0.05281285878300804,0.0,0.0,0.12437810945273632,0.0,0.09644087256027555,0.0,0.029850746268656716,0.0,0.029850746268656716,0.4626865671641791,0.0,0.0,0.16417910447761194,0.0,0.0,0.11940298507462686,0.0,0.0,0.0,0.0,0.0,0.0,0.0,0.0,0.19402985074626866
16.0,25,0.05482955091372826,0.8033168007890368,3.4306744302777075,0.053212312826758146,0.8173883128982221,3.5434177475690003,0.4763022011156339,5,1.046875,1.046875,0.921875,0.0,0.011608623548922056,0.0,0.06750861079219289,0.4918484500574053,0.0,0.0,0.027137042062415195,0.053067993366500824,0.0,0.03980099502487562,0.06750861079219289,0.0,0.0,0.018091361374943465,0.0032649253731343282,0.0,0.014473089099954772,0.0,0.20569029850746268,0.0,0.04477611940298507,0.0,0.014925373134328358,0.4626865671641791,0.0,0.0,0.14925373134328357,0.0,0.0,0.1044776119402985,0.0,0.0,0.0,0.0,0.0,0.0,0.0,0.0,0.22388059701492538
16.0,26,0.056519047988280606,0.8156940428994948,3.4310723156859644,0.054692667608698765,0.8240502133116057,3.5236204589910534,0.46872629857704484,5,1.046875,1.046875,0.9375,0.0,0.021584385763490244,0.0,0.0,0.5180252583237658,0.0,0.0,0.03957485300768882,0.06475315729047072,0.0,0.09712973593570609,0.0,0.0,0.0,0.07921928817451206,0.0,0.0,0.03505201266395296,0.0,0.14466130884041334,0.0,0.04477611940298507,0.0,0.029850746268656716,0.4626865671641791,0.0,0.0,0.13432835820895522,0.0,0.0,0.1044776119402985,0.0,0.0,0.0,0.0,0.0,0.0,0.0,0.0,0.22388059701492538
16.0,27,0.04869698802173139,0.771895542502447,3.4979007521525554,0.05563990157460111,0.8290055667240299,3.5145058478937403,0.5146295496767402,5,1.046875,1.0625,0.90625,0.0,0.04901960784313726,0.0,0.018674136321195144,0.4705882352941177,0.0,0.0027573529411764708,0.0334841628959276,0.05602240896358543,0.0,0.04295051353874883,0.0,0.0,0.0,0.025339366515837104,0.0,0.0,0.12745098039215685,0.0,0.17371323529411767,0.0,0.029850746268656716,0.0,0.0,0.4626865671641791,0.0,0.0,0.14925373134328357,0.0,0.0,0.14925373134328357,0.0,0.0,0.0,0.0,0.0,0.0,0.0,0.0,0.208955223880597
16.0,28,0.05115340889294558,0.7990968265634072,3.5331503240131665,0.053212312826758146,0.8173883128982221,3.5434177475690003,0.32146957520091846,5,1.046875,1.046875,0.984375,0.0,0.012629161882893227,0.0,0.0277841561423651,0.5373134328358209,0.0,0.0,0.13568521031207598,0.0,0.0,0.05051664753157291,0.0,0.0,0.0,0.07324913892078072,0.0,0.0,0.0,0.0,0.16282225237449116,0.0,0.04477611940298507,0.0,0.014925373134328358,0.4626865671641791,0.0,0.0,0.14925373134328357,0.0,0.0,0.1044776119402985,0.0,0.0,0.0,0.0,0.0,0.0,0.0,0.0,0.22388059701492538
16.0,29,0.056804659343164754,0.8103015556969139,3.399810359163845,0.05278861638337149,0.8154586266052702,3.5492107796239822,0.6436906377204885,5,1.046875,1.046875,0.9375,0.0,0.0,0.0,0.08082663605051665,0.5758897818599311,0.0,0.0,0.03934871099050203,0.036635006784260515,0.0,0.01653272101033295,0.0,0.0,0.0,0.07921928817451206,0.0,0.013318025258323766,0.013568521031207597,0.0,0.14466130884041334,0.0,0.014925373134328358,0.0,0.014925373134328358,0.4626865671641791,0.0,0.0,0.16417910447761194,0.0,0.0,0.13432835820895522,0.0,0.0,0.0,0.0,0.0,0.0,0.0,0.0,0.208955223880597
16.0,30,0.05396905313914628,0.8035881024324057,3.4590839229813164,0.05604138573074617,0.8301162659937356,3.5065859722245767,0.48466757123473536,5,1.046875,1.046875,0.9375,0.0,0.015671641791044775,0.015671641791044775,0.03805970149253731,0.5346402316774337,0.0,0.0,0.21162842503898419,0.0,0.0,0.06492537313432836,0.0,0.0,0.0,0.01990049751243781,0.0,0.0,0.034373586612392586,0.0,0.06512890094979647,0.0,0.05970149253731343,0.0,0.0,0.4626865671641791,0.0,0.0,0.14925373134328357,0.0,0.0,0.11940298507462686,0.0,0.0,0.0,0.0,0.0,0.0,0.0,0.0,0.208955223880597
16.0,31,0.05589979338427342,0.8184395341766435,3.46163679258945,0.05243185941279285,0.8136681182281076,3.553445587834309,0.24018369690011482,5,1.046875,1.046875,0.953125,0.0,0.05074626865671642,0.0,0.04041331802525833,0.45464982778415614,0.0,0.0,0.14925373134328357,0.030309988518943745,0.0,0.09092996555683124,0.04041331802525833,0.0,0.0,0.0,0.0,0.01791044776119403,0.0,0.0,0.12537313432835823,0.0,0.029850746268656716,0.0,0.029850746268656716,0.4626865671641791,0.0,0.0,0.14925373134328357,0.0,0.0,0.1044776119402985,0.0,0.0,0.0,0.0,0.0,0.0,0.0,0.0,0.22388059701492538
16.0,32,0.052822423421390916,0.8158687830332119,3.549859425140253,0.053038877711988244,0.8165693258749759,3.545650291678519,0.0711825487944891,5,1.046875,1.046875,0.96875,0.0,0.03214695752009185,0.0,0.0,0.4816217420360882,0.0,0.0,0.15614236509758897,0.0,0.0,0.11021814006888633,0.0,0.0,0.0,0.0,0.0,0.0,0.0,0.0,0.21987079527734463,0.0,0.04477611940298507,0.0,0.014925373134328358,0.4626865671641791,0.0,0.0,0.16417910447761194,0.0,0.0,0.1044776119402985,0.0,0.0,0.0,0.0,0.0,0.0,0.0,0.0,0.208955223880597
16.0,33,0.053262811418048624,0.7970484420151154,3.4536050761297847,0.056242035010961276,0.8309352530169818,3.5037787261905655,0.4483689507010403,5,1.046875,1.046875,0.9375,0.014925373134328358,0.004897388059701492,0.0,0.010494402985074626,0.5635999108932948,0.0,0.0,0.03957485300768882,0.018190298507462687,0.0,0.04477611940298507,0.011194029850746268,0.0,0.0,0.01225217197594119,0.0,0.0,0.03505201266395296,0.0,0.2450434395188238,0.0,0.05970149253731343,0.0,0.0,0.4626865671641791,0.0,0.0,0.13432835820895522,0.0,0.0,0.11940298507462686,0.0,0.0,0.0,0.0,0.0,0.0,0.0,0.0,0.22388059701492538
16.0,34,0.05633706165273762,0.8085910583336569,3.406683903472662,0.05351602032162213,0.8191788212753848,3.541088742907328,0.5981456354590683,5,1.046875,1.046875,0.953125,0.0,0.047807835820895525,0.0,0.013992537313432835,0.5641324626865671,0.0,0.0,0.07416044776119403,0.02798507462686567,0.0,0.026585820895522385,0.020988805970149252,0.0,0.015391791044776119,0.04115784712799638,0.0,0.0,0.06015377657168702,0.0,0.10764360018091361,0.0,0.029850746268656716,0.0,0.0,0.4626865671641791,0.0,0.0,0.16417910447761194,0.0,0.0,0.13432835820895522,0.0,0.0,0.0,0.0,0.0,0.0,0.0,0.0,0.208955223880597
16.0,35,0.05812460470643037,0.8267913567001748,3.4293824552803365,0.053212312826758146,0.8173883128982221,3.5434177475690003,0.45151863062310815,5,1.046875,1.046875,0.921875,0.0,0.0,0.0,0.04225028702640643,0.5386911595866819,0.0,0.0,0.047489823609226586,0.0,0.0,0.10562571756601608,0.0,0.0,0.0,0.07921928817451206,0.0,0.0,0.04206241519674356,0.0,0.14466130884041334,0.0,0.04477611940298507,0.0,0.014925373134328358,0.4626865671641791,0.0,0.0,0.14925373134328357,0.0,0.0,0.1044776119402985,0.0,0.0,0.0,0.0,0.0,0.0,0.0,0.0,0.22388059701492538
16.0,36,0.05401712419022499,0.8164447907255177,3.512862029258792,0.055123341611338215,0.8266597087120146,3.520943063523105,0.19977037887485655,5,1.046875,1.046875,0.984375,0.0,0.020665901262916193,0.0,0.0,0.4959816303099886,0.0,0.0,0.14925373134328357,0.0,0.0,0.10332950631458096,0.05166475315729048,0.0,0.0,0.0,0.0,0.0,0.0,0.0,0.1791044776119403,0.0,0.029850746268656716,0.0,0.014925373134328358,0.4626865671641791,0.0,0.0,0.13432835820895522,0.0,0.0,0.13432835820895522,0.0,0.0,0.0,0.0,0.0,0.0,0.0,0.0,0.22388059701492538
16.0,37,0.060323113871836226,0.8375952729014847,3.410298090251818,0.05577464550298518,0.8295609163588828,3.5126095144224303,0.3852836849049813,5,1.046875,1.046875,0.75,0.0,0.029850746268656716,0.0,0.03949483352468427,0.5035591274397244,0.0,0.0,0.1791044776119403,0.05346402316774337,0.0,0.09873708381171067,0.020049008687903762,0.0,0.0,0.008910670527957227,0.0,0.0,0.0,0.0,0.06683002895967921,0.0,0.04477611940298507,0.0,0.0,0.4626865671641791,0.0,0.0,0.14925373134328357,0.0,0.0,0.13432835820895522,0.0,0.0,0.0,0.0,0.0,0.0,0.0,0.0,0.208955223880597
16.0,38,0.05847227499835639,0.83579703433199,3.4564145933330392,0.05549736302268701,0.8281865797007837,3.5155397654368645,0.2759405145237178,5,1.046875,1.046875,0.953125,0.0,0.02762307863666741,0.0,0.013811539318333704,0.4834038761416796,0.0,0.0,0.03957485300768882,0.0,0.0,0.13811539318333704,0.0,0.0,0.0,0.0,0.0,0.0,0.03505201266395296,0.0,0.26241924704834035,0.0,0.029850746268656716,0.0,0.0,0.4626865671641791,0.0,0.0,0.16417910447761194,0.0,0.0,0.14925373134328357,0.0,0.0,0.0,0.0,0.0,0.0,0.0,0.0,0.19402985074626866
16.0,39,0.05865717285499653,0.8358692894079018,3.45126101383458,0.056242035010961276,0.8309352530169818,3.5037787261905655,0.26219753505201265,5,1.046875,1.046875,0.984375,0.0,0.020988805970149255,0.0,0.0,0.535214552238806,0.0,0.0,0.04590682948891904,0.0,0.0,0.1154384328358209,0.0,0.0,0.0,0.031659882406151064,0.0,0.0,0.026910900045228402,0.0,0.22388059701492538,0.0,0.05970149253731343,0.0,0.0,0.4626865671641791,0.0,0.0,0.13432835820895522,0.0,0.0,0.11940298507462686,0.0,0.0,0.0,0.0,0.0,0.0,0.0,0.0,0.22388059701492538
16.0,40,0.054189395201265526,0.8160556061650881,3.505601941044989,0.053212312826758146,0.8173883128982221,3.5434177475690003,0.2682529516596124,5,1.046875,1.046875,0.921875,0.0,0.027177545110269548,0.0,0.027177545110269548,0.42125194920917797,0.0,0.0,0.07416044776119403,0.0,0.0,0.1494764981064825,0.0,0.0,0.0,0.0,0.0,0.015391791044776119,0.0,0.0,0.28536422365783026,0.0,0.04477611940298507,0.0,0.014925373134328358,0.4626865671641791,0.0,0.0,0.14925373134328357,0.0,0.0,0.1044776119402985,0.0,0.0,0.0,0.0,0.0,0.0,0.0,0.0,0.22388059701492538
16.0,41,0.05300805010423301,0.8087443618154857,3.512694263380441,0.054301776315335386,0.8226758766535065,3.530382360106943,0.24727110715081305,5,1.046875,1.046875,0.90625,0.0,0.020665901262916193,0.0,0.020665901262916193,0.4856486796785304,0.0,0.0,0.12742258854978838,0.05166475315729048,0.0,0.09299655568312286,0.0,0.0,0.0,0.04900868790376475,0.0,0.0,0.0,0.0,0.15192693250167075,0.0,0.029850746268656716,0.0,0.029850746268656716,0.4626865671641791,0.0,0.0,0.14925373134328357,0.0,0.0,0.11940298507462686,0.0,0.0,0.0,0.0,0.0,0.0,0.0,0.0,0.208955223880597
16.0,42,0.05358539973582491,0.8046765536776946,3.4761468088922762,0.05492948764011889,0.8258407216887683,3.5236561327839153,0.432926940389627,5,1.046875,1.046875,0.90625,0.0,0.0,0.0,0.023691068467187867,0.5328580975718423,0.0,0.0,0.042479908151549936,0.0710732054015636,0.0,0.05448945747453209,0.0,0.0,0.0,0.03214695752009185,0.0,0.0,0.0,0.0,0.24326130541323238,0.0,0.029850746268656716,0.0,0.014925373134328358,0.4626865671641791,0.0,0.0,0.14925373134328357,0.0,0.0,0.13432835820895522,0.0,0.0,0.0,0.0,0.0,0.0,0.0,0.0,0.208955223880597
16.0,43,0.047155261342011826,0.7760313690279346,3.5736679624373555,0.053212312826758146,0.8173883128982221,3.5434177475690003,0.3312870390693591,5,1.046875,1.0625,1.0,0.002527573529411765,0.006893382352941176,0.0,0.02068014705882353,0.49517120280948196,0.0,0.0,0.19600526777875327,0.04595588235294118,0.0,0.04136029411764706,0.03216911764705883,0.0,0.0,0.0,0.0,0.0,0.0,0.0,0.15923713235294118,0.0,0.04477611940298507,0.0,0.014925373134328358,0.4626865671641791,0.0,0.0,0.14925373134328357,0.0,0.0,0.1044776119402985,0.0,0.0,0.0,0.0,0.0,0.0,0.0,0.0,0.22388059701492538
16.0,44,0.05337482558507942,0.8097734607744157,3.5050587744606116,0.05583447180889758,0.8298245537472762,3.5118428613832418,0.3059136137494346,5,1.046875,1.046875,0.921875,0.0,0.0,0.0,0.0,0.5223880597014925,0.0,0.002798507462686567,0.09950248756218905,0.0,0.0,0.10854816824966078,0.02261420171867933,0.0,0.0,0.04070556309362279,0.0,0.0,0.027137042062415195,0.0,0.17630597014925373,0.0,0.029850746268656716,0.0,0.0,0.4626865671641791,0.0,0.0,0.13432835820895522,0.0,0.0,0.14925373134328357,0.0,0.0,0.0,0.0,0.0,0.0,0.0,0.0,0.22388059701492538
16.0,45,0.052085463941204765,0.7938846898571348,3.4785572724311358,0.05478766535128192,0.8250217346655221,3.5247148862220214,0.44292397288610263,5,1.046875,1.046875,0.96875,0.0,0.01279317697228145,0.0,0.019189765458422173,0.5104477611940299,0.0,0.0,0.11427934952105145,0.05970149253731343,0.0,0.042643923240938165,0.07164179104477612,0.0,0.0,0.038093116507017154,0.0,0.0,0.0,0.0,0.13120962352417018,0.0,0.029850746268656716,0.0,0.014925373134328358,0.4626865671641791,0.0,0.0,0.16417910447761194,0.0,0.0,0.13432835820895522,0.0,0.0,0.0,0.0,0.0,0.0,0.0,0.0,0.19402985074626866
16.0,46,0.05040686425469676,0.7930974225132612,3.5324961547382157,0.053018144489801994,0.8168329632633693,3.547488474793131,0.2710258232646292,5,1.046875,1.046875,0.984375,0.0,0.016583747927031506,0.0,0.0,0.5142257462686567,0.0,0.0,0.14925373134328357,0.07581141909500118,0.0,0.05685856432125088,0.0,0.0,0.00816231343283582,0.0,0.0,0.0,0.0,0.0,0.1791044776119403,0.0,0.029850746268656716,0.0,0.014925373134328358,0.4626865671641791,0.0,0.0,0.14925373134328357,0.0,0.0,0.11940298507462686,0.0,0.0,0.0,0.0,0.0,0.0,0.0,0.0,0.22388059701492538
16.0,47,0.051903324289301084,0.7877603347836519,3.4577733465948537,0.053212312826758146,0.8173883128982221,3.5434177475690003,0.5163461538461538,5,1.046875,1.046875,0.953125,0.0,0.0,0.0,0.023066485753052916,0.4959294436906377,0.0,0.0,0.024720149253731342,0.0,0.0,0.11533242876526459,0.0,0.0,0.005130597014925373,0.07393800229621125,0.0,0.0,0.12686567164179102,0.0,0.13501722158438575,0.0,0.04477611940298507,0.0,0.014925373134328358,0.4626865671641791,0.0,0.0,0.14925373134328357,0.0,0.0,0.1044776119402985,0.0,0.0,0.0,0.0,0.0,0.0,0.0,0.0,0.22388059701492538
16.0,48,0.05859713660214351,0.8268260911916906,3.415670552100914,0.056291276679306515,0.8316836350789056,3.505400197200214,0.46132971506105824,5,1.046875,1.046875,0.9375,0.0,0.017057569296375266,0.0,0.025586353944562896,0.5431053686789931,0.0,0.01085481682496608,0.013116236996834011,0.07960199004975123,0.0,0.05685856432125088,0.0,0.0,0.0,0.005879692446856625,0.0,0.0,0.0,0.0,0.24793940744040988,0.0,0.029850746268656716,0.0,0.029850746268656716,0.4626865671641791,0.0,0.0,0.14925373134328357,0.0,0.0,0.13432835820895522,0.0,0.0,0.0,0.0,0.0,0.0,0.0,0.0,0.19402985074626866
16.0,49,0.05790546306294016,0.8175621885526965,3.3975122248883913,0.05563990157460111,0.8290055667240299,3.5145058478937403,0.574525971540897,5,1.046875,1.046875,0.9375,0.0,0.03917910447761194,0.0,0.058768656716417914,0.5289179104477613,0.0,0.0,0.04522840343735866,0.04522840343735866,0.0,0.01653272101033295,0.06544202066590127,0.0,0.0,0.027137042062415195,0.0,0.013318025258323766,0.0018091361374943465,0.0,0.1584385763490241,0.0,0.029850746268656716,0.0,0.0,0.4626865671641791,0.0,0.0,0.14925373134328357,0.0,0.0,0.14925373134328357,0.0,0.0,0.0,0.0,0.0,0.0,0.0,0.0,0.208955223880597
16.0,50,0.05667284665818684,0.8170043274350733,3.431917529730795,0.05492948764011889,0.8258407216887683,3.5236561327839153,0.4303517378144244,5,1.046875,1.046875,0.921875,0.0,0.0,0.0,0.03459972862957938,0.4849598163030999,0.0,0.0,0.06105834464043419,0.03867028493894166,0.0,0.1111366245694604,0.06061997703788749,0.0,0.0,0.07393800229621125,0.0,0.0,0.0,0.0,0.13501722158438575,0.0,0.029850746268656716,0.0,0.014925373134328358,0.4626865671641791,0.0,0.0,0.14925373134328357,0.0,0.0,0.13432835820895522,0.0,0.0,0.0,0.0,0.0,0.0,0.0,0.0,0.208955223880597
16.0,51,0.057875545050077214,0.8227575272650058,3.4199859133506028,0.05538754586703073,0.827495257126269,3.516085700144109,0.47250460981804254,5,1.046875,1.046875,0.921875,0.0,0.021584385763490244,0.0,0.021584385763490244,0.5072330654420206,0.0,0.0,0.02804161013116237,0.05396096440872561,0.0,0.09712973593570609,0.014473089099954772,0.0,0.0,0.08450057405281286,0.0,0.0,0.017186793306196293,0.0,0.15430539609644087,0.0,0.029850746268656716,0.0,0.014925373134328358,0.44776119402985076,0.0,0.0,0.14925373134328357,0.0,0.0,0.14925373134328357,0.0,0.0,0.0,0.0,0.0,0.0,0.0,0.0,0.208955223880597
16.0,52,0.054255614467872346,0.8221283878272535,3.5295334432502705,0.054757972178295186,0.8244663850306693,3.523297170051807,0.11380597014925364,5,1.046875,1.046875,0.984375,0.0,0.02005597014925373,0.0,0.0,0.5114272388059701,0.0,0.003031716417910448,0.16417910447761194,0.0,0.0,0.11030783582089551,0.0,0.0,0.0,0.0,0.0,0.0,0.0,0.0,0.19099813432835822,0.0,0.014925373134328358,0.0,0.014925373134328358,0.4626865671641791,0.0,0.0,0.16417910447761194,0.0,0.0,0.14925373134328357,0.0,0.0,0.0,0.0,0.0,0.0,0.0,0.0,0.19402985074626866
16.0,53,0.05300805010423301,0.8087443618154857,3.512694263380441,0.055123341611338215,0.8266597087120146,3.520943063523105,0.25875216340798873,5,1.046875,1.046875,0.9375,0.0,0.020665901262916193,0.0,0.020665901262916193,0.4856486796785304,0.0,0.0,0.12742258854978838,0.05166475315729048,0.0,0.09299655568312286,0.0,0.0,0.0,0.04900868790376475,0.0,0.0,0.0,0.0,0.15192693250167075,0.0,0.029850746268656716,0.0,0.014925373134328358,0.4626865671641791,0.0,0.0,0.13432835820895522,0.0,0.0,0.13432835820895522,0.0,0.0,0.0,0.0,0.0,0.0,0.0,0.0,0.22388059701492538
16.0,54,0.054369967451839675,0.8133945210438289,3.488363279416024,0.05351602032162213,0.8191788212753848,3.541088742907328,0.3625508819538671,5,1.046875,1.046875,0.96875,0.0,0.02261420171867933,0.0,0.027137042062415195,0.5074626865671642,0.0,0.0,0.12663952962460423,0.04070556309362279,0.0,0.08141112618724558,0.0,0.0,0.0,0.06865671641791045,0.0,0.0,0.0,0.0,0.12537313432835823,0.0,0.029850746268656716,0.0,0.0,0.4626865671641791,0.0,0.0,0.16417910447761194,0.0,0.0,0.13432835820895522,0.0,0.0,0.0,0.0,0.0,0.0,0.0,0.0,0.208955223880597
16.0,55,0.04995416444975598,0.7942821846456646,3.553767178586451,0.05583447180889758,0.8298245537472762,3.5118428613832418,0.21438263229308,4,1.046875,1.046875,0.921875,0.0,0.0,0.0,0.0,0.491869013143239,0.0,0.0,0.09452736318407959,0.0,0.0,0.11171415649027588,0.0,0.0,0.0,0.051560379918588875,0.0,0.0,0.025780189959294438,0.0,0.22454889730452215,0.0,0.029850746268656716,0.0,0.0,0.4626865671641791,0.0,0.0,0.13432835820895522,0.0,0.0,0.14925373134328357,0.0,0.0,0.0,0.0,0.0,0.0,0.0,0.0,0.22388059701492538
16.0,56,0.06087488868193701,0.8372098201250571,3.393245046389295,0.055972255260240966,0.8303799033821291,3.5098651165544794,0.39186584559718884,5,1.046875,1.046875,0.890625,0.0,0.04296698326549073,0.0,0.07304387155133424,0.451894374282434,0.0,0.0,0.04748982360922659,0.0659012629161883,0.0,0.09414466130884042,0.02532790592492085,0.0,0.0,0.031659882406151064,0.0,0.0,0.0,0.0,0.16757123473541383,0.0,0.04477611940298507,0.0,0.0,0.4626865671641791,0.0,0.0,0.13432835820895522,0.0,0.0,0.13432835820895522,0.0,0.0,0.0,0.0,0.0,0.0,0.0,0.0,0.22388059701492538
16.0,57,0.05107934347075312,0.7978986312066896,3.530409367199107,0.05549736302268701,0.8281865797007837,3.5155397654368645,0.278760045924225,5,1.046875,1.046875,0.765625,0.0,0.0,0.0,0.03168771526980482,0.4753157290470723,0.0,0.0,0.14246947082767977,0.04225028702640643,0.0,0.08450057405281286,0.05281285878300804,0.0,0.0,0.0,0.0,0.0,0.0,0.0,0.17096336499321574,0.0,0.029850746268656716,0.0,0.0,0.4626865671641791,0.0,0.0,0.16417910447761194,0.0,0.0,0.14925373134328357,0.0,0.0,0.0,0.0,0.0,0.0,0.0,0.0,0.19402985074626866
16.0,58,0.05150965161378844,0.8050535273107754,3.547157325125057,0.05604138573074617,0.8301162659937356,3.5065859722245767,0.20639003084982147,5,1.046875,1.046875,0.953125,0.0,0.02261420171867933,0.0,0.027137042062415195,0.4816217420360882,0.0,0.0,0.1311623699683401,0.036182722749886924,0.0,0.08141112618724558,0.0,0.0,0.0,0.020940075740699487,0.0,0.0,0.0,0.0,0.19893071953664512,0.0,0.05970149253731343,0.0,0.0,0.4626865671641791,0.0,0.0,0.14925373134328357,0.0,0.0,0.11940298507462686,0.0,0.0,0.0,0.0,0.0,0.0,0.0,0.0,0.208955223880597
16.0,59,0.05869294781184775,0.8241818435997084,3.4019668851449905,0.05368713217650983,0.819997808298631,3.5389757661802466,0.4610513864245208,5,1.046875,1.046875,0.875,0.0,0.04997738579828132,0.0,0.014925373134328358,0.47393800229621125,0.0,0.0,0.047489823609226586,0.06911595866819747,0.0,0.09873708381171067,0.030755314337403892,0.0,0.0,0.04228855721393035,0.0,0.0,0.04206241519674356,0.0,0.13071008593396655,0.0,0.029850746268656716,0.0,0.0,0.4626865671641791,0.0,0.0,0.14925373134328357,0.0,0.0,0.13432835820895522,0.0,0.0,0.0,0.0,0.0,0.0,0.0,0.0,0.22388059701492538
16.0,60,0.0538249200994736,0.813080692005481,3.5046282002244515,0.053038877711988244,0.8165693258749759,3.545650291678519,0.29981560727829376,5,1.046875,1.046875,0.90625,0.0,0.0,0.0,0.012663952962460425,0.5192220714608774,0.0,0.0,0.18995929443690637,0.0,0.0,0.11397557666214381,0.0,0.0,0.0,0.05809414466130884,0.0,0.0,0.0,0.0,0.1060849598163031,0.0,0.04477611940298507,0.0,0.014925373134328358,0.4626865671641791,0.0,0.0,0.16417910447761194,0.0,0.0,0.1044776119402985,0.0,0.0,0.0,0.0,0.0,0.0,0.0,0.0,0.208955223880597
16.0,61,0.050303617169633635,0.7894529457754084,3.5198701480698444,0.05777715726741228,0.838184748261541,3.487078057468884,0.2893226176808267,5,1.046875,1.046875,0.90625,0.0,0.04041331802525833,0.004975124378109453,0.04041331802525833,0.5051664753157291,0.0,0.0,0.14427860696517414,0.07072330654420207,0.0,0.006888633754305397,0.0,0.0,0.0,0.0,0.0,0.0018369690011481056,0.006199770378874857,0.0,0.1791044776119403,0.0,0.029850746268656716,0.0,0.029850746268656716,0.5074626865671642,0.0,0.0,0.1044776119402985,0.0,0.0,0.1044776119402985,0.0,0.0,0.0,0.0,0.0,0.0,0.0,0.0,0.22388059701492538
16.0,62,0.056909330382080056,0.8207156303536611,3.4403368461014305,0.05461533894077669,0.8241678631539289,3.526617509471542,0.3434575374873883,4,1.0625,1.046875,0.9375,0.0,0.02939846223428313,0.0,0.04115784712799638,0.4420206659012629,0.0,0.0,0.03934871099050203,0.08036739380022961,0.0,0.11759384893713253,0.0,0.0,0.0,0.027137042062415195,0.0,0.0,0.023066485753052916,0.0,0.1999095431931253,0.0,0.029411764705882353,0.0,0.0,0.45588235294117646,0.0,0.0,0.14705882352941177,0.0,0.0,0.14705882352941177,0.0,0.0,0.0,0.0,0.0,0.0,0.0,0.0,0.22058823529411764
16.0,63,0.057017426193705645,0.8271704274015184,3.4641061759296834,0.05368713217650983,0.819997808298631,3.5389757661802466,0.3082214436636357,5,1.046875,1.046875,0.953125,0.0,0.04143461795500111,0.0,0.02762307863666741,0.4834038761416796,0.0,0.0,0.032790592492085026,0.013811539318333704,0.0,0.09668077522833593,0.0,0.0,0.0,0.02261420171867933,0.0,0.0,0.01922207146087743,0.0,0.26241924704834035,0.0,0.029850746268656716,0.0,0.0,0.4626865671641791,0.0,0.0,0.14925373134328357,0.0,0.0,0.13432835820895522,0.0,0.0,0.0,0.0,0.0,0.0,0.0,0.0,0.22388059701492538
16.0,64,0.05756594941950978,0.8188410487549161,3.4128466144987453,0.054494914023477586,0.8234948636767527,3.5276290377930675,0.40615802108339427,5,1.046875,1.046875,0.890625,0.0,0.03582089552238806,0.0,0.0,0.4656716417910448,0.0,0.0,0.02103120759837178,0.08059701492537315,0.0,0.11940298507462686,0.010854816824966078,0.0,0.0,0.08978185993111368,0.0,0.0,0.012890094979647219,0.0,0.16394948335246845,0.0,0.029850746268656716,0.0,0.029850746268656716,0.4626865671641791,0.0,0.0,0.13432835820895522,0.0,0.0,0.11940298507462686,0.0,0.0,0.0,0.0,0.0,0.0,0.0,0.0,0.22388059701492538
16.0,65,0.054521332157539355,0.8203155764945749,3.513158378115977,0.056455841084475086,0.8325026221021519,3.50373433517103,0.225548394391678,5,1.046875,1.046875,0.90625,0.0,0.037991858887381276,0.0,0.012663952962460425,0.506558118498417,0.0,0.0,0.18995929443690637,0.0,0.0,0.08864767073722297,0.0,0.0,0.0,0.0,0.005130597014925373,0.0,0.0,0.0,0.15904850746268656,0.0,0.029850746268656716,0.0,0.029850746268656716,0.4626865671641791,0.0,0.0,0.13432835820895522,0.0,0.0,0.13432835820895522,0.0,0.0,0.0,0.0,0.0,0.0,0.0,0.0,0.208955223880597
16.0,66,0.05085638959293787,0.7772182378654404,3.4464360175391473,0.052729384988563194,0.8151949892168768,3.550055547943658,0.5855338691159587,4,1.046875,1.046875,1.015625,0.0,0.009184845005740528,0.0,0.014695752009184845,0.5304247990815155,0.0,0.0,0.05947187141216991,0.09644087256027556,0.0,0.03490241102181401,0.01285878300803674,0.0,0.01148105625717566,0.04500574052812859,0.0,0.01148105625717566,0.04776119402985075,0.0,0.12629161882893225,0.0,0.029850746268656716,0.0,0.014925373134328358,0.4626865671641791,0.0,0.0,0.1791044776119403,0.0,0.0,0.11940298507462686,0.0,0.0,0.0,0.0,0.0,0.0,0.0,0.0,0.19402985074626866
16.0,67,0.052093645313065505,0.8026236524318737,3.516572531105699,0.05583447180889758,0.8298245537472762,3.5118428613832418,0.34611590236451006,4,1.046875,1.046875,0.984375,0.0,0.0,0.0,0.021321961620469083,0.5426598351525952,0.0,0.0,0.1421251949209178,0.06396588486140725,0.0,0.049040511727078885,0.0,0.0,0.0,0.0,0.0,0.0,0.0,0.0,0.18088661171753173,0.0,0.029850746268656716,0.0,0.0,0.4626865671641791,0.0,0.0,0.13432835820895522,0.0,0.0,0.14925373134328357,0.0,0.0,0.0,0.0,0.0,0.0,0.0,0.0,0.22388059701492538
16.0,68,0.051814385535146654,0.8043051326317208,3.5334232633436313,0.05351602032162213,0.8191788212753848,3.541088742907328,0.23191733639494835,5,1.046875,1.046875,1.0,0.0,0.0,0.0,0.030998851894374287,0.4856486796785304,0.0,0.0,0.14925373134328357,0.061997703788748575,0.0,0.09299655568312286,0.0,0.0,0.0,0.0,0.0,0.0,0.0,0.0,0.1791044776119403,0.0,0.029850746268656716,0.0,0.0,0.4626865671641791,0.0,0.0,0.16417910447761194,0.0,0.0,0.13432835820895522,0.0,0.0,0.0,0.0,0.0,0.0,0.0,0.0,0.208955223880597
16.0,69,0.05452725373041393,0.8142232122107652,3.4868773125527213,0.054692667608698765,0.8240502133116057,3.5236204589910534,0.352259369055983,5,1.046875,1.046875,0.953125,0.0,0.025840944531075962,0.006199770378874857,0.012920472265537981,0.5038984183559813,0.0,0.0,0.2196480285141457,0.0,0.0,0.10336377812430385,0.0,0.0,0.0,0.043398392652123995,0.0,0.0,0.0,0.0,0.08473019517795637,0.0,0.04477611940298507,0.0,0.029850746268656716,0.4626865671641791,0.0,0.0,0.13432835820895522,0.0,0.0,0.1044776119402985,0.0,0.0,0.0,0.0,0.0,0.0,0.0,0.0,0.22388059701492538
16.0,70,0.05114122424086728,0.8033460209901699,3.5523609460884065,0.053038877711988244,0.8165693258749759,3.545650291678519,0.1693166629538872,5,1.046875,1.046875,0.84375,0.0,0.02494987747828024,0.0,0.0,0.4740476720873245,0.0,0.0,0.22454889730452215,0.0,0.0,0.11227444865226108,0.0,0.0,0.0,0.0,0.005130597014925373,0.0,0.0,0.0,0.15904850746268656,0.0,0.04477611940298507,0.0,0.014925373134328358,0.4626865671641791,0.0,0.0,0.16417910447761194,0.0,0.0,0.1044776119402985,0.0,0.0,0.0,0.0,0.0,0.0,0.0,0.0,0.208955223880597
16.0,71,0.04587714913718077,0.7485452655453124,3.494780120346374,0.056291276679306515,0.8316836350789056,3.505400197200214,0.5953449535539088,4,1.046875,1.046875,0.984375,0.0,0.009644087256027554,0.0,0.013777267508610792,0.5189959294436907,0.0,0.0,0.11940298507462686,0.0407055630936228,0.0,0.03168771526980482,0.027137042062415195,0.0,0.0,0.027137042062415195,0.0,0.03444316877152698,0.11194029850746269,0.0,0.06512890094979647,0.0,0.029850746268656716,0.0,0.029850746268656716,0.4626865671641791,0.0,0.0,0.14925373134328357,0.0,0.0,0.13432835820895522,0.0,0.0,0.0,0.0,0.0,0.0,0.0,0.0,0.19402985074626866
16.0,72,0.058823500545189145,0.8327174971786372,3.4333830396026936,0.05351602032162213,0.8191788212753848,3.541088742907328,0.41928817451205525,5,1.046875,1.046875,0.984375,0.0,0.020665901262916193,0.0,0.030998851894374287,0.5269804822043629,0.0,0.0,0.07898966704936854,0.0,0.0,0.09299655568312286,0.04041331802525833,0.0,0.0,0.07393800229621125,0.0,0.0,0.0,0.0,0.13501722158438575,0.0,0.029850746268656716,0.0,0.0,0.4626865671641791,0.0,0.0,0.16417910447761194,0.0,0.0,0.13432835820895522,0.0,0.0,0.0,0.0,0.0,0.0,0.0,0.0,0.208955223880597
16.0,73,0.0512547812427855,0.7992991294747049,3.5305482232588807,0.05492948764011889,0.8258407216887683,3.5236561327839153,0.2696043591565979,5,1.046875,1.046875,0.890625,0.0,0.01421464108031272,0.0,0.02132196162046908,0.5223880597014925,0.0,0.0,0.14925373134328357,0.06870409855484481,0.0,0.04501303008765695,0.0,0.0,0.0,0.0,0.0,0.0,0.0,0.0,0.1791044776119403,0.0,0.029850746268656716,0.0,0.014925373134328358,0.4626865671641791,0.0,0.0,0.14925373134328357,0.0,0.0,0.13432835820895522,0.0,0.0,0.0,0.0,0.0,0.0,0.0,0.0,0.208955223880597
16.0,74,0.05567742732861035,0.8066653565312649,3.418643591288984,0.053212312826758146,0.8173883128982221,3.5434177475690003,0.4845106179061403,5,1.046875,1.046875,0.890625,0.0,0.013266998341625206,0.0,0.07164179104477612,0.5104477611940299,0.0,0.0,0.035278154681139755,0.060649135276000944,0.0,0.04548685145700071,0.018995929443690638,0.0,0.0228544776119403,0.021709633649932156,0.0,0.0,0.013568521031207597,0.0,0.18610074626865672,0.0,0.04477611940298507,0.0,0.014925373134328358,0.4626865671641791,0.0,0.0,0.14925373134328357,0.0,0.0,0.1044776119402985,0.0,0.0,0.0,0.0,0.0,0.0,0.0,0.0,0.22388059701492538
16.0,75,0.059149872929181016,0.8373196501996845,3.442820460998575,0.055123341611338215,0.8266597087120146,3.520943063523105,0.2374587108732564,4,1.046875,1.046875,0.890625,0.0,0.03456402199528672,0.0,0.0,0.5012252171975942,0.0,0.0,0.047489823609226586,0.022276676319893073,0.0,0.12961508248232523,0.0,0.0,0.0,0.011138338159946536,0.0,0.0,0.04206241519674356,0.0,0.21162842503898419,0.0,0.029850746268656716,0.0,0.014925373134328358,0.4626865671641791,0.0,0.0,0.13432835820895522,0.0,0.0,0.13432835820895522,0.0,0.0,0.0,0.0,0.0,0.0,0.0,0.0,0.22388059701492538
16.0,76,0.05160221064658328,0.7832942905939736,3.4481869775642116,0.053038877711988244,0.8165693258749759,3.545650291678519,0.46071739206067563,5,1.046875,1.046875,0.921875,0.0029850746268656717,0.06636050516647532,0.006965174129353234,0.017910447761194027,0.46540027137042067,0.0,0.0,0.02804161013116237,0.0474898236092266,0.0,0.031840796019900496,0.014473089099954772,0.0,0.0,0.11397557666214383,0.0,0.0,0.017186793306196293,0.0,0.18737083811710678,0.0,0.04477611940298507,0.0,0.014925373134328358,0.4626865671641791,0.0,0.0,0.16417910447761194,0.0,0.0,0.1044776119402985,0.0,0.0,0.0,0.0,0.0,0.0,0.0,0.0,0.208955223880597
16.0,77,0.05730917368447634,0.8215248282476848,3.4316945103854004,0.056242035010961276,0.8309352530169818,3.5037787261905655,0.32901510802630207,5,1.046875,1.046875,0.984375,0.0,0.021584385763490244,0.005653550429669832,0.021584385763490244,0.4964408725602756,0.0,0.003498134328358209,0.04070556309362279,0.06475315729047072,0.0,0.09712973593570609,0.0,0.0,0.0,0.02826775214834916,0.006996268656716418,0.0,0.0,0.0,0.21338619402985076,0.0,0.05970149253731343,0.0,0.0,0.4626865671641791,0.0,0.0,0.13432835820895522,0.0,0.0,0.11940298507462686,0.0,0.0,0.0,0.0,0.0,0.0,0.0,0.0,0.22388059701492538
16.0,78,0.046805229887788735,0.7642155241707773,3.532390143807784,0.05563990157460111,0.8290055667240299,3.5145058478937403,0.42250287026406425,5,1.046875,1.046875,1.0,0.0,0.00642939150401837,0.0,0.009184845005740528,0.5035591274397244,0.0,0.0,0.13568521031207598,0.07898966704936854,0.0,0.021125143513203215,0.059242250287026406,0.0,0.0,0.0,0.0,0.022962112514351322,0.0,0.0,0.16282225237449116,0.0,0.029850746268656716,0.0,0.0,0.4626865671641791,0.0,0.0,0.14925373134328357,0.0,0.0,0.14925373134328357,0.0,0.0,0.0,0.0,0.0,0.0,0.0,0.0,0.208955223880597
16.0,79,0.0525179342023495,0.7914654765112864,3.4536486900949788,0.05284774889799142,0.8160139762401231,3.549640335649725,0.4859127060950605,5,1.046875,1.046875,0.890625,0.0,0.0021665864227250844,0.0,0.006259027443428021,0.4613297150610583,0.0,0.0,0.06180037313432835,0.036182722749886924,0.0,0.14925373134328357,0.006499759268175253,0.0,0.0,0.05809414466130884,0.0,0.012826492537313432,0.09950248756218905,0.0,0.1060849598163031,0.0,0.029850746268656716,0.0,0.014925373134328358,0.4626865671641791,0.0,0.0,0.16417910447761194,0.0,0.0,0.11940298507462686,0.0,0.0,0.0,0.0,0.0,0.0,0.0,0.0,0.208955223880597
16.0,80,0.05123554393144782,0.7983047330835074,3.5268178370696806,0.054494914023477586,0.8234948636767527,3.5276290377930675,0.2654753132810607,5,1.046875,1.046875,0.921875,0.0,0.04546498277841562,0.0,0.01421464108031272,0.5012252171975942,0.0,0.0,0.11618828932261768,0.04264392324093816,0.0,0.03269367448471926,0.022276676319893073,0.0,0.0025258323765786454,0.011138338159946536,0.0,0.0,0.0,0.0,0.21162842503898419,0.0,0.029850746268656716,0.0,0.029850746268656716,0.4626865671641791,0.0,0.0,0.13432835820895522,0.0,0.0,0.11940298507462686,0.0,0.0,0.0,0.0,0.0,0.0,0.0,0.0,0.22388059701492538
16.0,81,0.055756605077500514,0.8187816740682752,3.4675278072552644,0.054494914023477586,0.8234948636767527,3.5276290377930675,0.34873708381171065,5,1.046875,1.046875,0.890625,0.0,0.0,0.0,0.0,0.5074626865671642,0.0,0.0,0.09888059701492537,0.0,0.0,0.14925373134328357,0.0,0.0,0.0,0.07921928817451206,0.0,0.020522388059701493,0.0,0.0,0.14466130884041334,0.0,0.029850746268656716,0.0,0.029850746268656716,0.4626865671641791,0.0,0.0,0.13432835820895522,0.0,0.0,0.11940298507462686,0.0,0.0,0.0,0.0,0.0,0.0,0.0,0.0,0.22388059701492538
16.0,82,0.054846570813133086,0.8152589229545664,3.481134642944914,0.05368713217650983,0.819997808298631,3.5389757661802466,0.36386588090753824,4,1.046875,1.046875,0.953125,0.0,0.0253954110046781,0.0,0.0,0.507908220093562,0.0,0.0,0.21586099353976387,0.0,0.0,0.1015816440187124,0.033921302578018994,0.0,0.0,0.036182722749886924,0.0,0.0,0.0,0.0,0.07914970601537764,0.0,0.029850746268656716,0.0,0.0,0.4626865671641791,0.0,0.0,0.14925373134328357,0.0,0.0,0.13432835820895522,0.0,0.0,0.0,0.0,0.0,0.0,0.0,0.0,0.22388059701492538
16.0,83,0.05919035954821399,0.8369954484993597,3.440310233684548,0.05226218008405941,0.8128491312048614,3.5556269135393332,0.31109040955331885,4,1.046875,1.046875,1.0,0.0,0.028068612163065273,0.0,0.014034306081532636,0.4912007128536422,0.0,0.02170963364993216,0.026232473993668022,0.0,0.0,0.12630875473379372,0.0,0.0,0.0,0.01175938489371325,0.0,0.0,0.0,0.0,0.2806861216306527,0.0,0.029850746268656716,0.0,0.029850746268656716,0.4626865671641791,0.0,0.0,0.16417910447761194,0.0,0.0,0.1044776119402985,0.0,0.0,0.0,0.0,0.0,0.0,0.0,0.0,0.208955223880597
16.0,84,0.048910631553435474,0.7828246794252736,3.539670802343418,0.053212312826758146,0.8173883128982221,3.5434177475690003,0.23787172733616985,5,1.046875,1.0625,0.984375,0.0,0.02450980392156863,0.0,0.029411764705882356,0.4592760180995475,0.0,0.0,0.1323529411764706,0.04901960784313726,0.0,0.08823529411764705,0.0,0.0,0.0,0.0,0.0,0.05542986425339366,0.0,0.0,0.16176470588235295,0.0,0.04477611940298507,0.0,0.014925373134328358,0.4626865671641791,0.0,0.0,0.14925373134328357,0.0,0.0,0.1044776119402985,0.0,0.0,0.0,0.0,0.0,0.0,0.0,0.0,0.22388059701492538
16.0,85,0.05607412374343759,0.810839501973069,3.424156851839245,0.055123341611338215,0.8266597087120146,3.520943063523105,0.3944612601329019,5,1.046875,1.046875,0.921875,0.0,0.03165988240615106,0.0,0.021125143513203215,0.4753157290470723,0.0,0.04070556309362279,0.05879692446856625,0.03168771526980482,0.0,0.09506314580941447,0.06337543053960965,0.0,0.010103329506314582,0.018091361374943462,0.0,0.012629161882893227,0.0,0.0,0.14144661308840414,0.0,0.029850746268656716,0.0,0.014925373134328358,0.4626865671641791,0.0,0.0,0.13432835820895522,0.0,0.0,0.13432835820895522,0.0,0.0,0.0,0.0,0.0,0.0,0.0,0.0,0.22388059701492538
16.0,86,0.059860956646731835,0.8289450714431028,3.3880821125481373,0.05563990157460111,0.8290055667240299,3.5145058478937403,0.516367028493894,5,1.046875,1.046875,1.0,0.0,0.041044776119402986,0.0033921302578018993,0.061567164179104475,0.5541044776119403,0.0,0.0,0.023066485753052916,0.029151119402985072,0.0,0.026819029850746266,0.018656716417910446,0.0,0.0,0.0,0.0,0.024486940298507464,0.018317503392130258,0.0,0.19939365671641793,0.0,0.029850746268656716,0.0,0.0,0.4626865671641791,0.0,0.0,0.14925373134328357,0.0,0.0,0.14925373134328357,0.0,0.0,0.0,0.0,0.0,0.0,0.0,0.0,0.208955223880597
16.0,87,0.053115455835419656,0.7952570545735426,3.4506195128531982,0.05492948764011889,0.8258407216887683,3.5236561327839153,0.4369063772048846,5,1.046875,1.046875,0.96875,0.0,0.024423337856173677,0.0,0.048846675712347354,0.4762550881953867,0.0,0.0,0.0,0.0,0.0,0.08548168249660787,0.024423337856173677,0.0,0.0,0.0,0.0,0.0,0.14654002713704206,0.0,0.19402985074626866,0.0,0.029850746268656716,0.0,0.014925373134328358,0.4626865671641791,0.0,0.0,0.14925373134328357,0.0,0.0,0.13432835820895522,0.0,0.0,0.0,0.0,0.0,0.0,0.0,0.0,0.208955223880597
16.0,88,0.056974959165290606,0.8191463761457127,3.4317805066296967,0.05563990157460111,0.8290055667240299,3.5145058478937403,0.435820895522388,5,1.046875,1.046875,0.984375,0.0,0.021125143513203215,0.0,0.010562571756601608,0.4964408725602755,0.0,0.0,0.07646383467278989,0.06337543053960965,0.0,0.09506314580941447,0.05235361653272101,0.0,0.0,0.05786452353616533,0.0,0.0,0.0,0.0,0.1267508610792193,0.0,0.029850746268656716,0.0,0.0,0.4626865671641791,0.0,0.0,0.14925373134328357,0.0,0.0,0.14925373134328357,0.0,0.0,0.0,0.0,0.0,0.0,0.0,0.0,0.208955223880597
16.0,89,0.05812302215631185,0.8280728273534514,3.434744524978972,0.05583447180889758,0.8298245537472762,3.5118428613832418,0.3739484396200814,5,1.046875,1.046875,0.890625,0.0,0.041977611940298504,0.0,0.02849389416553596,0.49533582089552236,0.0,0.0,0.09769335142469471,0.0203527815468114,0.0,0.08548168249660787,0.056716417910447764,0.0,0.0,0.0,0.0,0.0,0.036635006784260515,0.0,0.1373134328358209,0.0,0.029850746268656716,0.0,0.0,0.4626865671641791,0.0,0.0,0.13432835820895522,0.0,0.0,0.14925373134328357,0.0,0.0,0.0,0.0,0.0,0.0,0.0,0.0,0.22388059701492538
16.0,90,0.048436322033558826,0.7814660148607933,3.550786146208646,0.05583447180889758,0.8298245537472762,3.5118428613832418,0.43045350172215846,5,1.046875,1.046875,0.90625,0.0,0.04900868790376476,0.0,0.03675651592782357,0.5023390510135888,0.0,0.0,0.18378257963911787,0.0,0.0,0.013318025258323766,0.0,0.0,0.0,0.04900868790376476,0.0046641791044776115,0.0,0.01653272101033295,0.0,0.14458955223880596,0.0,0.029850746268656716,0.0,0.0,0.4626865671641791,0.0,0.0,0.13432835820895522,0.0,0.0,0.14925373134328357,0.0,0.0,0.0,0.0,0.0,0.0,0.0,0.0,0.22388059701492538
16.0,91,0.05200347345770578,0.8080229038088106,3.5432964985674347,0.05712569492011009,0.8356674671374135,3.496372913967413,0.1655359565807327,5,1.046875,1.046875,0.890625,0.0,0.027137042062415195,0.0,0.027137042062415195,0.4816217420360882,0.0,0.0,0.12663952962460423,0.04070556309362279,0.0,0.07688828584350972,0.0,0.0,0.0,0.0,0.0,0.0,0.0,0.0,0.21987079527734463,0.0,0.029850746268656716,0.0,0.014925373134328358,0.4626865671641791,0.0,0.0,0.13432835820895522,0.0,0.0,0.14925373134328357,0.0,0.0,0.0,0.0,0.0,0.0,0.0,0.0,0.208955223880597
16.0,92,0.06183597600989,0.8420349848894073,3.3861759896946797,0.05552531631198477,0.828374564203904,3.515452502112032,0.3337242980899698,5,1.046875,1.046875,0.984375,0.0,0.020988805970149255,0.005427408412483039,0.0,0.535214552238806,0.0,0.0,0.04613297150610583,0.0,0.0,0.1154384328358209,0.06980482204362802,0.0,0.0,0.0,0.0,0.0,0.037991858887381276,0.0,0.16900114810562572,0.0,0.029850746268656716,0.0,0.029850746268656716,0.4925373134328358,0.0,0.0,0.14925373134328357,0.0,0.0,0.1044776119402985,0.0,0.0,0.0,0.0,0.0,0.0,0.0,0.0,0.19402985074626866
16.0,93,0.058236902211449074,0.8271538620459404,3.4275765985745394,0.053018144489801994,0.8168329632633693,3.547488474793131,0.40162822252374475,5,1.046875,1.046875,0.984375,0.0,0.0507908220093562,0.0,0.0507908220093562,0.507908220093562,0.0,0.0,0.02804161013116237,0.04975124378109453,0.0,0.039800995024875614,0.014473089099954772,0.0,0.0,0.0,0.0,0.0,0.017186793306196293,0.0,0.24125640454444197,0.0,0.029850746268656716,0.0,0.014925373134328358,0.4626865671641791,0.0,0.0,0.14925373134328357,0.0,0.0,0.11940298507462686,0.0,0.0,0.0,0.0,0.0,0.0,0.0,0.0,0.22388059701492538
16.0,94,0.05392157409999302,0.7917566251732934,3.4096549003757084,0.053038877711988244,0.8165693258749759,3.545650291678519,0.5371494798733605,5,1.046875,1.046875,0.9375,0.0,0.013930348258706468,0.013930348258706468,0.03383084577114428,0.49253731343283585,0.0,0.0,0.07136194029850745,0.08955223880597016,0.0,0.05771144278606965,0.04748982360922659,0.0,0.009794776119402984,0.0506558118498417,0.0,0.008395522388059701,0.0,0.0,0.11080958842152872,0.0,0.04477611940298507,0.0,0.014925373134328358,0.4626865671641791,0.0,0.0,0.16417910447761194,0.0,0.0,0.1044776119402985,0.0,0.0,0.0,0.0,0.0,0.0,0.0,0.0,0.208955223880597
16.0,95,0.057531954896318675,0.8245528587399074,3.437668036437449,0.055123341611338215,0.8266597087120146,3.520943063523105,0.41574035417319,5,1.046875,1.046875,0.984375,0.0,0.0,0.0,0.0,0.5457089552238806,0.0,0.0,0.05540479421076436,0.0,0.0,0.12593283582089554,0.0,0.0,0.0,0.07577497129735937,0.0,0.0,0.049072817729534146,0.0,0.14810562571756603,0.0,0.029850746268656716,0.0,0.014925373134328358,0.4626865671641791,0.0,0.0,0.13432835820895522,0.0,0.0,0.13432835820895522,0.0,0.0,0.0,0.0,0.0,0.0,0.0,0.0,0.22388059701492538
16.0,96,0.0562104010069684,0.8095776754477153,3.414681345198491,0.054301776315335386,0.8226758766535065,3.530382360106943,0.4247990815154994,5,1.046875,1.046875,0.9375,0.0,0.011021814006888633,0.01653272101033295,0.022043628013777267,0.4959816303099885,0.0,0.0,0.09345579793340987,0.04408725602755453,0.0,0.0991963260619977,0.04408725602755453,0.0,0.0036739380022962113,0.07072330654420207,0.0,0.0,0.0,0.0,0.09919632606199771,0.0,0.029850746268656716,0.0,0.029850746268656716,0.4626865671641791,0.0,0.0,0.14925373134328357,0.0,0.0,0.11940298507462686,0.0,0.0,0.0,0.0,0.0,0.0,0.0,0.0,0.208955223880597
16.0,97,0.04972093219181201,0.7794993568229172,3.4957963934704024,0.056960414251864384,0.8348484801141672,3.4980103592636067,0.5341474445952058,5,1.046875,1.046875,0.90625,0.0,0.011608623548922056,0.0,0.0,0.5339719313878369,0.0,0.0,0.2272220984629093,0.04311774461028192,0.0,0.03814262023217247,0.030529172320217096,0.0,0.011608623548922056,0.032564450474898234,0.0,0.0,0.0,0.0,0.07123473541383989,0.0,0.029850746268656716,0.0,0.014925373134328358,0.4626865671641791,0.0,0.0,0.14925373134328357,0.0,0.0,0.14925373134328357,0.0,0.0,0.0,0.0,0.0,0.0,0.0,0.0,0.19402985074626866
16.0,98,0.05759907888693915,0.8164015307168904,3.401700243985747,0.05549736302268701,0.8281865797007837,3.5155397654368645,0.563768569738719,5,1.046875,1.046875,0.890625,0.0,0.0,0.0,0.03237657864523536,0.5072330654420206,0.0,0.0,0.03957485300768882,0.06475315729047072,0.0,0.09712973593570609,0.05088195386702849,0.0,0.0,0.054274084124830396,0.0,0.0,0.03505201266395296,0.0,0.11872455902306649,0.0,0.029850746268656716,0.0,0.0,0.4626865671641791,0.0,0.0,0.16417910447761194,0.0,0.0,0.14925373134328357,0.0,0.0,0.0,0.0,0.0,0.0,0.0,0.0,0.19402985074626866
16.0,99,0.05670478322420934,0.82147216416309,3.4497133117858905,0.053018144489801994,0.8168329632633693,3.547488474793131,0.3915227120840843,5,1.046875,1.046875,0.9375,0.0,0.025840944531075962,0.0,0.012920472265537981,0.5168188906215192,0.0,0.0,0.2196480285141457,0.05495251017639077,0.0,0.09044330585876587,0.0,0.0,0.0,0.016282225237449117,0.0,0.0,0.0,0.0,0.06309362279511534,0.0,0.029850746268656716,0.0,0.014925373134328358,0.4626865671641791,0.0,0.0,0.14925373134328357,0.0,0.0,0.11940298507462686,0.0,0.0,0.0,0.0,0.0,0.0,0.0,0.0,0.22388059701492538
16.0,100,0.0567741682816612,0.8179686339686797,3.4329008490636443,0.057878251365443834,0.8388323121726753,3.4867230317566658,0.46872629857704484,5,1.046875,1.046875,0.9375,0.0,0.021584385763490244,0.0,0.021584385763490244,0.5072330654420206,0.0,0.0,0.03957485300768882,0.05396096440872561,0.0,0.09712973593570609,0.0,0.0,0.0,0.07921928817451206,0.0,0.0,0.03505201266395296,0.0,0.14466130884041334,0.0,0.029850746268656716,0.0,0.0,0.4626865671641791,0.0,0.0,0.13432835820895522,0.0,0.0,0.16417910447761194,0.0,0.0,0.0,0.0,0.0,0.0,0.0,0.0,0.208955223880597
16.0,101,0.05521658015641748,0.8169447723344211,3.476625774180491,0.055094216635441846,0.826396071323621,3.520750403264953,0.37998609395357,3,1.046875,1.046875,0.984375,0.0,0.0,0.0,0.04210291824459791,0.4350634885275117,0.0,0.0,0.03165988240615106,0.0,0.0,0.154377366896859,0.0,0.0,0.0,0.0,0.0,0.0,0.02804161013116237,0.0,0.308754733793718,0.0,0.04477611940298507,0.0,0.014925373134328358,0.4626865671641791,0.0,0.0,0.14925373134328357,0.0,0.0,0.11940298507462686,0.0,0.0,0.0,0.0,0.0,0.0,0.0,0.0,0.208955223880597
16.0,102,0.05262403339455468,0.7949603975580765,3.4654004554170403,0.054692667608698765,0.8240502133116057,3.5236204589910534,0.33222980377831124,5,1.046875,1.046875,1.0,0.0,0.03324287652645862,0.0,0.0,0.4986431478968792,0.0,0.003031716417910448,0.042479908151549936,0.0,0.0,0.11080958842152873,0.0,0.0,0.0,0.03214695752009185,0.0,0.08864767073722297,0.0,0.0,0.19099813432835822,0.0,0.04477611940298507,0.0,0.029850746268656716,0.4626865671641791,0.0,0.0,0.13432835820895522,0.0,0.0,0.1044776119402985,0.0,0.0,0.0,0.0,0.0,0.0,0.0,0.0,0.22388059701492538
16.0,103,0.05107800139383595,0.7888532730465861,3.490432823192417,0.05449649037759723,0.8232312262883594,3.5264486828338297,0.40442106345425566,5,1.046875,1.046875,0.953125,0.0,0.030309988518943745,0.0,0.06061997703788749,0.49506314580941446,0.0,0.0,0.11138338159946536,0.011710677382319174,0.0,0.01653272101033295,0.07072330654420207,0.0,0.0,0.01653272101033295,0.0,0.0,0.040098017375807524,0.0,0.14702606371129426,0.0,0.04477611940298507,0.0,0.029850746268656716,0.4626865671641791,0.0,0.0,0.14925373134328357,0.0,0.0,0.1044776119402985,0.0,0.0,0.0,0.0,0.0,0.0,0.0,0.0,0.208955223880597
16.0,104,0.05353121643341518,0.8055951876018317,3.481876052159173,0.05508756939243283,0.8261043590771617,3.519719939616663,0.32855157411323943,5,1.046875,1.046875,0.890625,0.0,0.014139827179890022,0.0,0.03063629222309505,0.46475315729047073,0.0,0.0,0.13432835820895522,0.04041331802525833,0.0,0.10103329506314582,0.05051664753157291,0.0,0.0,0.0555683122847302,0.0,0.0,0.0,0.0,0.10861079219288175,0.0,0.014925373134328358,0.0,0.014925373134328358,0.4626865671641791,0.0,0.0,0.13432835820895522,0.0,0.0,0.14925373134328357,0.0,0.0,0.0,0.0,0.0,0.0,0.0,0.0,0.22388059701492538
16.0,105,0.047902267530357,0.7573274236251261,3.46023542018936,0.053212312826758146,0.8173883128982221,3.5434177475690003,0.6652985074626866,5,1.046875,1.046875,0.9375,0.0,0.007695895522388059,0.0,0.02308768656716418,0.4938941655359566,0.0,0.0,0.013059701492537313,0.05387126865671642,0.0,0.04361007462686567,0.03591417910447761,0.0018656716417910447,0.0,0.06865671641791045,0.0,0.0,0.13297150610583447,0.0,0.12537313432835823,0.0,0.04477611940298507,0.0,0.014925373134328358,0.4626865671641791,0.0,0.0,0.14925373134328357,0.0,0.0,0.1044776119402985,0.0,0.0,0.0,0.0,0.0,0.0,0.0,0.0,0.22388059701492538
16.0,106,0.05098981394658709,0.7993968613354065,3.540142347104077,0.05385131544652711,0.8205531579334837,3.535969929165671,0.30886128796576556,5,1.046875,1.046875,0.75,0.0,0.029850746268656716,0.0,0.012211668928086838,0.4762550881953867,0.0,0.0,0.21981004070556306,0.0,0.0,0.09769335142469471,0.0,0.0,0.0,0.05809414466130884,0.0,0.0,0.0,0.0,0.1060849598163031,0.0,0.04477611940298507,0.0,0.0,0.4626865671641791,0.0,0.0,0.14925373134328357,0.0,0.0,0.11940298507462686,0.0,0.0,0.0,0.0,0.0,0.0,0.0,0.0,0.22388059701492538
16.0,107,0.04446211375095692,0.7488429990856809,3.5513683606913604,0.056455841084475086,0.8325026221021519,3.50373433517103,0.4366519002836494,5,1.046875,1.0625,0.984375,0.0027573529411764708,0.03257918552036199,0.0,0.01608455882352941,0.47504456327985733,0.0,0.0,0.06877828054298643,0.03216911764705882,0.0,0.03056066176470588,0.024126838235294115,0.0,0.0,0.0,0.0,0.016289592760180997,0.12789661319073084,0.0,0.17371323529411767,0.0,0.029850746268656716,0.0,0.029850746268656716,0.4626865671641791,0.0,0.0,0.13432835820895522,0.0,0.0,0.13432835820895522,0.0,0.0,0.0,0.0,0.0,0.0,0.0,0.0,0.208955223880597
16.0,108,0.056883359299415744,0.8247212969579307,3.4579172132087774,0.05492948764011889,0.8258407216887683,3.5236561327839153,0.26793588873812746,5,1.046875,1.046875,0.96875,0.0,0.0237449118046133,0.0,0.02849389416553596,0.5223880597014925,0.0,0.0,0.13297150610583447,0.042740841248303935,0.0,0.08548168249660787,0.0,0.0,0.017957089552238806,0.0,0.0,0.0,0.0,0.0,0.14622201492537312,0.0,0.029850746268656716,0.0,0.014925373134328358,0.4626865671641791,0.0,0.0,0.14925373134328357,0.0,0.0,0.13432835820895522,0.0,0.0,0.0,0.0,0.0,0.0,0.0,0.0,0.208955223880597
16.0,109,0.05614341777988287,0.8133121564209003,3.432478614249629,0.056291276679306515,0.8316836350789056,3.505400197200214,0.41846710503426915,5,1.046875,1.046875,0.953125,0.0,0.02532790592492085,0.0,0.03168771526980482,0.4753157290470723,0.0,0.04161013116236997,0.052464947987336044,0.04225028702640643,0.0,0.09506314580941447,0.04225028702640643,0.0,0.0,0.06865671641791045,0.0,0.0,0.0,0.0,0.12537313432835823,0.0,0.029850746268656716,0.0,0.029850746268656716,0.4626865671641791,0.0,0.0,0.14925373134328357,0.0,0.0,0.13432835820895522,0.0,0.0,0.0,0.0,0.0,0.0,0.0,0.0,0.19402985074626866
16.0,110,0.058547199012965276,0.8180756285556656,3.3809628082765593,0.053038877711988244,0.8165693258749759,3.545650291678519,0.5236923652775427,5,1.046875,1.046875,0.90625,0.0,0.0,0.0,0.0,0.5671641791044776,0.0,0.0,0.04341926729986432,0.04522840343735866,0.0,0.06304683479155944,0.06980482204362802,0.011580030880082345,0.0,0.027137042062415195,0.0,0.0,0.003618272274988693,0.0,0.16900114810562572,0.0,0.04477611940298507,0.0,0.014925373134328358,0.4626865671641791,0.0,0.0,0.16417910447761194,0.0,0.0,0.1044776119402985,0.0,0.0,0.0,0.0,0.0,0.0,0.0,0.0,0.208955223880597
16.0,111,0.053533084599951965,0.8028576322430088,3.4699834713344364,0.053910275713779925,0.8208167953218772,3.5351712593859883,0.3234187668216295,5,1.046875,1.046875,0.953125,0.005872277954489845,0.0,0.01565940787863959,0.035233667726939075,0.5431053686789931,0.0,0.0,0.07416044776119403,0.0,0.0,0.06263763151455835,0.0,0.0,0.0,0.0,0.0,0.015391791044776119,0.0,0.0,0.24793940744040988,0.0,0.029850746268656716,0.0,0.0,0.4626865671641791,0.0,0.0,0.13432835820895522,0.0,0.0,0.13432835820895522,0.0,0.0,0.0,0.0,0.0,0.0,0.0,0.0,0.23880597014925373
16.0,112,0.055394330866049266,0.8121682823728023,3.450748950933304,0.053212312826758146,0.8173883128982221,3.5434177475690003,0.3807883658629927,5,1.046875,1.046875,0.890625,0.0,0.021125143513203215,0.0,0.03168771526980482,0.4964408725602755,0.0,0.0,0.14925373134328357,0.05281285878300804,0.0,0.08450057405281286,0.03233830845771144,0.0,0.0,0.024875621890547265,0.0,0.0,0.02985074626865672,0.0,0.07711442786069653,0.0,0.04477611940298507,0.0,0.014925373134328358,0.4626865671641791,0.0,0.0,0.14925373134328357,0.0,0.0,0.1044776119402985,0.0,0.0,0.0,0.0,0.0,0.0,0.0,0.0,0.22388059701492538
16.0,113,0.056725775118505156,0.8222989045271576,3.452546147955507,0.057878251365443834,0.8388323121726753,3.4867230317566658,0.31090700344431677,5,1.046875,1.046875,0.953125,0.0,0.0,0.0,0.050975889781859934,0.44179104477611947,0.0,0.0,0.05947187141216991,0.059471871412169926,0.0,0.1456354590682949,0.0,0.0,0.0,0.04500574052812859,0.0,0.0,0.0,0.0,0.19764812302125737,0.0,0.029850746268656716,0.0,0.0,0.4626865671641791,0.0,0.0,0.13432835820895522,0.0,0.0,0.16417910447761194,0.0,0.0,0.0,0.0,0.0,0.0,0.0,0.0,0.208955223880597
16.0,114,0.061090715254280274,0.838114564358571,3.3909062494679443,0.05492948764011889,0.8258407216887683,3.5236561327839153,0.36342761715896027,5,1.046875,1.046875,0.9375,0.0,0.0,0.0,0.04225028702640643,0.5386911595866819,0.0,0.0,0.035278154681139755,0.033921302578018994,0.0,0.10562571756601608,0.016282225237449117,0.0,0.02411021814006889,0.0,0.0,0.0,0.004070556309362279,0.0,0.1997703788748565,0.0,0.029850746268656716,0.0,0.014925373134328358,0.4626865671641791,0.0,0.0,0.14925373134328357,0.0,0.0,0.13432835820895522,0.0,0.0,0.0,0.0,0.0,0.0,0.0,0.0,0.208955223880597
16.0,115,0.04699926094915953,0.7740643672037946,3.570520751255237,0.05449649037759723,0.8232312262883594,3.5264486828338297,0.34889340064383956,5,1.046875,1.0625,0.875,0.001715686274509804,0.0,0.0029411764705882353,0.048287971905179985,0.5311676909569798,0.0,0.0027573529411764708,0.21729587357330993,0.0,0.0,0.010049019607843138,0.012071992976294996,0.0,0.0,0.0,0.0,0.0,0.0,0.0,0.17371323529411767,0.0,0.04477611940298507,0.0,0.029850746268656716,0.4626865671641791,0.0,0.0,0.14925373134328357,0.0,0.0,0.1044776119402985,0.0,0.0,0.0,0.0,0.0,0.0,0.0,0.0,0.208955223880597
16.0,116,0.057340016894109405,0.8148525543779311,3.4029073356912996,0.053910275713779925,0.8208167953218772,3.5351712593859883,0.5090361131405907,5,1.046875,1.046875,0.921875,0.0,0.0,0.0,0.0330654420206659,0.5290470723306544,0.0,0.0,0.051305970149253734,0.05510907003444317,0.0,0.0991963260619977,0.0,0.0,0.0,0.0,0.008395522388059701,0.0,0.0915875169606513,0.0,0.1322930800542741,0.0,0.029850746268656716,0.0,0.0,0.4626865671641791,0.0,0.0,0.13432835820895522,0.0,0.0,0.13432835820895522,0.0,0.0,0.0,0.0,0.0,0.0,0.0,0.0,0.23880597014925373
16.0,117,0.04908011609867584,0.7706705130436102,3.4786917873173326,0.05712569492011009,0.8356674671374135,3.496372913967413,0.5125403543759525,5,1.046875,1.046875,0.921875,0.0,0.0,0.0,0.023691068467187867,0.5060849598163031,0.0,0.0,0.09734907551793272,0.0710732054015636,0.0,0.05448945747453209,0.04655825350857652,0.0,0.0,0.025395411004678098,0.0,0.06107921928817451,0.0,0.0,0.11427934952105145,0.0,0.029850746268656716,0.0,0.014925373134328358,0.4626865671641791,0.0,0.0,0.13432835820895522,0.0,0.0,0.14925373134328357,0.0,0.0,0.0,0.0,0.0,0.0,0.0,0.0,0.208955223880597
16.0,118,0.05202374668206216,0.8038264143569382,3.5242074115138906,0.052955972452222735,0.8162776136285166,3.547157010242936,0.22778415614236508,5,1.046875,1.046875,0.9375,0.0,0.010562571756601608,0.0,0.03168771526980482,0.4753157290470723,0.0,0.0,0.14246947082767977,0.03168771526980482,0.0,0.08450057405281286,0.05281285878300804,0.0,0.0,0.0,0.0,0.0,0.0,0.0,0.17096336499321574,0.0,0.014925373134328358,0.0,0.014925373134328358,0.4626865671641791,0.0,0.0,0.14925373134328357,0.0,0.0,0.13432835820895522,0.0,0.0,0.0,0.0,0.0,0.0,0.0,0.0,0.22388059701492538
16.0,119,0.05500884961220382,0.8222058263092482,3.5056154042265484,0.053212312826758146,0.8173883128982221,3.5434177475690003,0.21441300957897083,5,1.046875,1.046875,0.9375,0.0,0.020522388059701493,0.0,0.030783582089552237,0.5027985074626866,0.0,0.0,0.13321452439296058,0.0,0.0,0.10261194029850747,0.0,0.0,0.0,0.051236355535754056,0.0,0.0,0.0,0.0,0.1588327021608376,0.0,0.04477611940298507,0.0,0.014925373134328358,0.4626865671641791,0.0,0.0,0.14925373134328357,0.0,0.0,0.1044776119402985,0.0,0.0,0.0,0.0,0.0,0.0,0.0,0.0,0.22388059701492538
16.0,120,0.056433001894668364,0.8143926891424348,3.4282089939338958,0.054301776315335386,0.8226758766535065,3.530382360106943,0.40275066972828166,5,1.046875,1.046875,0.921875,0.0,0.05457089552238806,0.0,0.022614201718679332,0.46359113523292633,0.0,0.14699231117141565,0.1394589552238806,0.011307100859339666,0.0,0.10176390773405698,0.017451205510907005,0.0,0.0,0.0,0.0,0.0,0.0,0.0,0.04225028702640643,0.0,0.029850746268656716,0.0,0.029850746268656716,0.4626865671641791,0.0,0.0,0.14925373134328357,0.0,0.0,0.11940298507462686,0.0,0.0,0.0,0.0,0.0,0.0,0.0,0.0,0.208955223880597
16.0,121,0.052970554370557706,0.8110301059936982,3.523868688696622,0.055629067428111766,0.8287419293356366,3.5137302889953093,0.19664896670493692,5,1.046875,1.046875,0.984375,0.0,0.020665901262916193,0.0,0.0,0.4959816303099886,0.0,0.003031716417910448,0.13432835820895522,0.061997703788748575,0.0,0.09299655568312286,0.0,0.0,0.0,0.0,0.0,0.0,0.0,0.0,0.19099813432835822,0.0,0.04477611940298507,0.0,0.0,0.4626865671641791,0.0,0.0,0.16417910447761194,0.0,0.0,0.13432835820895522,0.0,0.0,0.0,0.0,0.0,0.0,0.0,0.0,0.19402985074626866
16.0,122,0.06514099575723559,0.8586377543235391,3.364207572288494,0.05489675494417283,0.8252853720539155,3.522336237919126,0.24018369690011487,4,1.046875,1.046875,1.015625,0.0,0.026865671641791048,0.009644087256027554,0.053731343283582096,0.45671641791044776,0.0,0.0,0.035132032146957516,0.0,0.0,0.15829941203075532,0.04477611940298508,0.0,0.0,0.0,0.0,0.0,0.0,0.0,0.21483491632745366,0.0,0.014925373134328358,0.0,0.014925373134328358,0.4626865671641791,0.0,0.0,0.14925373134328357,0.0,0.0,0.14925373134328357,0.0,0.0,0.0,0.0,0.0,0.0,0.0,0.0,0.208955223880597
16.0,123,0.05497992248107825,0.8086665405691262,3.448795256410394,0.053038877711988244,0.8165693258749759,3.545650291678519,0.4551090700344431,5,1.046875,1.046875,0.90625,0.0,0.0,0.0,0.03168771526980482,0.4964408725602755,0.0,0.0,0.05510907003444317,0.06337543053960965,0.0,0.09506314580941447,0.028932261768082664,0.0,0.0,0.07921928817451206,0.0,0.005510907003444317,0.0,0.0,0.14466130884041334,0.0,0.04477611940298507,0.0,0.014925373134328358,0.4626865671641791,0.0,0.0,0.16417910447761194,0.0,0.0,0.1044776119402985,0.0,0.0,0.0,0.0,0.0,0.0,0.0,0.0,0.208955223880597
16.0,124,0.05516422998810072,0.8072016288695993,3.436792004956876,0.05243185941279285,0.8136681182281076,3.553445587834309,0.3006099311136624,5,1.046875,1.046875,1.0,0.0,0.0,0.0,0.03237657864523536,0.5072330654420206,0.0,0.0,0.11124067164179105,0.06475315729047072,0.0,0.09712973593570609,0.0,0.015391791044776119,0.0,0.0,0.0,0.02308768656716418,0.0,0.0,0.14878731343283583,0.0,0.029850746268656716,0.0,0.029850746268656716,0.4626865671641791,0.0,0.0,0.14925373134328357,0.0,0.0,0.1044776119402985,0.0,0.0,0.0,0.0,0.0,0.0,0.0,0.0,0.22388059701492538
16.0,125,0.05277322574738805,0.7845309875336761,3.4150988711878245,0.058964428858438236,0.8431483545740432,3.4722337068350626,0.6215413318025258,4,1.046875,1.046875,1.0,0.0,0.03168771526980482,0.0,0.01148105625717566,0.5070034443168772,0.0,0.0,0.02378731343283582,0.09506314580941447,0.0,0.02640642939150402,0.05281285878300804,0.0,0.0032649253731343282,0.07393800229621125,0.0,0.002798507462686567,0.03673938002296211,0.0,0.13501722158438575,0.0,0.029850746268656716,0.0,0.029850746268656716,0.4626865671641791,0.0,0.0,0.1044776119402985,0.0,0.0,0.14925373134328357,0.0,0.0,0.0,0.0,0.0,0.0,0.0,0.0,0.22388059701492538
16.0,126,0.05867076824455049,0.8347236990753129,3.446131586612811,0.05243185941279285,0.8136681182281076,3.553445587834309,0.27909404028807017,5,1.046875,1.046875,0.984375,0.0,0.0,0.0,0.041331802525832385,0.5269804822043629,0.0,0.0037313432835820895,0.04070556309362279,0.0,0.0,0.10332950631458096,0.021709633649932156,0.0,0.0,0.027137042062415195,0.0,0.0,0.0,0.0,0.23507462686567163,0.0,0.029850746268656716,0.0,0.029850746268656716,0.4626865671641791,0.0,0.0,0.14925373134328357,0.0,0.0,0.1044776119402985,0.0,0.0,0.0,0.0,0.0,0.0,0.0,0.0,0.22388059701492538
16.0,127,0.05056307305387822,0.7893543908894262,3.5103894332643706,0.05368713217650983,0.819997808298631,3.5389757661802466,0.3880597014925373,5,1.046875,1.046875,0.921875,0.0,0.04225028702640643,0.0,0.04225028702640643,0.4964408725602755,0.0,0.0,0.14246947082767977,0.05281285878300804,0.0,0.0,0.05281285878300804,0.0,0.0,0.0,0.0,0.0,0.0,0.0,0.17096336499321574,0.0,0.029850746268656716,0.0,0.0,0.4626865671641791,0.0,0.0,0.14925373134328357,0.0,0.0,0.13432835820895522,0.0,0.0,0.0,0.0,0.0,0.0,0.0,0.0,0.22388059701492538
16.0,128,0.0569440217885051,0.8231061167773192,3.4493062923748665,0.05623365063313529,0.8318030466275591,3.5076993922981816,0.30051664753157287,5,1.046875,1.046875,0.890625,0.0,0.058553386911595874,0.0,0.020206659012629163,0.46475315729047073,0.0,0.0,0.09888059701492537,0.04041331802525833,0.0,0.09092996555683124,0.04041331802525833,0.0,0.0,0.0,0.0,0.020522388059701493,0.0,0.0,0.1653272101033295,0.0,0.014925373134328358,0.0,0.014925373134328358,0.4925373134328358,0.0,0.0,0.13432835820895522,0.0,0.0,0.13432835820895522,0.0,0.0,0.0,0.0,0.0,0.0,0.0,0.0,0.208955223880597
16.0,129,0.056760945875577916,0.8250117287872443,3.4628630054611533,0.053212312826758146,0.8173883128982221,3.5434177475690003,0.3311567164179105,5,1.046875,1.046875,0.984375,0.0,0.020988805970149255,0.0,0.0,0.535214552238806,0.0,0.0,0.16417910447761194,0.0,0.0,0.1154384328358209,0.0,0.0,0.0,0.0,0.0,0.0,0.06716417910447761,0.0,0.09701492537313433,0.0,0.04477611940298507,0.0,0.014925373134328358,0.4626865671641791,0.0,0.0,0.14925373134328357,0.0,0.0,0.1044776119402985,0.0,0.0,0.0,0.0,0.0,0.0,0.0,0.0,0.22388059701492538
16.0,130,0.053122911866591745,0.8093889872839264,3.5116914873199394,0.05351602032162213,0.8191788212753848,3.541088742907328,0.3132240893434923,5,1.046875,1.046875,0.984375,0.0,0.03867028493894166,0.0,0.0,0.5027137042062415,0.0,0.0,0.21913161465400272,0.0,0.0,0.09023066485753053,0.0,0.0,0.0,0.05281285878300804,0.0,0.0,0.0,0.0,0.09644087256027555,0.0,0.029850746268656716,0.0,0.0,0.4626865671641791,0.0,0.0,0.16417910447761194,0.0,0.0,0.13432835820895522,0.0,0.0,0.0,0.0,0.0,0.0,0.0,0.0,0.208955223880597
16.0,131,0.050917397458966146,0.8045245012455149,3.565382890368764,0.053018144489801994,0.8168329632633693,3.547488474793131,0.13369732221246705,5,1.046875,1.0625,0.875,0.0,0.024582967515364353,0.0,0.012291483757682176,0.4670763827919227,0.0,0.0027573529411764708,0.18437225636523266,0.0,0.0,0.1106233538191396,0.0,0.0,0.0,0.024582967515364353,0.0,0.0,0.0,0.0,0.17371323529411767,0.0,0.029850746268656716,0.0,0.014925373134328358,0.4626865671641791,0.0,0.0,0.14925373134328357,0.0,0.0,0.11940298507462686,0.0,0.0,0.0,0.0,0.0,0.0,0.0,0.0,0.22388059701492538
16.0,132,0.05903931335369336,0.8308813045348864,3.419545117500686,0.053212312826758146,0.8173883128982221,3.5434177475690003,0.32411369724802563,5,1.046875,1.046875,0.984375,0.0,0.011021814006888633,0.0,0.0330654420206659,0.5070034443168772,0.0,0.02170963364993216,0.026232473993668022,0.0,0.0,0.0991963260619977,0.0661308840413318,0.0,0.0,0.01175938489371325,0.0,0.0,0.0,0.0,0.22388059701492538,0.0,0.04477611940298507,0.0,0.014925373134328358,0.4626865671641791,0.0,0.0,0.14925373134328357,0.0,0.0,0.1044776119402985,0.0,0.0,0.0,0.0,0.0,0.0,0.0,0.0,0.22388059701492538
16.0,133,0.060394887658220285,0.8357985528225387,3.4009600148116954,0.053018144489801994,0.8168329632633693,3.547488474793131,0.41471619176843066,5,1.046875,1.046875,0.875,0.0,0.01958955223880597,0.0,0.03459972862957938,0.4995335820895523,0.0,0.0,0.06105834464043419,0.03867028493894166,0.0,0.10774253731343283,0.05427408412483039,0.0,0.0,0.05789235639981909,0.0,0.0,0.0,0.0,0.12663952962460423,0.0,0.029850746268656716,0.0,0.014925373134328358,0.4626865671641791,0.0,0.0,0.14925373134328357,0.0,0.0,0.11940298507462686,0.0,0.0,0.0,0.0,0.0,0.0,0.0,0.0,0.22388059701492538
16.0,134,0.051677868395582735,0.7977381990592524,3.5091997729584574,0.05549736302268701,0.8281865797007837,3.5155397654368645,0.3000574052812859,5,1.046875,1.046875,0.984375,0.0,0.028932261768082664,0.0,0.050975889781859934,0.4078071182548795,0.0,0.0,0.1405281285878301,0.04247990815154995,0.0,0.09919632606199771,0.050975889781859934,0.0,0.0,0.0,0.005597014925373134,0.0,0.0,0.0,0.17350746268656717,0.0,0.029850746268656716,0.0,0.0,0.4626865671641791,0.0,0.0,0.16417910447761194,0.0,0.0,0.14925373134328357,0.0,0.0,0.0,0.0,0.0,0.0,0.0,0.0,0.19402985074626866
16.0,135,0.05766849975212595,0.8222891605931291,3.4241693752154605,0.053212312826758146,0.8173883128982221,3.5434177475690003,0.3779594162056849,5,1.046875,1.046875,0.9375,0.0,0.030309988518943745,0.0,0.04041331802525833,0.5152698048220437,0.0,0.0,0.1236007462686567,0.08525554047942108,0.0,0.07072330654420207,0.0,0.0,0.0,0.0,0.0,0.025652985074626863,0.0,0.0,0.10877431026684757,0.0,0.04477611940298507,0.0,0.014925373134328358,0.4626865671641791,0.0,0.0,0.14925373134328357,0.0,0.0,0.1044776119402985,0.0,0.0,0.0,0.0,0.0,0.0,0.0,0.0,0.22388059701492538
16.0,136,0.056232712972717966,0.8252336296461779,3.4800252856208336,0.05368713217650983,0.819997808298631,3.5389757661802466,0.23744911804613286,5,1.046875,1.046875,0.984375,0.0,0.03544776119402985,0.0,0.05317164179104478,0.47854477611940294,0.0,0.0,0.0915875169606513,0.0,0.0,0.08819538670284939,0.030529172320217096,0.0,0.0,0.0,0.0,0.013568521031207599,0.0,0.0,0.208955223880597,0.0,0.029850746268656716,0.0,0.0,0.4626865671641791,0.0,0.0,0.14925373134328357,0.0,0.0,0.13432835820895522,0.0,0.0,0.0,0.0,0.0,0.0,0.0,0.0,0.22388059701492538
16.0,137,0.06053639725156551,0.842229305202415,3.4231195205572837,0.054692667608698765,0.8240502133116057,3.5236204589910534,0.33079515573497276,5,1.046875,1.046875,0.890625,0.0,0.0021665864227250844,0.009644087256027554,0.006259027443428021,0.5052350189351749,0.0,0.0,0.035132032146957516,0.0,0.0,0.154377366896859,0.006259027443428021,0.0,0.0,0.0,0.00024073182474723158,0.0,0.0,0.0,0.2806861216306527,0.0,0.04477611940298507,0.0,0.029850746268656716,0.4626865671641791,0.0,0.0,0.13432835820895522,0.0,0.0,0.1044776119402985,0.0,0.0,0.0,0.0,0.0,0.0,0.0,0.0,0.22388059701492538
16.0,138,0.05059002820613612,0.8032896122235347,3.5714098339415,0.05492948764011889,0.8258407216887683,3.5236561327839153,0.17734855136084277,5,1.046875,1.0625,0.9375,0.0,0.024582967515364353,0.0,0.012291483757682176,0.491659350307287,0.0,0.0,0.208955223880597,0.0,0.0,0.08604038630377524,0.0,0.0,0.0,0.0,0.0,0.0,0.0,0.0,0.17647058823529413,0.0,0.029850746268656716,0.0,0.014925373134328358,0.4626865671641791,0.0,0.0,0.14925373134328357,0.0,0.0,0.13432835820895522,0.0,0.0,0.0,0.0,0.0,0.0,0.0,0.0,0.208955223880597
16.0,139,0.04911471417728603,0.7758213415844883,3.5007081984552118,0.05563990157460111,0.8290055667240299,3.5145058478937403,0.49359264284637416,5,1.046875,1.046875,0.875,0.0,0.037991858887381276,0.0,0.029850746268656716,0.44640434192673,0.0,0.13297150610583447,0.10176390773405698,0.06633499170812604,0.0,0.053067993366500824,0.009497964721845319,0.0,0.0,0.0,0.0,0.0,0.0,0.0,0.12211668928086838,0.0,0.029850746268656716,0.0,0.0,0.4626865671641791,0.0,0.0,0.14925373134328357,0.0,0.0,0.14925373134328357,0.0,0.0,0.0,0.0,0.0,0.0,0.0,0.0,0.208955223880597
16.0,140,0.060518629680319194,0.8313256082637933,3.3792989695810207,0.053212312826758146,0.8173883128982221,3.5434177475690003,0.479520013568521,5,1.046875,1.046875,0.96875,0.0,0.0,0.0,0.04225028702640643,0.5386911595866819,0.0,0.0,0.03568097014925373,0.0,0.0,0.10562571756601608,0.05291723202170963,0.0,0.004897388059701492,0.0,0.004197761194029851,0.0,0.07327001356852103,0.0,0.14246947082767977,0.0,0.04477611940298507,0.0,0.014925373134328358,0.4626865671641791,0.0,0.0,0.14925373134328357,0.0,0.0,0.1044776119402985,0.0,0.0,0.0,0.0,0.0,0.0,0.0,0.0,0.22388059701492538
16.0,141,0.04930134387007464,0.781208875804664,3.5183398729336774,0.05492948764011889,0.8258407216887683,3.5236561327839153,0.4618008856814827,4,1.046875,1.046875,0.90625,0.0,0.01279317697228145,0.006199770378874857,0.019189765458422173,0.5130318556471375,0.0,0.0,0.2183114279349521,0.05970149253731343,0.0,0.042643923240938165,0.0,0.0,0.0,0.04133180252583238,0.0,0.0,0.0,0.0,0.08679678530424799,0.0,0.029850746268656716,0.0,0.014925373134328358,0.4626865671641791,0.0,0.0,0.14925373134328357,0.0,0.0,0.13432835820895522,0.0,0.0,0.0,0.0,0.0,0.0,0.0,0.0,0.208955223880597
16.0,142,0.04989822423520822,0.7984060171415022,3.5742197985113844,0.05351602032162213,0.8191788212753848,3.541088742907328,0.2212467076382791,5,1.046875,1.0625,0.890625,0.0,0.0,0.0,0.024582967515364353,0.5039508340649692,0.0,0.0,0.208955223880597,0.0,0.0,0.08604038630377524,0.0,0.0,0.0,0.0,0.0,0.0,0.0,0.0,0.17647058823529413,0.0,0.029850746268656716,0.0,0.0,0.4626865671641791,0.0,0.0,0.16417910447761194,0.0,0.0,0.13432835820895522,0.0,0.0,0.0,0.0,0.0,0.0,0.0,0.0,0.208955223880597
16.0,143,0.05883009339603296,0.8246170798573923,3.3997936386001775,0.053038877711988244,0.8165693258749759,3.545650291678519,0.4670861476831626,5,1.046875,1.046875,0.984375,0.0,0.0042643923240938165,0.0,0.03237657864523536,0.5072330654420206,0.0,0.0,0.03957485300768882,0.06475315729047072,0.0,0.09712973593570609,0.061079219288174516,0.0,0.0,0.010660980810234541,0.0,0.0,0.03505201266395296,0.0,0.1478760045924225,0.0,0.04477611940298507,0.0,0.014925373134328358,0.4626865671641791,0.0,0.0,0.16417910447761194,0.0,0.0,0.1044776119402985,0.0,0.0,0.0,0.0,0.0,0.0,0.0,0.0,0.208955223880597
16.0,144,0.057519731243456836,0.8296827387317025,3.459422699296243,0.053212312826758146,0.8173883128982221,3.5434177475690003,0.32247851650836734,5,1.046875,1.046875,0.875,0.0,0.0,0.0,0.029850746268656716,0.4811762085096904,0.0,0.0,0.032790592492085026,0.0,0.0,0.14702606371129429,0.0,0.0,0.0,0.02261420171867933,0.0,0.0,0.01922207146087743,0.0,0.26732011583871684,0.0,0.04477611940298507,0.0,0.014925373134328358,0.4626865671641791,0.0,0.0,0.14925373134328357,0.0,0.0,0.1044776119402985,0.0,0.0,0.0,0.0,0.0,0.0,0.0,0.0,0.22388059701492538
16.0,145,0.05124947989265918,0.7866236687439175,3.474739719070835,0.053212312826758146,0.8173883128982221,3.5434177475690003,0.5424864314789688,5,1.046875,1.046875,0.890625,0.0,0.006996268656716417,0.0,0.020988805970149252,0.5339719313878369,0.0,0.0,0.19313878369347293,0.046641791044776115,0.0,0.041977611940298504,0.03264925373134328,0.0,0.0,0.0340833147694364,0.0,0.0,0.036635006784260515,0.0,0.052917232021709636,0.0,0.04477611940298507,0.0,0.014925373134328358,0.4626865671641791,0.0,0.0,0.14925373134328357,0.0,0.0,0.1044776119402985,0.0,0.0,0.0,0.0,0.0,0.0,0.0,0.0,0.22388059701492538
16.0,146,0.052534918780204304,0.7987946398565059,3.4850668203146093,0.05478766535128192,0.8250217346655221,3.5247148862220214,0.3926521239954075,5,1.046875,1.046875,0.890625,0.0,0.02479908151549943,0.0,0.050975889781859934,0.43329506314580946,0.0,0.0,0.12399540757749714,0.06796785304247992,0.0,0.09092996555683124,0.028932261768082664,0.0,0.0,0.06337543053960965,0.0,0.0,0.0,0.0,0.11572904707233066,0.0,0.029850746268656716,0.0,0.014925373134328358,0.4626865671641791,0.0,0.0,0.16417910447761194,0.0,0.0,0.13432835820895522,0.0,0.0,0.0,0.0,0.0,0.0,0.0,0.0,0.19402985074626866
16.0,147,0.05185698809732771,0.8086090903696275,3.550871652748365,0.05549736302268701,0.8281865797007837,3.5155397654368645,0.21652929382936065,5,1.046875,1.046875,0.984375,0.0,0.026286478057473823,0.0,0.026286478057473823,0.4074404098908443,0.0,0.0,0.11940298507462686,0.0,0.0,0.14457562931610604,0.0,0.0,0.0,0.0,0.0,0.0,0.0,0.0,0.27600801960347515,0.0,0.029850746268656716,0.0,0.0,0.4626865671641791,0.0,0.0,0.16417910447761194,0.0,0.0,0.14925373134328357,0.0,0.0,0.0,0.0,0.0,0.0,0.0,0.0,0.19402985074626866
16.0,148,0.05491274380665017,0.8107731288240833,3.459893846431482,0.05492948764011889,0.8258407216887683,3.5236561327839153,0.3838841506751954,4,1.046875,1.046875,0.984375,0.0,0.017057569296375266,0.0,0.025586353944562896,0.5226108264646915,0.0,0.0,0.04757462686567164,0.07960199004975123,0.0,0.05685856432125088,0.0,0.0,0.0065298507462686565,0.011361104923145467,0.0,0.005597014925373134,0.0,0.0,0.2272220984629093,0.0,0.029850746268656716,0.0,0.014925373134328358,0.4626865671641791,0.0,0.0,0.14925373134328357,0.0,0.0,0.13432835820895522,0.0,0.0,0.0,0.0,0.0,0.0,0.0,0.0,0.208955223880597
16.0,149,0.055341274039892314,0.8110750368328548,3.447755487931387,0.05563990157460111,0.8290055667240299,3.5145058478937403,0.4022962112514352,5,1.046875,1.046875,0.984375,0.0,0.030998851894374284,0.0,0.0,0.4849598163030999,0.0,0.0,0.07026406429391505,0.07072330654420207,0.0,0.10103329506314582,0.02066590126291619,0.0,0.0,0.07393800229621125,0.0,0.012399540757749714,0.0,0.0,0.13501722158438575,0.0,0.029850746268656716,0.0,0.0,0.4626865671641791,0.0,0.0,0.14925373134328357,0.0,0.0,0.14925373134328357,0.0,0.0,0.0,0.0,0.0,0.0,0.0,0.0,0.208955223880597
16.0,150,0.056472426856765,0.8193237920698895,3.447762491128466,0.053212312826758146,0.8173883128982221,3.5434177475690003,0.3132588804230595,5,1.046875,1.046875,0.984375,0.0,0.011021814006888633,0.0,0.0330654420206659,0.48495981630309987,0.0,0.0,0.03165988240615106,0.0330654420206659,0.0,0.0991963260619977,0.05510907003444317,0.0,0.0,0.0,0.0,0.0,0.02804161013116237,0.0,0.22388059701492538,0.0,0.04477611940298507,0.0,0.014925373134328358,0.4626865671641791,0.0,0.0,0.14925373134328357,0.0,0.0,0.1044776119402985,0.0,0.0,0.0,0.0,0.0,0.0,0.0,0.0,0.22388059701492538
16.0,151,0.05495228344316635,0.8222875036764643,3.507767650441114,0.055123341611338215,0.8266597087120146,3.520943063523105,0.21597409051184954,5,1.046875,1.046875,0.921875,0.0,0.020206659012629163,0.0,0.030309988518943745,0.5051664753157291,0.0,0.0,0.13833815994653598,0.0,0.0,0.10103329506314582,0.0,0.0,0.0,0.046112719982178654,0.0,0.0,0.0,0.0,0.1588327021608376,0.0,0.029850746268656716,0.0,0.014925373134328358,0.4626865671641791,0.0,0.0,0.13432835820895522,0.0,0.0,0.13432835820895522,0.0,0.0,0.0,0.0,0.0,0.0,0.0,0.0,0.22388059701492538
16.0,152,0.05233698004014428,0.7989987453276178,3.4925430472399728,0.054757972178295186,0.8244663850306693,3.523297170051807,0.4295840894781674,5,1.046875,1.046875,0.875,0.0,0.009629272989889262,0.0,0.036109773712084736,0.4998886166184005,0.0,0.0,0.05097588978185993,0.0340833147694364,0.0,0.05296100144439095,0.05055368319691862,0.0,0.0,0.03857634902411022,0.0,0.0,0.0,0.0,0.2272220984629093,0.0,0.014925373134328358,0.0,0.014925373134328358,0.4626865671641791,0.0,0.0,0.16417910447761194,0.0,0.0,0.14925373134328357,0.0,0.0,0.0,0.0,0.0,0.0,0.0,0.0,0.19402985074626866
16.0,153,0.04937155276217681,0.7887152822330175,3.549620000178817,0.05368713217650983,0.819997808298631,3.5389757661802466,0.3425947187141216,5,1.046875,1.046875,0.984375,0.0,0.00642939150401837,0.0,0.06061997703788749,0.5021162842503898,0.0,0.0,0.10355912743972445,0.024110218140068886,0.0,0.03214695752009185,0.011251435132032148,0.0,0.0,0.030539609644087258,0.0,0.0,0.0,0.0,0.2292269993316997,0.0,0.029850746268656716,0.0,0.0,0.4626865671641791,0.0,0.0,0.14925373134328357,0.0,0.0,0.13432835820895522,0.0,0.0,0.0,0.0,0.0,0.0,0.0,0.0,0.22388059701492538
16.0,154,0.0520336747729428,0.8023174946275734,3.5172562746499785,0.05563990157460111,0.8290055667240299,3.5145058478937403,0.3302817822755447,5,1.046875,1.046875,0.984375,0.0,0.0,0.0,0.018952854773750295,0.5520160392069503,0.0,0.0,0.14457562931610604,0.05685856432125089,0.0,0.04359156597962568,0.0,0.0,0.0,0.0,0.0,0.0,0.0,0.0,0.18400534640231678,0.0,0.029850746268656716,0.0,0.0,0.4626865671641791,0.0,0.0,0.14925373134328357,0.0,0.0,0.14925373134328357,0.0,0.0,0.0,0.0,0.0,0.0,0.0,0.0,0.208955223880597
16.0,155,0.05720771391161596,0.8152476988759892,3.4084920473330054,0.055629067428111766,0.8287419293356366,3.5137302889953093,0.4483432780212203,5,1.046875,1.046875,0.953125,0.0,0.03582089552238806,0.0,0.09362279511533243,0.4656716417910448,0.0,0.0,0.05946828358208955,0.08059701492537315,0.0,0.04281869341815512,0.03180817225348666,0.0,0.006996268656716417,0.0,0.0,0.00816231343283582,0.0,0.0,0.175033921302578,0.0,0.04477611940298507,0.0,0.0,0.4626865671641791,0.0,0.0,0.16417910447761194,0.0,0.0,0.13432835820895522,0.0,0.0,0.0,0.0,0.0,0.0,0.0,0.0,0.19402985074626866
16.0,156,0.05793607346105308,0.8221687638010943,3.415752884671764,0.053038877711988244,0.8165693258749759,3.545650291678519,0.4005427408412483,5,1.046875,1.046875,0.890625,0.0,0.021125143513203215,0.0,0.03168771526980482,0.48587830080367395,0.0,0.0,0.047489823609226586,0.05281285878300804,0.0,0.09506314580941447,0.06544202066590127,0.0,0.0,0.0,0.0,0.0,0.04206241519674356,0.0,0.1584385763490241,0.0,0.04477611940298507,0.0,0.014925373134328358,0.4626865671641791,0.0,0.0,0.16417910447761194,0.0,0.0,0.1044776119402985,0.0,0.0,0.0,0.0,0.0,0.0,0.0,0.0,0.208955223880597
16.0,157,0.05053624548127291,0.7898185645206356,3.513385873572674,0.05577464550298518,0.8295609163588828,3.5126095144224303,0.3458094144661309,4,1.046875,1.046875,1.015625,0.0,0.04041331802525833,0.0,0.005051664753157291,0.5253731343283582,0.0,0.0,0.14246947082767977,0.09092996555683124,0.0,0.010562571756601608,0.0,0.0,0.0,0.009644087256027554,0.0,0.004592422502870264,0.0,0.0,0.17096336499321574,0.0,0.04477611940298507,0.0,0.0,0.4626865671641791,0.0,0.0,0.14925373134328357,0.0,0.0,0.13432835820895522,0.0,0.0,0.0,0.0,0.0,0.0,0.0,0.0,0.208955223880597
16.0,158,0.05859907202698669,0.8230386923123529,3.39996842038132,0.055123341611338215,0.8266597087120146,3.520943063523105,0.4589921894026372,5,1.046875,1.046875,0.890625,0.0,0.021584385763490244,0.0,0.021584385763490244,0.5180252583237658,0.0,0.0,0.07416044776119403,0.05396096440872561,0.0,0.08633754305396098,0.04748982360922659,0.0,0.015391791044776119,0.0506558118498417,0.0,0.0,0.0,0.0,0.11080958842152872,0.0,0.029850746268656716,0.0,0.014925373134328358,0.4626865671641791,0.0,0.0,0.13432835820895522,0.0,0.0,0.13432835820895522,0.0,0.0,0.0,0.0,0.0,0.0,0.0,0.0,0.22388059701492538
16.0,159,0.055145438778025135,0.8125703706972645,3.460239695359024,0.05348687287394109,0.818623471640532,3.5396521817856406,0.42618409782588884,5,1.046875,1.046875,0.984375,0.0,0.015636105188343994,0.003444316877152698,0.02345415778251599,0.5226108264646915,0.0,0.0,0.04822043628013777,0.07296849087893864,0.0,0.05212035062781331,0.02296211251435132,0.0,0.0,0.0,0.0,0.0,0.0,0.0,0.2385832033860548,0.0,0.014925373134328358,0.0,0.0,0.4626865671641791,0.0,0.0,0.16417910447761194,0.0,0.0,0.14925373134328357,0.0,0.0,0.0,0.0,0.0,0.0,0.0,0.0,0.208955223880597
16.0,160,0.05888850290346027,0.8264805388870498,3.4057861490033274,0.05726402409675918,0.8362228167722663,3.4944681092465437,0.3921511324496399,5,1.046875,1.046875,0.9375,0.0,0.06105834464043419,0.0,0.029621125143513203,0.46406429391504017,0.0,0.0,0.04206241519674356,0.059242250287026406,0.0,0.08886337543053961,0.021709633649932156,0.0,0.0,0.05698778833107192,0.0,0.0,0.025780189959294438,0.0,0.15061058344640432,0.0,0.04477611940298507,0.0,0.014925373134328358,0.4626865671641791,0.0,0.0,0.13432835820895522,0.0,0.0,0.13432835820895522,0.0,0.0,0.0,0.0,0.0,0.0,0.0,0.0,0.208955223880597
16.0,161,0.05268524225620107,0.7993303694650963,3.4824254098402383,0.05492948764011889,0.8258407216887683,3.5236561327839153,0.40238427941702615,5,1.046875,1.046875,0.875,0.0,0.060815326353308094,0.0,0.031207598371777476,0.4473089099954771,0.0,0.0,0.102918244597906,0.010402532790592492,0.0,0.07281772953414745,0.01871240810871018,0.0,0.0,0.1248303934871099,0.0,0.0,0.0,0.0,0.13098685676097127,0.0,0.029850746268656716,0.0,0.014925373134328358,0.4626865671641791,0.0,0.0,0.14925373134328357,0.0,0.0,0.13432835820895522,0.0,0.0,0.0,0.0,0.0,0.0,0.0,0.0,0.208955223880597
16.0,162,0.05660903523682307,0.8105193457026636,3.406595029743138,0.053677164068680075,0.8197341709102375,3.5381664320650814,0.5170500208746477,5,1.046875,1.046875,0.9375,0.0,0.0,0.0,0.0330654420206659,0.5180252583237658,0.0,0.0,0.038479477611940295,0.0661308840413318,0.0,0.0991963260619977,0.0,0.0,0.0,0.0,0.006296641791044776,0.0,0.09769335142469471,0.0,0.14111261872455902,0.0,0.04477611940298507,0.0,0.0,0.4626865671641791,0.0,0.0,0.16417910447761194,0.0,0.0,0.11940298507462686,0.0,0.0,0.0,0.0,0.0,0.0,0.0,0.0,0.208955223880597
16.0,163,0.058946858581704786,0.8318410156063183,3.4261785956784974,0.054494914023477586,0.8234948636767527,3.5276290377930675,0.30609191803221647,4,1.046875,1.046875,0.96875,0.0,0.010792192881745122,0.0,0.03237657864523536,0.5072330654420206,0.0,0.0037313432835820895,0.02261420171867933,0.0235187697874265,0.0,0.09712973593570609,0.05396096440872561,0.0,0.0,0.013568521031207597,0.0,0.0,0.0,0.0,0.23507462686567163,0.0,0.029850746268656716,0.0,0.029850746268656716,0.4626865671641791,0.0,0.0,0.13432835820895522,0.0,0.0,0.11940298507462686,0.0,0.0,0.0,0.0,0.0,0.0,0.0,0.0,0.22388059701492538
16.0,164,0.05269558151316954,0.8064438855086631,3.51307201613687,0.05549736302268701,0.8281865797007837,3.5155397654368645,0.3165480345253124,5,1.046875,1.046875,0.984375,0.0,0.01421464108031272,0.0,0.02132196162046908,0.5333036310982402,0.0,0.0,0.13967476052572955,0.06633499170812603,0.0,0.047382136934375735,0.0,0.0,0.0,0.0,0.0,0.0,0.0,0.0,0.1777678770327467,0.0,0.029850746268656716,0.0,0.0,0.4626865671641791,0.0,0.0,0.16417910447761194,0.0,0.0,0.14925373134328357,0.0,0.0,0.0,0.0,0.0,0.0,0.0,0.0,0.19402985074626866
16.0,165,0.05307501990084405,0.8056754779227066,3.497156458344738,0.05339694014911679,0.8183598342521385,3.541490818585851,0.32199144139442637,5,1.046875,1.046875,0.84375,0.0,0.0,0.0,0.03168771526980482,0.48587830080367395,0.0,0.0,0.12347354138398915,0.06337543053960965,0.0,0.10562571756601608,0.0,0.0,0.0,0.0,0.0,0.0,0.042740841248303935,0.0,0.14721845318860247,0.0,0.029850746268656716,0.0,0.0,0.4626865671641791,0.0,0.0,0.1791044776119403,0.0,0.0,0.13432835820895522,0.0,0.0,0.0,0.0,0.0,0.0,0.0,0.0,0.19402985074626866
16.0,166,0.05900185280006729,0.815436678666825,3.3570469677953367,0.055123341611338215,0.8266597087120146,3.520943063523105,0.5149775597536792,5,1.046875,1.046875,0.984375,0.0,0.012890094979647219,0.009644087256027554,0.012890094979647219,0.5027137042062415,0.0,0.16757123473541383,0.035132032146957516,0.0,0.0,0.12890094979647218,0.025780189959294438,0.0,0.008036739380022962,0.0,0.0,0.00642939150401837,0.0,0.0,0.09001148105625718,0.0,0.029850746268656716,0.0,0.014925373134328358,0.4626865671641791,0.0,0.0,0.13432835820895522,0.0,0.0,0.13432835820895522,0.0,0.0,0.0,0.0,0.0,0.0,0.0,0.0,0.22388059701492538
16.0,167,0.057836573809569324,0.8130973100679535,3.3809694410699165,0.05449649037759723,0.8232312262883594,3.5264486828338297,0.4516621438263228,5,1.046875,1.046875,0.9375,0.0,0.01741293532338308,0.01741293532338308,0.04228855721393034,0.5289179104477612,0.0,0.0,0.06996268656716417,0.0,0.0,0.07213930348258706,0.05088195386702849,0.0,0.008395522388059701,0.05088195386702849,0.008395522388059701,0.011194029850746268,0.0,0.0,0.12211668928086838,0.0,0.04477611940298507,0.0,0.029850746268656716,0.4626865671641791,0.0,0.0,0.14925373134328357,0.0,0.0,0.1044776119402985,0.0,0.0,0.0,0.0,0.0,0.0,0.0,0.0,0.208955223880597
16.0,168,0.053339290913043166,0.7871951566655212,3.4084646517344828,0.05368713217650983,0.819997808298631,3.5389757661802466,0.5593113975576662,5,1.046875,1.046875,0.9375,0.0,0.0,0.020149253731343283,0.042537313432835816,0.5104477611940299,0.0,0.0,0.07136194029850745,0.0,0.0,0.07164179104477612,0.07164179104477612,0.0,0.009794776119402984,0.0,0.0,0.008395522388059701,0.07937584803256446,0.0,0.11465400271370421,0.0,0.029850746268656716,0.0,0.0,0.4626865671641791,0.0,0.0,0.14925373134328357,0.0,0.0,0.13432835820895522,0.0,0.0,0.0,0.0,0.0,0.0,0.0,0.0,0.22388059701492538
16.0,169,0.05488333964573806,0.8135103356960088,3.4725044415934625,0.055123341611338215,0.8266597087120146,3.520943063523105,0.29902153983241087,4,1.046875,1.046875,0.90625,0.0,0.0,0.0,0.020665901262916193,0.4856486796785304,0.0,0.0,0.11762085096903542,0.061997703788748575,0.0,0.10332950631458096,0.05881042548451771,0.0,0.0,0.0,0.0,0.0,0.0,0.0,0.15192693250167075,0.0,0.029850746268656716,0.0,0.014925373134328358,0.4626865671641791,0.0,0.0,0.13432835820895522,0.0,0.0,0.13432835820895522,0.0,0.0,0.0,0.0,0.0,0.0,0.0,0.0,0.22388059701492538
16.0,170,0.05266001460141899,0.8124326209692725,3.540355435322082,0.055094216635441846,0.826396071323621,3.520750403264953,0.16266646151987343,5,1.046875,1.046875,0.921875,0.0,0.024285352896534277,0.0,0.06071338224133569,0.45979059924259297,0.0,0.002798507462686567,0.18200044553352637,0.0,0.0,0.09410574247407033,0.0,0.0,0.0,0.0,0.0,0.0,0.0,0.0,0.17630597014925373,0.0,0.04477611940298507,0.0,0.014925373134328358,0.4626865671641791,0.0,0.0,0.14925373134328357,0.0,0.0,0.11940298507462686,0.0,0.0,0.0,0.0,0.0,0.0,0.0,0.0,0.208955223880597
16.0,171,0.05134831006107818,0.7835487472904284,3.4578244682117782,0.055123341611338215,0.8266597087120146,3.520943063523105,0.43464495703301675,5,1.046875,1.046875,0.9375,0.0,0.033921302578019,0.0,0.033921302578019,0.508819538670285,0.0,0.0,0.14925373134328357,0.0,0.0,0.07914970601537766,0.0,0.0,0.0,0.0,0.0,0.09045680687471733,0.042740841248303935,0.0,0.061736770691994576,0.0,0.029850746268656716,0.0,0.014925373134328358,0.4626865671641791,0.0,0.0,0.13432835820895522,0.0,0.0,0.13432835820895522,0.0,0.0,0.0,0.0,0.0,0.0,0.0,0.0,0.22388059701492538
16.0,172,0.04849175824579416,0.7720818940080892,3.5061412017922495,0.05351602032162213,0.8191788212753848,3.541088742907328,0.49379772970773195,5,1.046875,1.046875,0.890625,0.0,0.06549342838048564,0.0,0.01421464108031272,0.4613297150610583,0.0,0.0,0.102918244597906,0.04264392324093816,0.0,0.03269367448471926,0.027137042062415195,0.0,0.0,0.01871240810871018,0.0,0.0,0.10854816824966078,0.0,0.12630875473379372,0.0,0.029850746268656716,0.0,0.0,0.4626865671641791,0.0,0.0,0.16417910447761194,0.0,0.0,0.13432835820895522,0.0,0.0,0.0,0.0,0.0,0.0,0.0,0.0,0.208955223880597
16.0,173,0.056729168618087314,0.8183023514632287,3.4356632521817203,0.052955972452222735,0.8162776136285166,3.547157010242936,0.3584094388198865,5,1.046875,1.046875,0.953125,0.0,0.027137042062415195,0.0,0.021125143513203215,0.48587830080367395,0.0,0.0,0.04522840343735866,0.03168771526980482,0.0,0.09506314580941447,0.05281285878300804,0.0,0.0,0.0235187697874265,0.006063432835820896,0.0,0.0235187697874265,0.0,0.18796641791044777,0.0,0.014925373134328358,0.0,0.014925373134328358,0.4626865671641791,0.0,0.0,0.14925373134328357,0.0,0.0,0.13432835820895522,0.0,0.0,0.0,0.0,0.0,0.0,0.0,0.0,0.22388059701492538
16.0,174,0.05586806413949613,0.8202203295621386,3.470153754095401,0.05583447180889758,0.8298245537472762,3.5118428613832418,0.26538635493859375,5,1.046875,1.046875,0.890625,0.0,0.03490241102181401,0.0,0.03490241102181401,0.4362801377726751,0.0,0.0,0.13432835820895522,0.06107921928817451,0.0,0.1175938489371325,0.027137042062415195,0.0,0.0,0.0,0.0,0.0045228403437358655,0.0,0.0,0.14925373134328357,0.0,0.029850746268656716,0.0,0.0,0.4626865671641791,0.0,0.0,0.13432835820895522,0.0,0.0,0.14925373134328357,0.0,0.0,0.0,0.0,0.0,0.0,0.0,0.0,0.22388059701492538
16.0,175,0.05390047874286807,0.8067040046768692,3.474704699148794,0.05368713217650983,0.819997808298631,3.5389757661802466,0.39073861461921167,4,1.046875,1.046875,0.984375,0.0,0.021125143513203215,0.0,0.021125143513203215,0.5070034443168772,0.0,0.0,0.14925373134328357,0.05281285878300804,0.0,0.08450057405281286,0.0,0.0,0.0,0.03233830845771144,0.0,0.0,0.04477611940298507,0.0,0.08706467661691542,0.0,0.029850746268656716,0.0,0.0,0.4626865671641791,0.0,0.0,0.14925373134328357,0.0,0.0,0.13432835820895522,0.0,0.0,0.0,0.0,0.0,0.0,0.0,0.0,0.22388059701492538
16.0,176,0.05335798384958892,0.7917684021612312,3.4276657137228916,0.05478766535128192,0.8250217346655221,3.5247148862220214,0.5752426677799811,5,1.046875,1.046875,0.984375,0.0,0.012629161882893227,0.0,0.0277841561423651,0.49253731343283585,0.0,0.0,0.023744911804613293,0.08955223880597016,0.0,0.05051664753157291,0.061079219288174516,0.0,0.0,0.07324913892078072,0.0,0.0,0.02103120759837178,0.0,0.1478760045924225,0.0,0.029850746268656716,0.0,0.014925373134328358,0.4626865671641791,0.0,0.0,0.16417910447761194,0.0,0.0,0.13432835820895522,0.0,0.0,0.0,0.0,0.0,0.0,0.0,0.0,0.19402985074626866
16.0,177,0.05520356636714265,0.8049781450930655,3.4261038403998096,0.05368713217650983,0.819997808298631,3.5389757661802466,0.524930635285113,5,1.046875,1.046875,0.875,0.0,0.022502870264064296,0.0,0.022502870264064296,0.5063145809414467,0.0,0.0,0.0865205223880597,0.05625717566016074,0.0,0.07876004592422503,0.04500574052812859,0.0,0.0,0.02736318407960199,0.0,0.017957089552238806,0.04975124378109453,0.0,0.08706467661691542,0.0,0.029850746268656716,0.0,0.0,0.4626865671641791,0.0,0.0,0.14925373134328357,0.0,0.0,0.13432835820895522,0.0,0.0,0.0,0.0,0.0,0.0,0.0,0.0,0.22388059701492538
16.0,178,0.05194829794356585,0.7903571921701488,3.4676698968901944,0.05449649037759723,0.8232312262883594,3.5264486828338297,0.4260515603799186,5,1.046875,1.046875,0.9375,0.0,0.0,0.0,0.0,0.4672789896670494,0.0,0.0,0.12211668928086838,0.0849598163030999,0.0,0.11804613297150611,0.04070556309362279,0.0,0.0,0.04070556309362279,0.0,0.02849389416553596,0.0,0.0,0.0976933514246947,0.0,0.04477611940298507,0.0,0.029850746268656716,0.4626865671641791,0.0,0.0,0.14925373134328357,0.0,0.0,0.1044776119402985,0.0,0.0,0.0,0.0,0.0,0.0,0.0,0.0,0.208955223880597
16.0,179,0.048902913796231406,0.7804461882959739,3.5291945148614965,0.053018144489801994,0.8168329632633693,3.547488474793131,0.46934557979334096,5,1.046875,1.046875,0.953125,0.0,0.008266360505166475,0.0,0.01653272101033295,0.523947427043885,0.0,0.0,0.2073958565382045,0.026865671641791045,0.0,0.03513203214695752,0.03926521239954076,0.0,0.0,0.047531572904707234,0.0,0.0,0.0,0.0,0.09506314580941447,0.0,0.029850746268656716,0.0,0.014925373134328358,0.4626865671641791,0.0,0.0,0.14925373134328357,0.0,0.0,0.11940298507462686,0.0,0.0,0.0,0.0,0.0,0.0,0.0,0.0,0.22388059701492538
16.0,180,0.05096525680434335,0.790812639673853,3.5029706104480822,0.053212312826758146,0.8173883128982221,3.5434177475690003,0.40928553951553714,5,1.046875,1.046875,0.765625,0.0,0.0,0.0,0.0,0.5235018935174872,0.0,0.0,0.18935174871909113,0.0,0.0,0.07707364815267922,0.05725471005627599,0.0,0.013059701492537313,0.033415014479839605,0.0,0.0,0.0,0.0,0.10634328358208955,0.0,0.04477611940298507,0.0,0.014925373134328358,0.4626865671641791,0.0,0.0,0.14925373134328357,0.0,0.0,0.1044776119402985,0.0,0.0,0.0,0.0,0.0,0.0,0.0,0.0,0.22388059701492538
16.0,181,0.050785233022798165,0.8043878227245468,3.5694126843145213,0.05478766535128192,0.8250217346655221,3.5247148862220214,0.12842954345917468,5,1.046875,1.0625,0.953125,0.0,0.024582967515364353,0.0,0.012291483757682176,0.4793678665496049,0.0,0.0027573529411764708,0.208955223880597,0.0,0.0,0.09833187006145741,0.0,0.0,0.0,0.0,0.0,0.0,0.0,0.0,0.17371323529411767,0.0,0.029850746268656716,0.0,0.014925373134328358,0.4626865671641791,0.0,0.0,0.16417910447761194,0.0,0.0,0.13432835820895522,0.0,0.0,0.0,0.0,0.0,0.0,0.0,0.0,0.19402985074626866
16.0,182,0.05925086170182995,0.8330657012369174,3.422409074686427,0.053212312826758146,0.8173883128982221,3.5434177475690003,0.2979659680929452,5,1.046875,1.046875,0.9375,0.0,0.019288174512055112,0.0,0.10581421251949209,0.4629161882893227,0.0,0.0,0.10581421251949209,0.057864523536165335,0.0,0.086796785304248,0.0,0.0,0.0,0.0,0.0,0.0,0.0,0.0,0.16150590331922476,0.0,0.04477611940298507,0.0,0.014925373134328358,0.4626865671641791,0.0,0.0,0.14925373134328357,0.0,0.0,0.1044776119402985,0.0,0.0,0.0,0.0,0.0,0.0,0.0,0.0,0.22388059701492538
16.0,183,0.05185222235052249,0.7810657499816582,3.4300772962333603,0.054301776315335386,0.8226758766535065,3.530382360106943,0.5149253731343284,5,1.046875,1.046875,0.9375,0.0037313432835820895,0.04613297150610583,0.0,0.057666214382632294,0.4959294436906377,0.0,0.0,0.0,0.023066485753052916,0.0,0.011194029850746268,0.023066485753052916,0.0,0.0,0.0,0.006996268656716418,0.0,0.11533242876526459,0.0,0.21688432835820895,0.0,0.029850746268656716,0.0,0.029850746268656716,0.4626865671641791,0.0,0.0,0.14925373134328357,0.0,0.0,0.11940298507462686,0.0,0.0,0.0,0.0,0.0,0.0,0.0,0.0,0.208955223880597
16.0,184,0.0543511147868419,0.8152554421393048,3.4969504485309226,0.05494935482364556,0.8255770843003748,3.5218944068948983,0.2716606924671081,3,1.046875,1.046875,0.9375,0.0,0.03821800090456807,0.0,0.024058810425484516,0.4932056137224326,0.0,0.0,0.2044998886166184,0.0,0.0,0.08420583648919581,0.023518769787426504,0.0,0.0,0.03233830845771144,0.0,0.0,0.0,0.0,0.09995477159656264,0.0,0.04477611940298507,0.0,0.014925373134328358,0.4626865671641791,0.0,0.0,0.16417910447761194,0.0,0.0,0.11940298507462686,0.0,0.0,0.0,0.0,0.0,0.0,0.0,0.0,0.19402985074626866
16.0,185,0.0486326097219671,0.7790324555568171,3.532578030683916,0.05492948764011889,0.8258407216887683,3.5236561327839153,0.375451833078308,5,1.046875,1.046875,0.921875,0.0,0.0,0.0,0.053731343283582096,0.45671641791044776,0.0,0.0,0.12163065270661619,0.07164179104477612,0.0,0.05994617078541717,0.04453144115488133,0.0,0.0,0.0,0.0,0.0,0.03274671419024282,0.0,0.15905546892403655,0.0,0.029850746268656716,0.0,0.014925373134328358,0.4626865671641791,0.0,0.0,0.14925373134328357,0.0,0.0,0.13432835820895522,0.0,0.0,0.0,0.0,0.0,0.0,0.0,0.0,0.208955223880597
16.0,186,0.049773379489347375,0.7874008501591483,3.5293710150777686,0.05478766535128192,0.8250217346655221,3.5247148862220214,0.40315729047072335,5,1.046875,1.046875,0.890625,0.0,0.013059701492537313,0.0,0.05569169079973268,0.49008687903764764,0.0,0.0,0.20049008687903766,0.0,0.0,0.048507462686567165,0.03926521239954076,0.0,0.0,0.05783582089552239,0.0,0.0,0.0,0.0,0.09506314580941447,0.0,0.029850746268656716,0.0,0.014925373134328358,0.4626865671641791,0.0,0.0,0.16417910447761194,0.0,0.0,0.13432835820895522,0.0,0.0,0.0,0.0,0.0,0.0,0.0,0.0,0.19402985074626866
16.0,187,0.05468238576369676,0.8023229530080442,3.4310376960951507,0.055123341611338215,0.8266597087120146,3.520943063523105,0.4761042129512279,5,1.046875,1.046875,0.96875,0.0,0.0042643923240938165,0.0,0.04316877152698049,0.4964408725602756,0.0,0.0,0.05946828358208955,0.0,0.0,0.09712973593570609,0.06475315729047072,0.0,0.00816231343283582,0.010660980810234541,0.0,0.006996268656716417,0.08548168249660787,0.0,0.12347354138398915,0.0,0.029850746268656716,0.0,0.014925373134328358,0.4626865671641791,0.0,0.0,0.13432835820895522,0.0,0.0,0.13432835820895522,0.0,0.0,0.0,0.0,0.0,0.0,0.0,0.0,0.22388059701492538
16.0,188,0.0514572290998176,0.7913194280643233,3.488418895628559,0.05492948764011889,0.8258407216887683,3.5236561327839153,0.4517709957674314,5,1.046875,1.046875,0.875,0.0,0.03949483352468427,0.0,0.04477611940298507,0.5134328358208955,0.0,0.0,0.12163065270661619,0.08886337543053961,0.0,0.0,0.0,0.0,0.0,0.04678102027177545,0.0,0.0,0.0,0.0,0.1450211628425039,0.0,0.029850746268656716,0.0,0.014925373134328358,0.4626865671641791,0.0,0.0,0.14925373134328357,0.0,0.0,0.13432835820895522,0.0,0.0,0.0,0.0,0.0,0.0,0.0,0.0,0.208955223880597
16.0,189,0.05771094387289366,0.8262977357024393,3.439596307089749,0.053212312826758146,0.8173883128982221,3.5434177475690003,0.3392269422120169,5,1.046875,1.046875,0.9375,0.0,0.06126085987970595,0.0,0.0,0.5268433949654712,0.0,0.0,0.0592422502870264,0.04975124378109453,0.0,0.039800995024875614,0.03030998851894374,0.0,0.0,0.0,0.0,0.0,0.0,0.0,0.2327912675428826,0.0,0.04477611940298507,0.0,0.014925373134328358,0.4626865671641791,0.0,0.0,0.14925373134328357,0.0,0.0,0.1044776119402985,0.0,0.0,0.0,0.0,0.0,0.0,0.0,0.0,0.22388059701492538
16.0,190,0.053617124548487105,0.806186662681772,3.481639888680934,0.0552911101296205,0.8272150583468673,3.517959024515953,0.34718714121699196,4,1.046875,1.046875,1.015625,0.0,0.028932261768082664,0.0,0.059471871412169926,0.43329506314580946,0.0,0.0,0.1405281285878301,0.0,0.0,0.09919632606199771,0.059471871412169926,0.0,0.0,0.06337543053960965,0.0,0.0,0.0,0.0,0.11572904707233066,0.0,0.04477611940298507,0.0,0.014925373134328358,0.4626865671641791,0.0,0.0,0.13432835820895522,0.0,0.0,0.11940298507462686,0.0,0.0,0.0,0.0,0.0,0.0,0.0,0.0,0.22388059701492538
16.0,191,0.05463320538835703,0.8113769022276098,3.4713171938909646,0.05351602032162213,0.8191788212753848,3.541088742907328,0.3515068886337543,5,1.046875,1.046875,0.96875,0.0,0.021125143513203215,0.0,0.021125143513203215,0.4964408725602755,0.0,0.0,0.0679678530424799,0.06337543053960965,0.0,0.08450057405281286,0.0,0.0,0.0,0.05143513203214696,0.006063432835820896,0.0,0.0,0.0,0.18796641791044777,0.0,0.029850746268656716,0.0,0.0,0.4626865671641791,0.0,0.0,0.16417910447761194,0.0,0.0,0.13432835820895522,0.0,0.0,0.0,0.0,0.0,0.0,0.0,0.0,0.208955223880597
16.0,192,0.049606732996858305,0.7765091376044668,3.4863923309398914,0.053212312826758146,0.8173883128982221,3.5434177475690003,0.5372121752161849,5,1.046875,1.046875,0.890625,0.0,0.03324287652645862,0.0,0.055404794210764365,0.4986431478968792,0.0,0.0,0.10024504343951883,0.022161917684305744,0.0,0.0,0.04811762085096903,0.0,0.0,0.12189054726368159,0.0,0.0,0.0,0.0,0.1202940521274226,0.0,0.04477611940298507,0.0,0.014925373134328358,0.4626865671641791,0.0,0.0,0.14925373134328357,0.0,0.0,0.1044776119402985,0.0,0.0,0.0,0.0,0.0,0.0,0.0,0.0,0.22388059701492538
16.0,193,0.05254087340026881,0.8054656762067716,3.513972790651645,0.05449649037759723,0.8232312262883594,3.5264486828338297,0.29640709034783436,5,1.046875,1.046875,0.953125,0.0,0.014925373134328358,0.0,0.0,0.5426598351525952,0.0,0.0,0.1421251949209178,0.06823027718550106,0.0,0.0511727078891258,0.0,0.0,0.0,0.0,0.0,0.0,0.0,0.0,0.18088661171753173,0.0,0.04477611940298507,0.0,0.029850746268656716,0.4626865671641791,0.0,0.0,0.14925373134328357,0.0,0.0,0.1044776119402985,0.0,0.0,0.0,0.0,0.0,0.0,0.0,0.0,0.208955223880597
16.0,194,0.054560393069691085,0.8222429781024403,3.5201520924240546,0.05492948764011889,0.8258407216887683,3.5236561327839153,0.16655359565807326,4,1.046875,1.046875,0.890625,0.0,0.0,0.0,0.041044776119402986,0.5130597014925373,0.0,0.0,0.15603799185888736,0.0,0.0,0.10261194029850747,0.0,0.0,0.0,0.0,0.0,0.0,0.0,0.0,0.18724559023066484,0.0,0.029850746268656716,0.0,0.014925373134328358,0.4626865671641791,0.0,0.0,0.14925373134328357,0.0,0.0,0.13432835820895522,0.0,0.0,0.0,0.0,0.0,0.0,0.0,0.0,0.208955223880597
16.0,195,0.05657532208280815,0.8175383944182233,3.4371195673892077,0.055094216635441846,0.826396071323621,3.520750403264953,0.4369331228473019,5,1.046875,1.046875,1.0,0.0,0.03824626865671642,0.0,0.057369402985074626,0.5163246268656716,0.0,0.0,0.09888059701492537,0.0,0.0,0.050606343283582086,0.04799081515499426,0.0,0.0,0.05387126865671642,0.0,0.020522388059701493,0.0,0.0,0.11618828932261768,0.0,0.04477611940298507,0.0,0.014925373134328358,0.4626865671641791,0.0,0.0,0.14925373134328357,0.0,0.0,0.11940298507462686,0.0,0.0,0.0,0.0,0.0,0.0,0.0,0.0,0.208955223880597
16.0,196,0.054110805542632257,0.7926492389018429,3.4075249725600867,0.05243185941279285,0.8136681182281076,3.553445587834309,0.5276820072513735,5,1.046875,1.046875,0.875,0.0,0.04041331802525833,0.0,0.013946660141913383,0.5253731343283582,0.0,0.0029850746268656717,0.042740841248303935,0.09092996555683124,0.0,0.022755077073648152,0.022161917684305744,0.0,0.01492537313432836,0.026910900045228402,0.008074382187423538,0.011940298507462687,0.012663952962460425,0.0,0.16417910447761194,0.0,0.029850746268656716,0.0,0.029850746268656716,0.4626865671641791,0.0,0.0,0.14925373134328357,0.0,0.0,0.1044776119402985,0.0,0.0,0.0,0.0,0.0,0.0,0.0,0.0,0.22388059701492538
16.0,197,0.0570602438532744,0.8168015810899579,3.4193988246856897,0.05563990157460111,0.8290055667240299,3.5145058478937403,0.42493172250634925,5,1.046875,1.046875,0.875,0.0,0.0,0.0,0.0,0.5175660160734787,0.0,0.0,0.026232473993668022,0.04500574052812859,0.0,0.11251435132032148,0.05625717566016074,0.0,0.0,0.018091361374943465,0.0,0.0228544776119403,0.015377657168701944,0.0,0.18610074626865672,0.0,0.029850746268656716,0.0,0.0,0.4626865671641791,0.0,0.0,0.14925373134328357,0.0,0.0,0.14925373134328357,0.0,0.0,0.0,0.0,0.0,0.0,0.0,0.0,0.208955223880597
16.0,198,0.05193118203083225,0.8025751680783609,3.5218561596663283,0.05712569492011009,0.8356674671374135,3.496372913967413,0.35913429408639924,5,1.046875,1.046875,0.921875,0.0,0.0,0.0,0.0,0.495210514591223,0.0,0.0,0.2285586990421029,0.0,0.0,0.1269770550233905,0.0,0.0,0.0,0.05281285878300804,0.0,0.0,0.0,0.0,0.09644087256027555,0.0,0.029850746268656716,0.0,0.014925373134328358,0.4626865671641791,0.0,0.0,0.13432835820895522,0.0,0.0,0.14925373134328357,0.0,0.0,0.0,0.0,0.0,0.0,0.0,0.0,0.208955223880597
16.0,199,0.05388420555471399,0.8143758416587813,3.5082791289272803,0.05243185941279285,0.8136681182281076,3.553445587834309,0.30393487109905015,4,1.046875,1.046875,0.984375,0.0,0.02532790592492085,0.0,0.012663952962460425,0.5192220714608774,0.0,0.0,0.18995929443690637,0.0,0.0,0.08864767073722297,0.0,0.0,0.0,0.05472636815920398,0.0,0.0,0.0,0.0,0.10945273631840796,0.0,0.029850746268656716,0.0,0.029850746268656716,0.4626865671641791,0.0,0.0,0.14925373134328357,0.0,0.0,0.1044776119402985,0.0,0.0,0.0,0.0,0.0,0.0,0.0,0.0,0.22388059701492538
20.0,0,0.060314374596599454,0.8431940877922556,3.4333425692428,0.05508756939243283,0.8261043590771617,3.519719939616663,0.26006331976481223,4,1.046875,1.046875,0.890625,0.0,0.02804161013116237,0.0,0.0,0.49072817729534146,0.0,0.0,0.02826775214834916,0.02826775214834916,0.0,0.14020805065581185,0.0,0.0,0.0,0.018091361374943462,0.0,0.0,0.0,0.0,0.2663952962460425,0.0,0.014925373134328358,0.0,0.014925373134328358,0.4626865671641791,0.0,0.0,0.13432835820895522,0.0,0.0,0.14925373134328357,0.0,0.0,0.0,0.0,0.0,0.0,0.0,0.0,0.22388059701492538
20.0,1,0.05900830454216886,0.8303128538019677,3.4181033735051636,0.05449649037759723,0.8232312262883594,3.5264486828338297,0.268490589012977,5,1.046875,1.046875,0.890625,0.0,0.036380597014925374,0.0,0.05457089552238806,0.49113805970149255,0.0,0.0,0.04590682948891904,0.0,0.0,0.1044776119402985,0.0,0.0,0.022502870264064296,0.031659882406151064,0.0,0.0,0.026910900045228402,0.0,0.18645235361653273,0.0,0.04477611940298507,0.0,0.029850746268656716,0.4626865671641791,0.0,0.0,0.14925373134328357,0.0,0.0,0.1044776119402985,0.0,0.0,0.0,0.0,0.0,0.0,0.0,0.0,0.208955223880597
20.0,2,0.06202756033952481,0.8459657299629664,3.396725254475736,0.0552911101296205,0.8272150583468673,3.517959024515953,0.31750775399694986,5,1.046875,1.046875,0.890625,0.0,0.021584385763490244,0.0,0.03237657864523536,0.5396096440872561,0.0,0.00935620405435509,0.010247271107150813,0.010247271107150813,0.0,0.10792192881745122,0.0,0.0,0.0,0.0,0.0,0.029384328358208957,0.0,0.0,0.2392723880597015,0.0,0.04477611940298507,0.0,0.014925373134328358,0.4626865671641791,0.0,0.0,0.13432835820895522,0.0,0.0,0.11940298507462686,0.0,0.0,0.0,0.0,0.0,0.0,0.0,0.0,0.22388059701492538
20.0,3,0.04954671911898037,0.7870244441797256,3.535743653170326,0.05563990157460111,0.8290055667240299,3.5145058478937403,0.3805081734186211,5,1.046875,1.046875,0.984375,0.0,0.04544441969258187,0.0,0.01421464108031272,0.4998886166184005,0.0,0.0,0.21586099353976385,0.04264392324093816,0.0,0.03269367448471926,0.0,0.0,0.013992537313432835,0.0,0.0,0.0,0.0,0.0,0.13526119402985073,0.0,0.029850746268656716,0.0,0.0,0.4626865671641791,0.0,0.0,0.14925373134328357,0.0,0.0,0.14925373134328357,0.0,0.0,0.0,0.0,0.0,0.0,0.0,0.0,0.208955223880597
20.0,4,0.053863055393013476,0.8043944549178637,3.465960233255179,0.05423905855245043,0.8221205270186538,3.5300383261578676,0.35499425947187147,5,1.046875,1.046875,0.9375,0.0,0.010792192881745122,0.006888633754305396,0.021584385763490244,0.4964408725602756,0.0,0.0,0.14925373134328357,0.03237657864523536,0.0,0.08633754305396098,0.05396096440872561,0.0,0.0,0.0505166475315729,0.0,0.0,0.0,0.0,0.09184845005740527,0.0,0.014925373134328358,0.0,0.029850746268656716,0.4626865671641791,0.0,0.0,0.14925373134328357,0.0,0.0,0.13432835820895522,0.0,0.0,0.0,0.0,0.0,0.0,0.0,0.0,0.208955223880597
20.0,5,0.050929985691499896,0.8048451694826608,3.5663631584104967,0.05563990157460111,0.8290055667240299,3.5145058478937403,0.19691066725197534,5,1.046875,1.0625,0.890625,0.0,0.036874451273046525,0.0,0.012291483757682176,0.4793678665496049,0.0,0.0027573529411764708,0.208955223880597,0.0,0.0,0.08604038630377524,0.0,0.0,0.0,0.0,0.0,0.0,0.0,0.0,0.17371323529411767,0.0,0.029850746268656716,0.0,0.0,0.4626865671641791,0.0,0.0,0.14925373134328357,0.0,0.0,0.14925373134328357,0.0,0.0,0.0,0.0,0.0,0.0,0.0,0.0,0.208955223880597
20.0,6,0.05750768966189787,0.8231672779211944,3.432615332804339,0.053212312826758146,0.8173883128982221,3.5434177475690003,0.39396722680304774,5,1.046875,1.046875,0.96875,0.0,0.020665901262916193,0.0,0.041331802525832385,0.5063145809414467,0.0,0.0,0.06911595866819747,0.0,0.0,0.10332950631458096,0.035361653272101036,0.0,0.0,0.0,0.0,0.0,0.0915875169606513,0.0,0.1322930800542741,0.0,0.04477611940298507,0.0,0.014925373134328358,0.4626865671641791,0.0,0.0,0.14925373134328357,0.0,0.0,0.1044776119402985,0.0,0.0,0.0,0.0,0.0,0.0,0.0,0.0,0.22388059701492538
20.0,7,0.04558008807985585,0.7483590961217386,3.505277956494746,0.05583447180889758,0.8298245537472762,3.5118428613832418,0.6511180361926631,5,1.046875,1.046875,0.765625,0.0,0.005685856432125089,0.0,0.04959816303099886,0.4959294436906377,0.0,0.0,0.07439724454649828,0.038896426956128445,0.0,0.0255863539445629,0.01610992655768775,0.0,0.012319355602937692,0.05809414466130884,0.0,0.010332950631458095,0.10696517412935322,0.0,0.1060849598163031,0.0,0.029850746268656716,0.0,0.0,0.4626865671641791,0.0,0.0,0.13432835820895522,0.0,0.0,0.14925373134328357,0.0,0.0,0.0,0.0,0.0,0.0,0.0,0.0,0.22388059701492538
20.0,8,0.056018731242924454,0.8126911798862486,3.4336728317475647,0.05478766535128192,0.8250217346655221,3.5247148862220214,0.42138738127544084,5,1.046875,1.046875,1.0,0.0,0.0,0.0,0.03595658073270013,0.5033921302578018,0.0,0.003031716417910448,0.012826492537313433,0.011985526910900044,0.0,0.10786974219810039,0.0,0.0,0.0,0.13184079601990048,0.0020988805970149254,0.0,0.0,0.0,0.19099813432835822,0.0,0.029850746268656716,0.0,0.014925373134328358,0.4626865671641791,0.0,0.0,0.16417910447761194,0.0,0.0,0.13432835820895522,0.0,0.0,0.0,0.0,0.0,0.0,0.0,0.0,0.19402985074626866
20.0,9,0.05726909624334361,0.8132646055387986,3.3983781813892753,0.053038877711988244,0.8165693258749759,3.545650291678519,0.5491434871099051,5,1.046875,1.046875,1.0,0.0,0.0065298507462686565,0.0,0.07715269804822045,0.5497129735935706,0.0,0.0,0.047489823609226586,0.03917910447761194,0.0,0.034281716417910446,0.02448694029850746,0.0,0.019589552238805968,0.0,0.0,0.0,0.04206241519674356,0.0,0.15951492537313433,0.0,0.04477611940298507,0.0,0.014925373134328358,0.4626865671641791,0.0,0.0,0.16417910447761194,0.0,0.0,0.1044776119402985,0.0,0.0,0.0,0.0,0.0,0.0,0.0,0.0,0.208955223880597
20.0,10,0.05386171813444686,0.8039036363505491,3.463888402378573,0.05563990157460111,0.8290055667240299,3.5145058478937403,0.5581184984170058,4,1.046875,1.046875,0.984375,0.0,0.0507908220093562,0.0,0.038093116507017154,0.5460013366005791,0.0,0.0,0.21586099353976387,0.0,0.0,0.0,0.033921302578018994,0.0,0.0,0.036182722749886924,0.0,0.0,0.0,0.0,0.07914970601537764,0.0,0.029850746268656716,0.0,0.0,0.4626865671641791,0.0,0.0,0.14925373134328357,0.0,0.0,0.14925373134328357,0.0,0.0,0.0,0.0,0.0,0.0,0.0,0.0,0.208955223880597
20.0,11,0.05300142185836851,0.8163626320979693,3.546005109187497,0.053038877711988244,0.8165693258749759,3.545650291678519,0.12742258854978833,4,1.046875,1.046875,0.984375,0.0,0.025840944531075962,0.0,0.0,0.4651370015593673,0.0,0.0,0.13432835820895522,0.0,0.0,0.1292047226553798,0.0,0.0,0.0,0.0,0.0,0.0,0.0,0.0,0.24548897304522163,0.0,0.04477611940298507,0.0,0.014925373134328358,0.4626865671641791,0.0,0.0,0.16417910447761194,0.0,0.0,0.1044776119402985,0.0,0.0,0.0,0.0,0.0,0.0,0.0,0.0,0.208955223880597
20.0,12,0.055560721197110564,0.8114457023128526,3.4425125106696197,0.0586673301721711,0.8423045532597108,3.4775308063230925,0.5052012663952963,5,1.046875,1.046875,0.875,0.0,0.02397105382180009,0.0,0.014925373134328358,0.5033921302578018,0.0,0.15581184984170057,0.16417910447761194,0.013116236996834011,0.0,0.10786974219810039,0.0,0.0,0.0,0.0,0.0,0.0,0.0,0.0,0.0167345092718227,0.0,0.014925373134328358,0.0,0.0,0.5223880597014925,0.0,0.0,0.1044776119402985,0.0,0.0,0.13432835820895522,0.0,0.0,0.0,0.0,0.0,0.0,0.0,0.0,0.22388059701492538
20.0,13,0.06143477439702463,0.8453166408408744,3.410454694897413,0.05368713217650983,0.819997808298631,3.5389757661802466,0.28855721393034817,5,1.046875,1.046875,0.96875,0.0,0.0408115671641791,0.0,0.0,0.4815764925373134,0.0,0.0,0.04070556309362279,0.0,0.0,0.15287200361827227,0.021709633649932156,0.0,0.0,0.04703753957485301,0.0,0.0,0.027137042062415195,0.0,0.18815015829941203,0.0,0.029850746268656716,0.0,0.0,0.4626865671641791,0.0,0.0,0.14925373134328357,0.0,0.0,0.13432835820895522,0.0,0.0,0.0,0.0,0.0,0.0,0.0,0.0,0.22388059701492538
20.0,14,0.052690270850696094,0.7970052336144084,3.472129844081886,0.05549736302268701,0.8281865797007837,3.5155397654368645,0.4243398392652124,5,1.046875,1.046875,0.765625,0.0,0.0,0.006888633754305396,0.03237657864523536,0.4856486796785304,0.0,0.0,0.14925373134328357,0.04316877152698049,0.0,0.08633754305396098,0.05396096440872561,0.0,0.0,0.05281285878300804,0.0,0.0,0.0,0.0,0.08955223880597014,0.0,0.029850746268656716,0.0,0.0,0.4626865671641791,0.0,0.0,0.16417910447761194,0.0,0.0,0.14925373134328357,0.0,0.0,0.0,0.0,0.0,0.0,0.0,0.0,0.19402985074626866
20.0,15,0.05749268869114345,0.8182587835965371,3.41259198406227,0.05478766535128192,0.8250217346655221,3.5247148862220214,0.4000267456424173,5,1.046875,1.046875,0.984375,0.0,0.011021814006888633,0.0,0.0330654420206659,0.5070034443168772,0.0,0.0,0.03934871099050203,0.0,0.0,0.0991963260619977,0.0661308840413318,0.0,0.021222014925373137,0.027137042062415195,0.0,0.0,0.023066485753052916,0.0,0.17280783582089554,0.0,0.029850746268656716,0.0,0.014925373134328358,0.4626865671641791,0.0,0.0,0.16417910447761194,0.0,0.0,0.13432835820895522,0.0,0.0,0.0,0.0,0.0,0.0,0.0,0.0,0.19402985074626866
20.0,16,0.05812439131270268,0.8246288041250718,3.4204188532716655,0.05494935482364556,0.8255770843003748,3.5218944068948983,0.36999617298124765,5,1.046875,1.046875,0.984375,0.0,0.019747416762342134,0.0,0.08322026232473995,0.46406429391504017,0.0,0.0,0.06331976481230212,0.0,0.0,0.09873708381171067,0.059242250287026406,0.0,0.0,0.0,0.0,0.0,0.05608322026232474,0.0,0.15558570782451378,0.0,0.04477611940298507,0.0,0.014925373134328358,0.4626865671641791,0.0,0.0,0.16417910447761194,0.0,0.0,0.11940298507462686,0.0,0.0,0.0,0.0,0.0,0.0,0.0,0.0,0.19402985074626866
20.0,17,0.059681168926549566,0.8268556956966051,3.384628927894271,0.05549736302268701,0.8281865797007837,3.5155397654368645,0.4137772675086109,5,1.046875,1.046875,1.0,0.0,0.0,0.009644087256027554,0.033754305396096446,0.5288174512055109,0.0,0.0,0.035132032146957516,0.06750861079219289,0.0,0.10126291618828932,0.0,0.0,0.024486940298507464,0.0,0.0,0.0,0.0,0.0,0.19939365671641793,0.0,0.029850746268656716,0.0,0.0,0.4626865671641791,0.0,0.0,0.16417910447761194,0.0,0.0,0.14925373134328357,0.0,0.0,0.0,0.0,0.0,0.0,0.0,0.0,0.19402985074626866
20.0,18,0.05599855655227126,0.8180001093694652,3.456725914325362,0.053212312826758146,0.8173883128982221,3.5434177475690003,0.27967853042479907,5,1.046875,1.046875,1.0,0.0,0.03490241102181401,0.0,0.03490241102181401,0.4362801377726751,0.0,0.0,0.1322617680826636,0.06107921928817451,0.0,0.10654420206659013,0.056716417910447764,0.0,0.0,0.0,0.0,0.0,0.0,0.0,0.1373134328358209,0.0,0.04477611940298507,0.0,0.014925373134328358,0.4626865671641791,0.0,0.0,0.14925373134328357,0.0,0.0,0.1044776119402985,0.0,0.0,0.0,0.0,0.0,0.0,0.0,0.0,0.22388059701492538
20.0,19,0.056223429129060046,0.8064901697950354,3.40126455377627,0.054692667608698765,0.8240502133116057,3.5236204589910534,0.4780642243328812,5,1.046875,1.046875,0.984375,0.0,0.024875621890547265,0.0045228403437358655,0.024875621890547265,0.4850746268656717,0.0,0.17412935323383086,0.03957485300768882,0.0,0.0,0.11194029850746268,0.0,0.0,0.0,0.0,0.0,0.0,0.030529172320217096,0.0,0.1044776119402985,0.0,0.04477611940298507,0.0,0.029850746268656716,0.4626865671641791,0.0,0.0,0.13432835820895522,0.0,0.0,0.1044776119402985,0.0,0.0,0.0,0.0,0.0,0.0,0.0,0.0,0.22388059701492538
20.0,20,0.05846226040356941,0.8274930862539923,3.4223669432790373,0.05368713217650983,0.819997808298631,3.5389757661802466,0.4609390609390609,5,1.046875,1.046875,0.953125,0.0,0.07026406429391505,0.0,0.01421464108031272,0.5373134328358209,0.0,0.0,0.04590682948891904,0.04264392324093816,0.0,0.03269367448471926,0.0,0.0,0.0,0.031659882406151064,0.0,0.0,0.026910900045228402,0.0,0.19839265212399543,0.0,0.029850746268656716,0.0,0.0,0.4626865671641791,0.0,0.0,0.14925373134328357,0.0,0.0,0.13432835820895522,0.0,0.0,0.0,0.0,0.0,0.0,0.0,0.0,0.22388059701492538
20.0,21,0.05811820595745266,0.8258014352638896,3.425464992822355,0.05291747427960071,0.8157503388517297,3.5461549573252897,0.4611962541984562,5,1.046875,1.046875,0.953125,0.0,0.013212625397602153,0.0,0.06980482204362802,0.49735935706084955,0.0,0.00396455223880597,0.016282225237449117,0.017639077340569877,0.0,0.06826523122094445,0.05285050159040861,0.0,0.0,0.010854816824966078,0.0,0.0,0.0,0.0,0.24976679104477614,0.0,0.04477611940298507,0.0,0.014925373134328358,0.4626865671641791,0.0,0.0,0.1791044776119403,0.0,0.0,0.1044776119402985,0.0,0.0,0.0,0.0,0.0,0.0,0.0,0.0,0.19402985074626866
20.0,22,0.05453992963229165,0.8117700141251807,3.4759675889077086,0.055094216635441846,0.826396071323621,3.520750403264953,0.3111880322840448,5,1.046875,1.046875,0.90625,0.0,0.0,0.018369690011481057,0.013143239028736911,0.5125863221207396,0.0,0.0,0.23657830251726442,0.0,0.0,0.11828915125863221,0.0,0.0,0.0,0.0,0.0,0.0,0.0,0.0,0.1010332950631458,0.0,0.04477611940298507,0.0,0.014925373134328358,0.4626865671641791,0.0,0.0,0.14925373134328357,0.0,0.0,0.11940298507462686,0.0,0.0,0.0,0.0,0.0,0.0,0.0,0.0,0.208955223880597
20.0,23,0.05441402933293768,0.8013325735717491,3.4352421324704148,0.05726402409675918,0.8362228167722663,3.4944681092465437,0.5198622273249138,5,1.046875,1.046875,0.9375,0.0,0.04822043628013778,0.0,0.059242250287026406,0.5035591274397244,0.0,0.0,0.07646383467278989,0.07898966704936854,0.0,0.0,0.034443168771526984,0.0,0.0,0.05786452353616533,0.0,0.0,0.0,0.0,0.14121699196326062,0.0,0.04477611940298507,0.0,0.014925373134328358,0.4626865671641791,0.0,0.0,0.13432835820895522,0.0,0.0,0.13432835820895522,0.0,0.0,0.0,0.0,0.0,0.0,0.0,0.0,0.208955223880597
20.0,24,0.055344934392368796,0.8191614085258433,3.482014261960158,0.05583447180889758,0.8298245537472762,3.5118428613832418,0.3136624569460391,5,1.046875,1.046875,0.890625,0.0,0.025137470542026707,0.0,0.05235018935174872,0.47115170416573854,0.0,0.0,0.1675206059255959,0.0,0.0,0.09426551453260015,0.05235361653272101,0.0,0.0,0.0,0.0,0.0,0.010470037870349743,0.0,0.1267508610792193,0.0,0.029850746268656716,0.0,0.0,0.4626865671641791,0.0,0.0,0.13432835820895522,0.0,0.0,0.14925373134328357,0.0,0.0,0.0,0.0,0.0,0.0,0.0,0.0,0.22388059701492538
20.0,25,0.059269169354456704,0.8314496173066903,3.4152422727871437,0.05368713217650983,0.819997808298631,3.5389757661802466,0.41146713982534877,5,1.046875,1.046875,0.9375,0.0,0.05427408412483039,0.0,0.029621125143513203,0.47393800229621125,0.0,0.0,0.07898966704936854,0.04936854190585534,0.0,0.08886337543053961,0.04041331802525833,0.0,0.0,0.0506558118498417,0.0,0.0,0.0,0.0,0.1338760741745816,0.0,0.029850746268656716,0.0,0.0,0.4626865671641791,0.0,0.0,0.14925373134328357,0.0,0.0,0.13432835820895522,0.0,0.0,0.0,0.0,0.0,0.0,0.0,0.0,0.22388059701492538
20.0,26,0.051951499787775364,0.7982027358988877,3.5019840777009,0.055123341611338215,0.8266597087120146,3.520943063523105,0.40544436906377196,4,1.046875,1.046875,0.984375,0.0,0.006996268656716417,0.0,0.020988805970149252,0.5373134328358209,0.0,0.0,0.12347354138398915,0.04430970149253731,0.0,0.041977611940298504,0.034981343283582086,0.0,0.0,0.042740841248303935,0.0,0.0,0.0,0.0,0.14721845318860247,0.0,0.029850746268656716,0.0,0.014925373134328358,0.4626865671641791,0.0,0.0,0.13432835820895522,0.0,0.0,0.13432835820895522,0.0,0.0,0.0,0.0,0.0,0.0,0.0,0.0,0.22388059701492538
20.0,27,0.05763615855888363,0.8215670716429534,3.4221221770456136,0.055123341611338215,0.8266597087120146,3.520943063523105,0.4024899540757749,5,1.046875,1.046875,0.984375,0.0,0.021584385763490244,0.0,0.021584385763490244,0.5072330654420206,0.0,0.0,0.038479477611940295,0.05396096440872561,0.0,0.09712973593570609,0.0,0.0,0.0,0.08978185993111368,0.006296641791044776,0.0,0.0,0.0,0.16394948335246845,0.0,0.029850746268656716,0.0,0.014925373134328358,0.4626865671641791,0.0,0.0,0.13432835820895522,0.0,0.0,0.13432835820895522,0.0,0.0,0.0,0.0,0.0,0.0,0.0,0.0,0.22388059701492538
20.0,28,0.0517886568413737,0.8011388697775848,3.5203875759913386,0.05489675494417283,0.8252853720539155,3.522336237919126,0.3115650221909968,5,1.046875,1.046875,0.890625,0.0,0.020665901262916193,0.0,0.030998851894374287,0.4856486796785304,0.0,0.0,0.12742258854978838,0.061997703788748575,0.0,0.07233065442020667,0.0,0.0,0.0,0.04900868790376475,0.0,0.0,0.0,0.0,0.15192693250167075,0.0,0.014925373134328358,0.0,0.014925373134328358,0.4626865671641791,0.0,0.0,0.14925373134328357,0.0,0.0,0.14925373134328357,0.0,0.0,0.0,0.0,0.0,0.0,0.0,0.0,0.208955223880597
20.0,29,0.04985687033530825,0.798541667484024,3.57630933075834,0.05392342545271134,0.821049559957421,3.535742561041636,0.2160591904393747,5,1.0625,1.046875,0.90625,0.0,0.0,0.0,0.02450434395188238,0.4900868790376476,0.0,0.002798507462686567,0.20828692359100023,0.0,0.0,0.09801737580752952,0.0,0.0,0.0,0.0,0.0,0.0,0.0,0.0,0.17630597014925373,0.0,0.029411764705882353,0.0,0.014705882352941176,0.45588235294117646,0.0,0.0,0.14705882352941177,0.0,0.0,0.1323529411764706,0.0,0.0,0.0,0.0,0.0,0.0,0.0,0.0,0.22058823529411764
20.0,30,0.05348290984028235,0.8069935538459911,3.4894947697905274,0.056291276679306515,0.8316836350789056,3.505400197200214,0.30355912743972446,5,1.046875,1.046875,0.875,0.0,0.010562571756601608,0.0,0.03168771526980482,0.48587830080367395,0.0,0.0,0.13432835820895522,0.06337543053960965,0.0,0.09506314580941447,0.0,0.0,0.0,0.06337543053960965,0.0,0.0,0.0,0.0,0.11572904707233066,0.0,0.029850746268656716,0.0,0.029850746268656716,0.4626865671641791,0.0,0.0,0.14925373134328357,0.0,0.0,0.13432835820895522,0.0,0.0,0.0,0.0,0.0,0.0,0.0,0.0,0.19402985074626866
20.0,31,0.056162365103544665,0.8161993330868529,3.444082462644404,0.054301776315335386,0.8226758766535065,3.530382360106943,0.3983208955223879,5,1.046875,1.046875,0.9375,0.0037313432835820895,0.04076631766540432,0.0,0.06794386277567387,0.5435509022053909,0.0,0.0,0.058302238805970144,0.0,0.0,0.011194029850746268,0.0,0.0,0.00816231343283582,0.0,0.0,0.00816231343283582,0.0,0.0,0.25818667854756067,0.0,0.029850746268656716,0.0,0.029850746268656716,0.4626865671641791,0.0,0.0,0.14925373134328357,0.0,0.0,0.11940298507462686,0.0,0.0,0.0,0.0,0.0,0.0,0.0,0.0,0.208955223880597
20.0,32,0.05116030889110522,0.7857426957569016,3.473871690937676,0.054301776315335386,0.8226758766535065,3.530382360106943,0.40546915770796366,5,1.046875,1.046875,0.953125,0.0,0.05235361653272101,0.0,0.02849389416553596,0.4537313432835821,0.0,0.0,0.10176390773405698,0.032564450474898234,0.0,0.07734056987788332,0.02849389416553596,0.0,0.0,0.05809414466130884,0.0,0.06107921928817451,0.0,0.0,0.1060849598163031,0.0,0.029850746268656716,0.0,0.029850746268656716,0.4626865671641791,0.0,0.0,0.14925373134328357,0.0,0.0,0.11940298507462686,0.0,0.0,0.0,0.0,0.0,0.0,0.0,0.0,0.208955223880597
20.0,33,0.049048942145638985,0.7786809460904538,3.515966473828159,0.05549736302268701,0.8281865797007837,3.5155397654368645,0.45235361653272094,5,1.046875,1.046875,0.984375,0.0,0.009644087256027554,0.0,0.013777267508610792,0.5453330363109824,0.0,0.0,0.21586099353976385,0.0,0.0,0.03168771526980482,0.04362801377726751,0.0,0.0,0.0,0.0,0.03444316877152698,0.0,0.0,0.10562571756601608,0.0,0.029850746268656716,0.0,0.0,0.4626865671641791,0.0,0.0,0.16417910447761194,0.0,0.0,0.14925373134328357,0.0,0.0,0.0,0.0,0.0,0.0,0.0,0.0,0.19402985074626866
20.0,34,0.05573802437468902,0.8247077780258245,3.493206864719773,0.05435234482887809,0.8224122392651132,3.5276088421556313,0.11026836969001154,5,1.046875,1.046875,0.90625,0.0,0.03451492537313433,0.0,0.051772388059701496,0.4659514925373135,0.0,0.0,0.1405281285878301,0.0,0.0,0.11320321469575202,0.0,0.0,0.0,0.0,0.0,0.021222014925373137,0.0,0.0,0.17280783582089554,0.0,0.04477611940298507,0.0,0.029850746268656716,0.4626865671641791,0.0,0.0,0.16417910447761194,0.0,0.0,0.1044776119402985,0.0,0.0,0.0,0.0,0.0,0.0,0.0,0.0,0.19402985074626866
20.0,35,0.05310244345710718,0.8126795703178793,3.526647800773155,0.05243185941279285,0.8136681182281076,3.553445587834309,0.14925373134328357,5,1.046875,1.046875,0.984375,0.0,0.020665901262916193,0.0,0.020665901262916193,0.4856486796785304,0.0,0.0,0.14925373134328357,0.05166475315729048,0.0,0.09299655568312286,0.0,0.0,0.0,0.0,0.0,0.0,0.0,0.0,0.1791044776119403,0.0,0.029850746268656716,0.0,0.029850746268656716,0.4626865671641791,0.0,0.0,0.14925373134328357,0.0,0.0,0.1044776119402985,0.0,0.0,0.0,0.0,0.0,0.0,0.0,0.0,0.22388059701492538
20.0,36,0.05182319745649982,0.7819639519857973,3.4349833022631793,0.055094216635441846,0.826396071323621,3.520750403264953,0.5614454253929293,5,1.046875,1.046875,0.90625,0.0,0.045228403437358664,0.0,0.045228403437358664,0.4862053369516056,0.004632012352032939,0.12437810945273632,0.09888059701492537,0.033921302578019,0.0,0.04014410705095214,0.011307100859339666,0.0,0.0,0.03168771526980482,0.0,0.020522388059701493,0.0,0.0,0.05786452353616533,0.0,0.04477611940298507,0.0,0.014925373134328358,0.4626865671641791,0.0,0.0,0.14925373134328357,0.0,0.0,0.11940298507462686,0.0,0.0,0.0,0.0,0.0,0.0,0.0,0.0,0.208955223880597
20.0,37,0.0538803880812086,0.8038146986047879,3.4629050674037045,0.05449649037759723,0.8232312262883594,3.5264486828338297,0.3914094301221166,5,1.046875,1.046875,0.90625,0.0,0.023066485753052916,0.0,0.0,0.4959294436906377,0.0,0.003031716417910448,0.023744911804613293,0.011533242876526458,0.0,0.10379918588873811,0.0,0.0,0.0,0.12686567164179102,0.0,0.0,0.02103120759837178,0.0,0.19099813432835822,0.0,0.04477611940298507,0.0,0.029850746268656716,0.4626865671641791,0.0,0.0,0.14925373134328357,0.0,0.0,0.1044776119402985,0.0,0.0,0.0,0.0,0.0,0.0,0.0,0.0,0.208955223880597
20.0,38,0.0590223370703536,0.8202971320461565,3.3764707526079083,0.05712569492011009,0.8356674671374135,3.496372913967413,0.561618481021466,5,1.046875,1.046875,0.84375,0.0,0.0,0.0029850746268656717,0.03237657864523536,0.5180252583237658,0.0,0.0,0.011251435132032146,0.05396096440872561,0.0,0.09712973593570609,0.05585707824513794,0.0,0.0006888633754305396,0.047263681592039794,0.0,0.0,0.047263681592039794,0.0,0.13319764812302126,0.0,0.029850746268656716,0.0,0.014925373134328358,0.4626865671641791,0.0,0.0,0.13432835820895522,0.0,0.0,0.14925373134328357,0.0,0.0,0.0,0.0,0.0,0.0,0.0,0.0,0.208955223880597
20.0,39,0.054347653964237054,0.8186105939876422,3.511453809355113,0.053212312826758146,0.8173883128982221,3.5434177475690003,0.21444085542437066,5,1.046875,1.046875,0.9375,0.0,0.020522388059701493,0.0,0.030783582089552237,0.5130597014925373,0.0,0.0,0.13321452439296058,0.0,0.0,0.09235074626865672,0.0,0.0,0.0,0.0,0.0,0.0,0.04098908442860325,0.0,0.1690799732679884,0.0,0.04477611940298507,0.0,0.014925373134328358,0.4626865671641791,0.0,0.0,0.14925373134328357,0.0,0.0,0.1044776119402985,0.0,0.0,0.0,0.0,0.0,0.0,0.0,0.0,0.22388059701492538
20.0,40,0.0499401587912029,0.7890051382542227,3.5306516646371637,0.054301776315335386,0.8226758766535065,3.530382360106943,0.30393487109905015,5,1.046875,1.046875,0.765625,0.0,0.022614201718679332,0.0,0.033921302578019,0.47489823609226595,0.0,0.0,0.11533242876526459,0.0,0.0,0.07914970601537766,0.0,0.0,0.0,0.135685210312076,0.0,0.0,0.0,0.0,0.1383989145183175,0.0,0.029850746268656716,0.0,0.029850746268656716,0.4626865671641791,0.0,0.0,0.14925373134328357,0.0,0.0,0.11940298507462686,0.0,0.0,0.0,0.0,0.0,0.0,0.0,0.0,0.208955223880597
20.0,41,0.04719475492487757,0.7649319910039402,3.521080521227193,0.053212312826758146,0.8173883128982221,3.5434177475690003,0.43147896879240155,5,1.046875,1.046875,0.890625,0.007462686567164179,0.01741293532338308,0.01243781094527363,0.03980099502487562,0.45590230664857534,0.0,0.07598371777476255,0.10176390773405698,0.0,0.0,0.07213930348258706,0.009497964721845319,0.0,0.0,0.05698778833107192,0.0,0.0,0.02849389416553596,0.0,0.12211668928086838,0.0,0.04477611940298507,0.0,0.014925373134328358,0.4626865671641791,0.0,0.0,0.14925373134328357,0.0,0.0,0.1044776119402985,0.0,0.0,0.0,0.0,0.0,0.0,0.0,0.0,0.22388059701492538
20.0,42,0.05927481094393504,0.8340036500104621,3.425570126431554,0.054301776315335386,0.8226758766535065,3.530382360106943,0.2928680461329715,5,1.046875,1.046875,0.984375,0.0,0.020988805970149255,0.0,0.031483208955223885,0.5247201492537313,0.0,0.0,0.036635006784260515,0.035278154681139755,0.0,0.09444962686567165,0.017639077340569877,0.0,0.0,0.0,0.0,0.026119402985074626,0.0,0.0,0.2126865671641791,0.0,0.029850746268656716,0.0,0.029850746268656716,0.4626865671641791,0.0,0.0,0.14925373134328357,0.0,0.0,0.11940298507462686,0.0,0.0,0.0,0.0,0.0,0.0,0.0,0.0,0.208955223880597
20.0,43,0.053140940784233925,0.8016315505379131,3.4774443001985245,0.053212312826758146,0.8173883128982221,3.5434177475690003,0.34263948116560056,5,1.046875,1.046875,0.984375,0.0,0.0,0.0,0.02842928216062544,0.5123635553575406,0.0,0.0,0.06180037313432835,0.08528784648187632,0.0,0.06538734896943851,0.0,0.0,0.012826492537313432,0.0,0.0,0.0,0.0,0.0,0.2339051013588773,0.0,0.04477611940298507,0.0,0.014925373134328358,0.4626865671641791,0.0,0.0,0.14925373134328357,0.0,0.0,0.1044776119402985,0.0,0.0,0.0,0.0,0.0,0.0,0.0,0.0,0.22388059701492538
20.0,44,0.052275805524678295,0.7939359518221266,3.472442809656478,0.053038877711988244,0.8165693258749759,3.545650291678519,0.4498390769983625,5,1.046875,1.046875,0.953125,0.0,0.03490241102181401,0.0,0.0661308840413318,0.4537313432835821,0.0,0.0,0.11297359357060849,0.07853042479908151,0.0,0.04281869341815512,0.03180817225348666,0.0,0.0,0.06337543053960965,0.0,0.0,0.0,0.0,0.11572904707233066,0.0,0.04477611940298507,0.0,0.014925373134328358,0.4626865671641791,0.0,0.0,0.16417910447761194,0.0,0.0,0.1044776119402985,0.0,0.0,0.0,0.0,0.0,0.0,0.0,0.0,0.208955223880597
20.0,45,0.05213253071522083,0.8033299163404584,3.5183540220665366,0.055972255260240966,0.8303799033821291,3.5098651165544794,0.3092688109395616,5,1.046875,1.046875,0.90625,0.0,0.020665901262916193,0.0,0.020665901262916193,0.4856486796785304,0.0,0.0,0.12742258854978838,0.061997703788748575,0.0,0.08266360505166477,0.0,0.0,0.0,0.04900868790376475,0.0,0.0,0.0,0.0,0.15192693250167075,0.0,0.04477611940298507,0.0,0.0,0.4626865671641791,0.0,0.0,0.13432835820895522,0.0,0.0,0.13432835820895522,0.0,0.0,0.0,0.0,0.0,0.0,0.0,0.0,0.22388059701492538
20.0,46,0.055505420644263156,0.8130371954071098,3.4509821689984608,0.05368713217650983,0.819997808298631,3.5389757661802466,0.4270588449692928,4,1.046875,1.046875,0.984375,0.0,0.015636105188343994,0.0,0.02345415778251599,0.5328580975718423,0.0,0.0,0.03214695752009185,0.07296849087893864,0.0,0.05212035062781331,0.011583871686344397,0.0,0.0,0.0,0.0,0.0,0.027554535017221587,0.0,0.23167743372688793,0.0,0.029850746268656716,0.0,0.0,0.4626865671641791,0.0,0.0,0.14925373134328357,0.0,0.0,0.13432835820895522,0.0,0.0,0.0,0.0,0.0,0.0,0.0,0.0,0.22388059701492538
20.0,47,0.049793078535640495,0.7836591954554266,3.5119048834439135,0.055972255260240966,0.8303799033821291,3.5098651165544794,0.4451454810684181,4,1.046875,1.046875,0.96875,0.0,0.006499759268175253,0.0,0.03249879634087626,0.47990815154994254,0.0,0.0,0.12029405212742257,0.08725602755453502,0.0,0.04983148772267694,0.04549831487722677,0.0,0.0,0.040098017375807524,0.0,0.0,0.0,0.0,0.13811539318333704,0.0,0.04477611940298507,0.0,0.0,0.4626865671641791,0.0,0.0,0.13432835820895522,0.0,0.0,0.13432835820895522,0.0,0.0,0.0,0.0,0.0,0.0,0.0,0.0,0.22388059701492538
20.0,48,0.05431569356729549,0.8046402953037413,3.4525431325408595,0.05351602032162213,0.8191788212753848,3.541088742907328,0.40009741502278806,5,1.046875,1.046875,0.921875,0.0,0.022043628013777267,0.006784260515603799,0.022043628013777267,0.4739380022962112,0.0,0.0,0.13432835820895522,0.05510907003444317,0.0,0.08817451205510907,0.05510907003444317,0.0,0.0,0.04975124378109452,0.0,0.0,0.0,0.0,0.09271822704658525,0.0,0.029850746268656716,0.0,0.0,0.4626865671641791,0.0,0.0,0.16417910447761194,0.0,0.0,0.13432835820895522,0.0,0.0,0.0,0.0,0.0,0.0,0.0,0.0,0.208955223880597
20.0,49,0.05550852887389042,0.8134721996874991,3.4527318963271862,0.05449649037759723,0.8232312262883594,3.5264486828338297,0.34113088404133174,5,1.046875,1.046875,0.953125,0.0,0.022043628013777267,0.0,0.0,0.4959816303099885,0.0,0.003498134328358209,0.04757462686567164,0.0661308840413318,0.0,0.08817451205510907,0.04408725602755453,0.0,0.0065298507462686565,0.0,0.0,0.005597014925373134,0.0,0.0,0.22038246268656717,0.0,0.04477611940298507,0.0,0.029850746268656716,0.4626865671641791,0.0,0.0,0.14925373134328357,0.0,0.0,0.1044776119402985,0.0,0.0,0.0,0.0,0.0,0.0,0.0,0.0,0.208955223880597
20.0,50,0.059627247185109936,0.8323867664559398,3.40880993690864,0.054301776315335386,0.8226758766535065,3.530382360106943,0.4352910770821219,4,1.046875,1.046875,0.984375,0.0,0.062374693695700596,0.0,0.018952854773750295,0.5239474270438851,0.0,0.014246947082767978,0.018317503392130258,0.05685856432125089,0.0,0.04359156597962568,0.0,0.0,0.0,0.008141112618724558,0.0,0.0,0.004070556309362279,0.0,0.24949877478280238,0.0,0.029850746268656716,0.0,0.029850746268656716,0.4626865671641791,0.0,0.0,0.14925373134328357,0.0,0.0,0.11940298507462686,0.0,0.0,0.0,0.0,0.0,0.0,0.0,0.0,0.208955223880597
20.0,51,0.05550780660612871,0.8166285369253422,3.466151322976909,0.05368713217650983,0.819997808298631,3.5389757661802466,0.33351750861079216,5,1.046875,1.046875,1.0,0.0,0.0,0.0,0.03168771526980482,0.4964408725602755,0.0,0.003498134328358209,0.05510907003444317,0.06337543053960965,0.0,0.09506314580941447,0.028932261768082664,0.0,0.0,0.0,0.0,0.005510907003444317,0.0,0.0,0.22038246268656717,0.0,0.029850746268656716,0.0,0.0,0.4626865671641791,0.0,0.0,0.14925373134328357,0.0,0.0,0.13432835820895522,0.0,0.0,0.0,0.0,0.0,0.0,0.0,0.0,0.22388059701492538
20.0,52,0.05519586419904407,0.8092502567965358,3.444526871744073,0.05508756939243283,0.8261043590771617,3.519719939616663,0.36295032703614794,5,1.046875,1.046875,0.953125,0.0,0.022962112514351322,0.0,0.022962112514351322,0.5051664753157291,0.0,0.003031716417910448,0.03165988240615106,0.011481056257175661,0.0,0.10332950631458096,0.022962112514351322,0.0,0.0,0.0,0.0,0.05740528128587831,0.02804161013116237,0.0,0.19099813432835822,0.0,0.014925373134328358,0.0,0.014925373134328358,0.4626865671641791,0.0,0.0,0.13432835820895522,0.0,0.0,0.14925373134328357,0.0,0.0,0.0,0.0,0.0,0.0,0.0,0.0,0.22388059701492538
20.0,53,0.04909468684968433,0.7824385839865307,3.5312869651063377,0.0552911101296205,0.8272150583468673,3.517959024515953,0.48041842071692825,5,1.046875,1.046875,0.953125,0.0,0.011608623548922056,0.0,0.05569169079973268,0.49008687903764764,0.0,0.0,0.20049008687903766,0.053067993366500824,0.0,0.03980099502487562,0.0,0.0,0.0,0.05281285878300804,0.0,0.0,0.0,0.0,0.09644087256027555,0.0,0.04477611940298507,0.0,0.014925373134328358,0.4626865671641791,0.0,0.0,0.13432835820895522,0.0,0.0,0.11940298507462686,0.0,0.0,0.0,0.0,0.0,0.0,0.0,0.0,0.22388059701492538
20.0,54,0.05583201535841565,0.8064299427932606,3.4129112298893873,0.05243185941279285,0.8136681182281076,3.553445587834309,0.4635006784260516,5,1.046875,1.046875,0.984375,0.0,0.024423337856173677,0.0,0.024423337856173677,0.4762550881953867,0.0,0.17096336499321574,0.0626865671641791,0.0,0.0,0.10990502035278153,0.03375430539609644,0.0,0.0,0.0,0.0,0.008036739380022962,0.0,0.0,0.08955223880597014,0.0,0.029850746268656716,0.0,0.029850746268656716,0.4626865671641791,0.0,0.0,0.14925373134328357,0.0,0.0,0.1044776119402985,0.0,0.0,0.0,0.0,0.0,0.0,0.0,0.0,0.22388059701492538
20.0,55,0.05496229919699472,0.8030460973794511,3.4253742599942996,0.055972255260240966,0.8303799033821291,3.5098651165544794,0.42905750965452466,5,1.046875,1.046875,0.75,0.0,0.029850746268656716,0.0,0.021709633649932156,0.47531572904707237,0.0,0.0,0.033921302578018994,0.018995929443690638,0.0,0.12399540757749715,0.014925373134328356,0.0,0.0,0.07393800229621125,0.0,0.07233065442020667,0.0,0.0,0.13501722158438575,0.0,0.04477611940298507,0.0,0.0,0.4626865671641791,0.0,0.0,0.13432835820895522,0.0,0.0,0.13432835820895522,0.0,0.0,0.0,0.0,0.0,0.0,0.0,0.0,0.22388059701492538
20.0,56,0.05127490958550465,0.7752000137334701,3.423428959369023,0.05449649037759723,0.8232312262883594,3.5264486828338297,0.5765140642939149,5,1.046875,1.046875,1.0,0.0,0.012593283582089552,0.0,0.016791044776119403,0.5327210103329506,0.0,0.0,0.042479908151549936,0.05037313432835821,0.0,0.03987873134328358,0.056716417910447764,0.0,0.014692164179104478,0.03214695752009185,0.0,0.0642939150401837,0.0,0.0,0.1373134328358209,0.0,0.04477611940298507,0.0,0.029850746268656716,0.4626865671641791,0.0,0.0,0.14925373134328357,0.0,0.0,0.1044776119402985,0.0,0.0,0.0,0.0,0.0,0.0,0.0,0.0,0.208955223880597
20.0,57,0.05210058435483987,0.8015258834308358,3.511528958750044,0.05489675494417283,0.8252853720539155,3.522336237919126,0.32948917867608,5,1.046875,1.046875,0.84375,0.0,0.0,0.0,0.030998851894374287,0.4959816303099886,0.0,0.0,0.11762085096903542,0.05166475315729048,0.0,0.09299655568312286,0.0,0.0,0.0,0.03920695032301181,0.0,0.0,0.024504343951882376,0.0,0.14702606371129429,0.0,0.014925373134328358,0.0,0.014925373134328358,0.4626865671641791,0.0,0.0,0.14925373134328357,0.0,0.0,0.14925373134328357,0.0,0.0,0.0,0.0,0.0,0.0,0.0,0.0,0.208955223880597
20.0,58,0.05628609397254512,0.81342828950412,3.428614966385836,0.055123341611338215,0.8266597087120146,3.520943063523105,0.44514490484639746,4,1.046875,1.046875,1.0,0.0,0.04115784712799638,0.0,0.030309988518943745,0.4748564867967853,0.0,0.0,0.08495981630309987,0.06061997703788749,0.0,0.09092996555683124,0.014699231117141566,0.0,0.0,0.0642939150401837,0.0,0.0,0.044097693351424695,0.0,0.09407507914970602,0.0,0.029850746268656716,0.0,0.014925373134328358,0.4626865671641791,0.0,0.0,0.13432835820895522,0.0,0.0,0.13432835820895522,0.0,0.0,0.0,0.0,0.0,0.0,0.0,0.0,0.22388059701492538
20.0,59,0.051699386772363534,0.8062689329480032,3.545987742669901,0.05583447180889758,0.8298245537472762,3.5118428613832418,0.23837435954555575,5,1.046875,1.046875,0.875,0.0,0.02494987747828024,0.0,0.02494987747828024,0.4740476720873245,0.0,0.0,0.21207395856538205,0.0,0.0,0.09979950991312096,0.0,0.0,0.0,0.0,0.005130597014925373,0.0,0.0,0.0,0.15904850746268656,0.0,0.029850746268656716,0.0,0.0,0.4626865671641791,0.0,0.0,0.13432835820895522,0.0,0.0,0.14925373134328357,0.0,0.0,0.0,0.0,0.0,0.0,0.0,0.0,0.22388059701492538
20.0,60,0.05473532020305177,0.8096563482693356,3.4607234349337848,0.05478766535128192,0.8250217346655221,3.5247148862220214,0.4387801253472895,5,1.046875,1.046875,0.984375,0.0,0.017057569296375266,0.0,0.025586353944562896,0.5123635553575406,0.0,0.0,0.03505201266395296,0.07960199004975123,0.0,0.05685856432125088,0.018091361374943462,0.0,0.0,0.0,0.0,0.0,0.021483491632745363,0.0,0.2339051013588773,0.0,0.029850746268656716,0.0,0.014925373134328358,0.4626865671641791,0.0,0.0,0.16417910447761194,0.0,0.0,0.13432835820895522,0.0,0.0,0.0,0.0,0.0,0.0,0.0,0.0,0.19402985074626866
20.0,61,0.05143193723160212,0.8008276112330371,3.5312022873187585,0.05284774889799142,0.8160139762401231,3.549640335649725,0.2994328015490858,5,1.046875,1.046875,0.921875,0.0,0.0253954110046781,0.0,0.01269770550233905,0.495210514591223,0.0,0.0,0.2285586990421029,0.0,0.0,0.08888393851637336,0.0,0.0,0.0,0.05281285878300804,0.0,0.0,0.0,0.0,0.09644087256027555,0.0,0.029850746268656716,0.0,0.014925373134328358,0.4626865671641791,0.0,0.0,0.16417910447761194,0.0,0.0,0.11940298507462686,0.0,0.0,0.0,0.0,0.0,0.0,0.0,0.0,0.208955223880597
20.0,62,0.05151632862657141,0.7912133215550465,3.485949877491509,0.05435234482887809,0.8224122392651132,3.5276088421556313,0.34735413839891455,4,1.046875,1.046875,0.90625,0.0,0.011759384893713252,0.0,0.023518769787426504,0.4703753957485301,0.0,0.16463138851198553,0.09837177747625508,0.0,0.0,0.10583446404341926,0.0,0.0,0.0,0.0,0.0,0.0,0.0,0.0,0.12550881953867027,0.0,0.04477611940298507,0.0,0.029850746268656716,0.4626865671641791,0.0,0.0,0.16417910447761194,0.0,0.0,0.1044776119402985,0.0,0.0,0.0,0.0,0.0,0.0,0.0,0.0,0.19402985074626866
20.0,63,0.05448465741135268,0.7876151029268648,3.3742474093984507,0.054301776315335386,0.8226758766535065,3.530382360106943,0.6442969040189179,5,1.046875,1.046875,0.953125,0.002446782481037436,0.0036109773712084737,0.0,0.02324443356985564,0.5497129735935706,0.0,0.0,0.0,0.011314395763119885,0.0,0.03792512845608025,0.07715269804822045,0.0,0.0,0.05585707824513794,0.01101052116466846,0.0,0.0773405698778833,0.0,0.15038444142921753,0.0,0.029850746268656716,0.0,0.029850746268656716,0.4626865671641791,0.0,0.0,0.14925373134328357,0.0,0.0,0.11940298507462686,0.0,0.0,0.0,0.0,0.0,0.0,0.0,0.0,0.208955223880597
20.0,64,0.051016058581906484,0.7921465401613164,3.5071317283677628,0.05577464550298518,0.8295609163588828,3.5126095144224303,0.28390499425947185,5,1.046875,1.046875,0.9375,0.0,0.0,0.0,0.0,0.45464982778415614,0.0,0.0,0.1377726750861079,0.08266360505166476,0.0,0.11940298507462686,0.04133180252583238,0.0,0.0,0.0,0.0,0.017957089552238806,0.0,0.0,0.14622201492537312,0.0,0.04477611940298507,0.0,0.0,0.4626865671641791,0.0,0.0,0.14925373134328357,0.0,0.0,0.13432835820895522,0.0,0.0,0.0,0.0,0.0,0.0,0.0,0.0,0.208955223880597
20.0,65,0.05570233992127474,0.8198009443945474,3.473535123183519,0.05411826860045277,0.8216523437361317,3.531963049825134,0.30207702745016185,5,1.046875,1.046875,0.953125,0.0,0.019288174512055112,0.0,0.0780189959294437,0.4629161882893227,0.0,0.0,0.14925373134328357,0.057864523536165335,0.0,0.086796785304248,0.0,0.0,0.0,0.0,0.0,0.0,0.0,0.0,0.14586160108548168,0.0,0.029850746268656716,0.0,0.0,0.44776119402985076,0.0,0.0,0.14925373134328357,0.0,0.0,0.14925373134328357,0.0,0.0,0.0,0.0,0.0,0.0,0.0,0.0,0.22388059701492538
20.0,66,0.06130646330813782,0.8419797250162024,3.400544811809229,0.053212312826758146,0.8173883128982221,3.5434177475690003,0.31931252826775214,5,1.046875,1.046875,0.984375,0.0,0.03582089552238806,0.0,0.03582089552238806,0.45671641791044776,0.0,0.035278154681139755,0.03934871099050203,0.053731343283582096,0.0,0.13930348258706468,0.0,0.0,0.0,0.0,0.0,0.0,0.014925373134328356,0.0,0.18905472636815923,0.0,0.04477611940298507,0.0,0.014925373134328358,0.4626865671641791,0.0,0.0,0.14925373134328357,0.0,0.0,0.1044776119402985,0.0,0.0,0.0,0.0,0.0,0.0,0.0,0.0,0.22388059701492538
20.0,67,0.053625792429491004,0.796980853577385,3.4416050218998153,0.05088047869372768,0.8061872307914778,3.574047505676844,0.4477046585255541,5,1.046875,1.046875,0.953125,0.0,0.0,0.0,0.0,0.5056535504296699,0.0,0.00542740841248304,0.0065581184984170055,0.0,0.0,0.12935323383084577,0.0,0.0,0.0,0.0029398462234283126,0.0065298507462686565,0.0,0.14111261872455902,0.0,0.20242537313432835,0.0,0.029850746268656716,0.0,0.014925373134328358,0.4626865671641791,0.0,0.0,0.1791044776119403,0.0,0.0,0.1044776119402985,0.0,0.0,0.0,0.0,0.0,0.0,0.0,0.0,0.208955223880597
20.0,68,0.053451894437007624,0.811200356375262,3.5087027864651885,0.05563990157460111,0.8290055667240299,3.5145058478937403,0.2576349024110218,5,1.046875,1.046875,0.875,0.0,0.0,0.0,0.04225028702640643,0.48587830080367395,0.0,0.0,0.14246947082767977,0.0,0.0,0.09506314580941447,0.06337543053960965,0.0,0.0,0.0,0.0,0.0,0.0,0.0,0.17096336499321574,0.0,0.029850746268656716,0.0,0.0,0.4626865671641791,0.0,0.0,0.14925373134328357,0.0,0.0,0.14925373134328357,0.0,0.0,0.0,0.0,0.0,0.0,0.0,0.0,0.208955223880597
20.0,69,0.050929985691499896,0.8048451694826608,3.5663631584104967,0.056455841084475086,0.8325026221021519,3.50373433517103,0.20217844600526771,5,1.046875,1.0625,0.921875,0.0,0.036874451273046525,0.0,0.012291483757682176,0.4793678665496049,0.0,0.0027573529411764708,0.208955223880597,0.0,0.0,0.08604038630377524,0.0,0.0,0.0,0.0,0.0,0.0,0.0,0.0,0.17371323529411767,0.0,0.029850746268656716,0.0,0.029850746268656716,0.4626865671641791,0.0,0.0,0.13432835820895522,0.0,0.0,0.13432835820895522,0.0,0.0,0.0,0.0,0.0,0.0,0.0,0.0,0.208955223880597
20.0,70,0.0596979889964622,0.8319495756834809,3.40500029420042,0.054494914023477586,0.8234948636767527,3.5276290377930675,0.4471817051108097,5,1.046875,1.046875,0.96875,0.0,0.020988805970149255,0.0,0.0,0.535214552238806,0.0,0.0,0.06331976481230212,0.0,0.0,0.1154384328358209,0.04748982360922659,0.0,0.0,0.04748982360922659,0.0,0.0,0.05608322026232474,0.0,0.11397557666214381,0.0,0.029850746268656716,0.0,0.029850746268656716,0.4626865671641791,0.0,0.0,0.13432835820895522,0.0,0.0,0.11940298507462686,0.0,0.0,0.0,0.0,0.0,0.0,0.0,0.0,0.22388059701492538
20.0,71,0.052163610667202695,0.7995763542831738,3.5008710945904364,0.05492948764011889,0.8258407216887683,3.5236561327839153,0.4127995259434835,5,1.046875,1.046875,0.75,0.0,0.04477611940298507,0.0,0.026961964371689937,0.5025618177767877,0.0,0.0,0.1884606816662954,0.010470037870349743,0.0,0.0404429465575349,0.03707270101107366,0.0,0.0,0.05281285878300804,0.0,0.0,0.0,0.0,0.09644087256027555,0.0,0.029850746268656716,0.0,0.014925373134328358,0.4626865671641791,0.0,0.0,0.14925373134328357,0.0,0.0,0.13432835820895522,0.0,0.0,0.0,0.0,0.0,0.0,0.0,0.0,0.208955223880597
20.0,72,0.06058833087795792,0.8439096730999207,3.4284788183126143,0.053212312826758146,0.8173883128982221,3.5434177475690003,0.2812396632846622,5,1.046875,1.046875,0.984375,0.0,0.028068612163065273,0.0,0.014034306081532636,0.5052350189351749,0.0,0.02170963364993216,0.026232473993668022,0.0,0.0,0.12630875473379372,0.0,0.0,0.0,0.01175938489371325,0.0,0.0,0.0,0.0,0.2666518155491201,0.0,0.04477611940298507,0.0,0.014925373134328358,0.4626865671641791,0.0,0.0,0.14925373134328357,0.0,0.0,0.1044776119402985,0.0,0.0,0.0,0.0,0.0,0.0,0.0,0.0,0.22388059701492538
20.0,73,0.05817067377596706,0.8192215222665762,3.396638331160455,0.052955972452222735,0.8162776136285166,3.547157010242936,0.4882997599415509,5,1.046875,1.046875,0.765625,0.0,0.021584385763490244,0.0,0.0,0.5072330654420206,0.0,0.0,0.046842709529276695,0.042709529276693456,0.0,0.10792192881745122,0.06475315729047072,0.0,0.0,0.0,0.0,0.0,0.08548168249660787,0.0,0.12347354138398915,0.0,0.014925373134328358,0.0,0.014925373134328358,0.4626865671641791,0.0,0.0,0.14925373134328357,0.0,0.0,0.13432835820895522,0.0,0.0,0.0,0.0,0.0,0.0,0.0,0.0,0.22388059701492538
20.0,74,0.054066231706508275,0.8059926539184946,3.4663150508007483,0.05709570390555415,0.83540382974902,3.4961877445161234,0.3939702710225098,5,1.046875,1.046875,0.984375,0.0,0.004197761194029851,0.0,0.03168771526980482,0.5070034443168772,0.0,0.010727611940298507,0.14925373134328357,0.05281285878300804,0.0,0.09506314580941447,0.0,0.0,0.0,0.029398462234283124,0.0,0.0,0.04296698326549073,0.0,0.07688828584350972,0.0,0.04477611940298507,0.0,0.014925373134328358,0.4626865671641791,0.0,0.0,0.14925373134328357,0.0,0.0,0.13432835820895522,0.0,0.0,0.0,0.0,0.0,0.0,0.0,0.0,0.19402985074626866
20.0,75,0.06025131298567086,0.8418799025622188,3.429784903385612,0.05351602032162213,0.8191788212753848,3.541088742907328,0.37206015377657164,5,1.046875,1.046875,0.9375,0.0,0.021455223880597014,0.0,0.04291044776119403,0.5363805970149254,0.0,0.0037313432835820895,0.03505201266395296,0.0,0.0,0.08582089552238806,0.018091361374943462,0.0,0.0,0.0,0.0,0.0,0.021483491632745363,0.0,0.23507462686567163,0.0,0.029850746268656716,0.0,0.0,0.4626865671641791,0.0,0.0,0.16417910447761194,0.0,0.0,0.13432835820895522,0.0,0.0,0.0,0.0,0.0,0.0,0.0,0.0,0.208955223880597
20.0,76,0.055445164051635805,0.8085315988670498,3.433722238412989,0.053677164068680075,0.8197341709102375,3.5381664320650814,0.49469777734703113,5,1.046875,1.046875,0.953125,0.0,0.017057569296375266,0.0,0.025586353944562896,0.5373134328358209,0.0,0.0,0.032790592492085026,0.08244491826581378,0.0,0.054015636105188336,0.0,0.0,0.0,0.02261420171867933,0.0,0.0228544776119403,0.01922207146087743,0.0,0.18610074626865672,0.0,0.04477611940298507,0.0,0.0,0.4626865671641791,0.0,0.0,0.16417910447761194,0.0,0.0,0.11940298507462686,0.0,0.0,0.0,0.0,0.0,0.0,0.0,0.0,0.208955223880597
20.0,77,0.05486487758458094,0.8152920724031085,3.4806953428222154,0.05411826860045277,0.8216523437361317,3.531963049825134,0.32668745823123185,5,1.046875,1.046875,0.953125,0.0,0.026286478057473823,0.0,0.013143239028736911,0.49944308309200264,0.0,0.0,0.23657830251726442,0.0,0.0,0.10514591222989529,0.0,0.011194029850746268,0.0,0.0,0.0,0.0,0.0,0.0,0.10820895522388059,0.0,0.029850746268656716,0.0,0.0,0.44776119402985076,0.0,0.0,0.14925373134328357,0.0,0.0,0.14925373134328357,0.0,0.0,0.0,0.0,0.0,0.0,0.0,0.0,0.22388059701492538
20.0,78,0.05332500709293483,0.8058712683669867,3.4897973719229056,0.05392342545271134,0.821049559957421,3.535742561041636,0.3933939926038258,5,1.0625,1.046875,0.953125,0.0,0.0,0.0,0.013116236996834011,0.5115332428765265,0.0,0.0,0.22297602894617818,0.0,0.0,0.1180461329715061,0.0,0.0,0.0,0.024423337856173677,0.0,0.0,0.0407055630936228,0.0,0.06919945725915876,0.0,0.029411764705882353,0.0,0.014705882352941176,0.45588235294117646,0.0,0.0,0.14705882352941177,0.0,0.0,0.1323529411764706,0.0,0.0,0.0,0.0,0.0,0.0,0.0,0.0,0.22058823529411764
20.0,79,0.0523769254168832,0.8057736420943391,3.5208137879451136,0.052407668810525734,0.81367868557133,3.5543117623717593,0.22315121226446952,5,1.0625,1.046875,0.75,0.0,0.029850746268656716,0.0,0.020206659012629163,0.45464982778415614,0.0,0.0,0.14246947082767977,0.05051664753157291,0.0,0.09092996555683124,0.04041331802525833,0.0,0.0,0.0,0.0,0.0,0.0,0.0,0.17096336499321574,0.0,0.029411764705882353,0.0,0.0,0.45588235294117646,0.0,0.0,0.17647058823529413,0.0,0.0,0.1323529411764706,0.0,0.0,0.0,0.0,0.0,0.0,0.0,0.0,0.20588235294117646
20.0,80,0.05461018632707549,0.8133879236780442,3.4806542990903275,0.05284774889799142,0.8160139762401231,3.549640335649725,0.3032003444316877,5,1.046875,1.046875,1.0,0.0,0.0,0.0,0.021125143513203215,0.4964408725602755,0.0,0.0032649253731343282,0.05947187141216991,0.06337543053960965,0.0,0.10562571756601608,0.0,0.0,0.0,0.04500574052812859,0.0,0.0,0.0,0.0,0.20569029850746268,0.0,0.029850746268656716,0.0,0.014925373134328358,0.4626865671641791,0.0,0.0,0.16417910447761194,0.0,0.0,0.11940298507462686,0.0,0.0,0.0,0.0,0.0,0.0,0.0,0.0,0.208955223880597
20.0,81,0.05827972500710123,0.8330380133686572,3.45069101265967,0.05368713217650983,0.819997808298631,3.5389757661802466,0.2532250551854027,5,1.046875,1.046875,0.953125,0.0,0.028068612163065273,0.0,0.014034306081532636,0.463132100690577,0.0,0.0,0.024423337856173677,0.0,0.0,0.14034306081532635,0.012663952962460425,0.0,0.0,0.013568521031207597,0.0,0.0,0.009045680687471733,0.0,0.2947204277121854,0.0,0.029850746268656716,0.0,0.0,0.4626865671641791,0.0,0.0,0.14925373134328357,0.0,0.0,0.13432835820895522,0.0,0.0,0.0,0.0,0.0,0.0,0.0,0.0,0.22388059701492538
20.0,82,0.047099067279499474,0.7785855457664039,3.5875683465303427,0.054829502300367206,0.8249748062503628,3.523169471025743,0.3547210550887021,5,1.0625,1.0625,0.984375,0.0,0.014005602240896359,0.0,0.021008403361344536,0.48463564530289727,0.0,0.0027573529411764708,0.19183494293239683,0.06535947712418301,0.0,0.04668534080298786,0.0,0.0,0.0,0.0,0.0,0.0,0.0,0.0,0.17371323529411767,0.0,0.029411764705882353,0.0,0.0,0.45588235294117646,0.0,0.0,0.1323529411764706,0.0,0.0,0.14705882352941177,0.0,0.0,0.0,0.0,0.0,0.0,0.0,0.0,0.23529411764705882
20.0,83,0.04807156612946158,0.7778163178479425,3.547585852913903,0.05368713217650983,0.819997808298631,3.5389757661802466,0.44568774314165005,5,1.046875,1.0625,0.984375,0.0,0.014005602240896359,0.0,0.021008403361344536,0.49517120280948196,0.0,0.0,0.19600526777875327,0.06535947712418301,0.0,0.04668534080298786,0.0,0.0,0.0,0.05723981900452489,0.0,0.0,0.0,0.0,0.10452488687782807,0.0,0.029850746268656716,0.0,0.0,0.4626865671641791,0.0,0.0,0.14925373134328357,0.0,0.0,0.13432835820895522,0.0,0.0,0.0,0.0,0.0,0.0,0.0,0.0,0.22388059701492538
20.0,84,0.05350788958513993,0.8024860040057671,3.4691937522757774,0.05492948764011889,0.8258407216887683,3.5236561327839153,0.3948063520351335,5,1.046875,1.046875,0.875,0.0,0.01279317697228145,0.0,0.019189765458422173,0.5289179104477612,0.0,0.0,0.11762085096903542,0.05970149253731343,0.0,0.042643923240938165,0.05881042548451771,0.0,0.008395522388059701,0.0,0.0,0.0,0.0,0.0,0.15192693250167075,0.0,0.029850746268656716,0.0,0.014925373134328358,0.4626865671641791,0.0,0.0,0.14925373134328357,0.0,0.0,0.13432835820895522,0.0,0.0,0.0,0.0,0.0,0.0,0.0,0.0,0.208955223880597
20.0,85,0.05167688644928501,0.8006143159992141,3.521885089417905,0.05492948764011889,0.8258407216887683,3.5236561327839153,0.29028222835306816,5,1.046875,1.046875,0.890625,0.0,0.0,0.0,0.030998851894374287,0.4856486796785304,0.0,0.0,0.13232345734016485,0.061997703788748575,0.0,0.09299655568312286,0.0,0.0,0.0,0.044107819113388284,0.0,0.0,0.0,0.0,0.15192693250167075,0.0,0.029850746268656716,0.0,0.014925373134328358,0.4626865671641791,0.0,0.0,0.14925373134328357,0.0,0.0,0.13432835820895522,0.0,0.0,0.0,0.0,0.0,0.0,0.0,0.0,0.208955223880597
20.0,86,0.059907653032434505,0.8374658229751981,3.42157401933231,0.05088047869372768,0.8061872307914778,3.574047505676844,0.3281462008141112,5,1.046875,1.046875,0.953125,0.0,0.020988805970149255,0.0,0.031483208955223885,0.5247201492537313,0.0,0.0,0.033921302578018994,0.033921302578018994,0.0,0.09444962686567165,0.0,0.0,0.0,0.021709633649932156,0.007462686567164179,0.0,0.0,0.0,0.23134328358208955,0.0,0.029850746268656716,0.0,0.014925373134328358,0.4626865671641791,0.0,0.0,0.1791044776119403,0.0,0.0,0.1044776119402985,0.0,0.0,0.0,0.0,0.0,0.0,0.0,0.0,0.208955223880597
20.0,87,0.05761334547883515,0.815359052462395,3.3969358860377072,0.055972255260240966,0.8303799033821291,3.5098651165544794,0.5435549525101764,5,1.046875,1.046875,0.921875,0.0,0.023518769787426504,0.0,0.035278154681139755,0.5056535504296699,0.0,0.0,0.022388059701492536,0.0,0.0,0.08231569425599276,0.056716417910447764,0.0,0.0023320895522388058,0.12935323383084577,0.0023320895522388058,0.002798507462686567,0.0,0.0,0.1373134328358209,0.0,0.04477611940298507,0.0,0.0,0.4626865671641791,0.0,0.0,0.13432835820895522,0.0,0.0,0.13432835820895522,0.0,0.0,0.0,0.0,0.0,0.0,0.0,0.0,0.22388059701492538
20.0,88,0.05981055770660626,0.8287673401916154,3.388782550597743,0.05563990157460111,0.8290055667240299,3.5145058478937403,0.5257095205789235,5,1.046875,1.046875,0.953125,0.0,0.020988805970149255,0.0,0.04197761194029851,0.535214552238806,0.0,0.0,0.07123473541383989,0.08525554047942108,0.0,0.07346082089552239,0.0,0.0,0.0,0.0,0.0,0.0,0.06309362279511534,0.0,0.10877431026684757,0.0,0.029850746268656716,0.0,0.0,0.4626865671641791,0.0,0.0,0.14925373134328357,0.0,0.0,0.14925373134328357,0.0,0.0,0.0,0.0,0.0,0.0,0.0,0.0,0.208955223880597
20.0,89,0.05864819329522526,0.8350262733809013,3.44804417711201,0.05492948764011889,0.8258407216887683,3.5236561327839153,0.27500556916908003,5,1.046875,1.046875,0.9375,0.0,0.0,0.0,0.0,0.5335820895522388,0.0,0.0,0.12296725328580975,0.0,0.0,0.12313432835820895,0.061483626642904875,0.0,0.0,0.0,0.0,0.0,0.0051236355535754065,0.0,0.1537090666072622,0.0,0.029850746268656716,0.0,0.014925373134328358,0.4626865671641791,0.0,0.0,0.14925373134328357,0.0,0.0,0.13432835820895522,0.0,0.0,0.0,0.0,0.0,0.0,0.0,0.0,0.208955223880597
20.0,90,0.05756629092641146,0.8265608368548396,3.4450116913041993,0.05243185941279285,0.8136681182281076,3.553445587834309,0.3628946613088403,5,1.046875,1.046875,0.9375,0.0,0.0,0.0,0.04225028702640643,0.5386911595866819,0.0,0.0,0.0865205223880597,0.0,0.0,0.10562571756601608,0.0,0.0,0.0,0.07393800229621125,0.0,0.017957089552238806,0.0,0.0,0.13501722158438575,0.0,0.029850746268656716,0.0,0.029850746268656716,0.4626865671641791,0.0,0.0,0.14925373134328357,0.0,0.0,0.1044776119402985,0.0,0.0,0.0,0.0,0.0,0.0,0.0,0.0,0.22388059701492538
20.0,91,0.05136810477240944,0.800123191259007,3.53028759863957,0.05492948764011889,0.8258407216887683,3.5236561327839153,0.32469112531487226,5,1.046875,1.046875,0.921875,0.0,0.0,0.0,0.01269770550233905,0.495210514591223,0.0,0.0,0.2285586990421029,0.0,0.0,0.11427934952105145,0.0,0.0,0.0,0.0505166475315729,0.0,0.0,0.0,0.0,0.09873708381171066,0.0,0.029850746268656716,0.0,0.014925373134328358,0.4626865671641791,0.0,0.0,0.14925373134328357,0.0,0.0,0.13432835820895522,0.0,0.0,0.0,0.0,0.0,0.0,0.0,0.0,0.208955223880597
20.0,92,0.05351414628094674,0.7991024418769797,3.4543644619445275,0.053212312826758146,0.8173883128982221,3.5434177475690003,0.4815415927356226,5,1.046875,1.046875,0.953125,0.0,0.015154994259471873,0.0,0.017680826636050518,0.5522388059701493,0.0,0.0,0.04748982360922659,0.017680826636050518,0.0,0.04546498277841562,0.02532790592492085,0.0,0.0,0.031659882406151064,0.005597014925373134,0.0,0.06819747416762342,0.0,0.17350746268656717,0.0,0.04477611940298507,0.0,0.014925373134328358,0.4626865671641791,0.0,0.0,0.14925373134328357,0.0,0.0,0.1044776119402985,0.0,0.0,0.0,0.0,0.0,0.0,0.0,0.0,0.22388059701492538
20.0,93,0.05210075253045584,0.7897053008387518,3.4597367527419065,0.053038877711988244,0.8165693258749759,3.545650291678519,0.5501722158438577,5,1.046875,1.046875,0.96875,0.0,0.0,0.0,0.08266360505166476,0.5366245694603904,0.0,0.0,0.14121699196326062,0.0,0.0,0.0,0.07531572904707233,0.0,0.0,0.05809414466130884,0.0,0.0,0.0,0.0,0.1060849598163031,0.0,0.04477611940298507,0.0,0.014925373134328358,0.4626865671641791,0.0,0.0,0.16417910447761194,0.0,0.0,0.1044776119402985,0.0,0.0,0.0,0.0,0.0,0.0,0.0,0.0,0.208955223880597
20.0,94,0.06269430398753442,0.8461786531902497,3.37946554021645,0.053212312826758146,0.8173883128982221,3.5434177475690003,0.41432000834985916,4,1.046875,1.046875,1.0,0.0,0.020665901262916193,0.0,0.030998851894374287,0.5269804822043629,0.0,0.0,0.032564450474898234,0.035278154681139755,0.0,0.09299655568312286,0.06980482204362802,0.0,0.0,0.021709633649932156,0.0,0.0,0.0,0.0,0.16900114810562572,0.0,0.04477611940298507,0.0,0.014925373134328358,0.4626865671641791,0.0,0.0,0.14925373134328357,0.0,0.0,0.1044776119402985,0.0,0.0,0.0,0.0,0.0,0.0,0.0,0.0,0.22388059701492538
20.0,95,0.05188745287557014,0.8013967709976357,3.5181666888934076,0.054494914023477586,0.8234948636767527,3.5276290377930675,0.27773874599448223,4,1.046875,1.046875,0.953125,0.0,0.020665901262916193,0.0,0.020665901262916193,0.4856486796785304,0.0,0.0,0.12252171975941191,0.061997703788748575,0.0,0.08266360505166477,0.0,0.0,0.0,0.03430608153263533,0.0,0.0,0.019603475161505905,0.0,0.15192693250167075,0.0,0.029850746268656716,0.0,0.029850746268656716,0.4626865671641791,0.0,0.0,0.13432835820895522,0.0,0.0,0.11940298507462686,0.0,0.0,0.0,0.0,0.0,0.0,0.0,0.0,0.22388059701492538
20.0,96,0.05163121530957194,0.7846651500981102,3.453251352244454,0.05226218008405941,0.8128491312048614,3.5556269135393332,0.49062684827610203,5,1.046875,1.046875,1.0,0.0,0.0,0.0,0.06337543053960965,0.5070034443168772,0.0,0.0032649253731343282,0.03165988240615106,0.05281285878300804,0.0,0.024799081515499425,0.06337543053960965,0.0,0.0,0.0,0.0,0.019977037887485647,0.02804161013116237,0.0,0.20569029850746268,0.0,0.029850746268656716,0.0,0.029850746268656716,0.4626865671641791,0.0,0.0,0.16417910447761194,0.0,0.0,0.1044776119402985,0.0,0.0,0.0,0.0,0.0,0.0,0.0,0.0,0.208955223880597
20.0,97,0.052682181599784314,0.8015547204197783,3.4922176303423242,0.056291276679306515,0.8316836350789056,3.505400197200214,0.3471117432356015,4,1.046875,1.046875,0.921875,0.0,0.010792192881745122,0.0,0.021584385763490244,0.4856486796785304,0.0,0.0,0.10692804633548673,0.05396096440872561,0.0,0.08633754305396098,0.04316877152698049,0.0,0.0,0.031187346847850298,0.0,0.0,0.02227667631989307,0.0,0.13811539318333704,0.0,0.029850746268656716,0.0,0.029850746268656716,0.4626865671641791,0.0,0.0,0.14925373134328357,0.0,0.0,0.13432835820895522,0.0,0.0,0.0,0.0,0.0,0.0,0.0,0.0,0.19402985074626866
20.0,98,0.054806134821652856,0.8088502201821514,3.4550435083533273,0.05492948764011889,0.8258407216887683,3.5236561327839153,0.43216130884041326,5,1.046875,1.046875,0.90625,0.0,0.0,0.0,0.03237657864523536,0.5072330654420206,0.0,0.0,0.07416044776119403,0.06475315729047072,0.0,0.09712973593570609,0.0,0.0,0.0,0.07393800229621125,0.0,0.015391791044776119,0.0,0.0,0.13501722158438575,0.0,0.029850746268656716,0.0,0.014925373134328358,0.4626865671641791,0.0,0.0,0.14925373134328357,0.0,0.0,0.13432835820895522,0.0,0.0,0.0,0.0,0.0,0.0,0.0,0.0,0.208955223880597
20.0,99,0.06406041715416692,0.8510443723791925,3.362461520465618,0.05339694014911679,0.8183598342521385,3.541490818585851,0.3944890929965556,5,1.046875,1.046875,0.953125,0.0,0.021125143513203215,0.008955223880597015,0.03168771526980482,0.5386911595866819,0.0,0.0,0.03375430539609644,0.0,0.0,0.09506314580941447,0.07853042479908152,0.0,0.0020665901262916187,0.0,0.0,0.0,0.0,0.0,0.19012629161882894,0.0,0.029850746268656716,0.0,0.0,0.4626865671641791,0.0,0.0,0.1791044776119403,0.0,0.0,0.13432835820895522,0.0,0.0,0.0,0.0,0.0,0.0,0.0,0.0,0.19402985074626866
20.0,100,0.05333548024450091,0.806259772026897,3.49113695669722,0.05184484417067698,0.8107264124848386,3.5605864543263412,0.3948439620081411,5,1.046875,1.046875,0.921875,0.0,0.0,0.0,0.013116236996834011,0.5115332428765265,0.0,0.0,0.22297602894617818,0.0,0.0,0.1180461329715061,0.0,0.0,0.0,0.024423337856173677,0.0,0.0,0.03867028493894166,0.0,0.07123473541383989,0.0,0.04477611940298507,0.0,0.0,0.4626865671641791,0.0,0.0,0.16417910447761194,0.0,0.0,0.1044776119402985,0.0,0.0,0.0,0.0,0.0,0.0,0.0,0.0,0.22388059701492538
20.0,101,0.0497883009410819,0.798901551795878,3.5803840336384307,0.053677164068680075,0.8197341709102375,3.5381664320650814,0.153012510974539,5,1.046875,1.0625,0.953125,0.0,0.024582967515364353,0.0,0.0,0.4793678665496049,0.0,0.0027573529411764708,0.2212467076382792,0.0,0.0,0.09833187006145741,0.0,0.0,0.0,0.0,0.0,0.0,0.0,0.0,0.17371323529411767,0.0,0.04477611940298507,0.0,0.0,0.4626865671641791,0.0,0.0,0.16417910447761194,0.0,0.0,0.11940298507462686,0.0,0.0,0.0,0.0,0.0,0.0,0.0,0.0,0.208955223880597
20.0,102,0.05354144266009772,0.8112906793132422,3.506157749590609,0.055123341611338215,0.8266597087120146,3.520943063523105,0.23783073270013574,5,1.046875,1.046875,0.765625,0.0,0.02261420171867933,0.0,0.02261420171867933,0.5074626865671642,0.0,0.0,0.12663952962460423,0.04522840343735866,0.0,0.08141112618724558,0.0,0.0,0.0,0.0,0.0,0.021222014925373137,0.0,0.0,0.17280783582089554,0.0,0.029850746268656716,0.0,0.014925373134328358,0.4626865671641791,0.0,0.0,0.13432835820895522,0.0,0.0,0.13432835820895522,0.0,0.0,0.0,0.0,0.0,0.0,0.0,0.0,0.22388059701492538
20.0,103,0.055062627760586576,0.8104423365718204,3.453771912073106,0.052955972452222735,0.8162776136285166,3.547157010242936,0.39073861461921167,5,1.046875,1.046875,0.921875,0.0,0.0,0.0,0.0,0.5070034443168772,0.0,0.0,0.14925373134328357,0.07393800229621125,0.0,0.10562571756601608,0.03731343283582089,0.0,0.0,0.03980099502487562,0.0,0.0,0.0,0.0,0.08706467661691542,0.0,0.014925373134328358,0.0,0.014925373134328358,0.4626865671641791,0.0,0.0,0.14925373134328357,0.0,0.0,0.13432835820895522,0.0,0.0,0.0,0.0,0.0,0.0,0.0,0.0,0.22388059701492538
20.0,104,0.05711909879354839,0.8282443275388582,3.4655151107130986,0.05226218008405941,0.8128491312048614,3.5556269135393332,0.3387607417458164,4,1.046875,1.046875,0.875,0.0,0.0,0.0,0.014925373134328358,0.48919581198485185,0.0,0.0,0.03957485300768882,0.0,0.0,0.1494764981064825,0.0,0.0,0.0,0.0,0.0,0.0,0.03505201266395296,0.0,0.27177545110269546,0.0,0.029850746268656716,0.0,0.029850746268656716,0.4626865671641791,0.0,0.0,0.16417910447761194,0.0,0.0,0.1044776119402985,0.0,0.0,0.0,0.0,0.0,0.0,0.0,0.0,0.208955223880597
20.0,105,0.05888852321885438,0.8316468409788756,3.427075012702624,0.05339694014911679,0.8183598342521385,3.541490818585851,0.4028111192290297,5,1.046875,1.046875,0.984375,0.0,0.011021814006888633,0.0,0.022043628013777267,0.5180252583237658,0.0,0.02804161013116237,0.03165988240615106,0.0661308840413318,0.0,0.0991963260619977,0.0,0.0,0.0,0.0,0.0,0.0,0.0,0.0,0.22388059701492538,0.0,0.029850746268656716,0.0,0.0,0.4626865671641791,0.0,0.0,0.1791044776119403,0.0,0.0,0.13432835820895522,0.0,0.0,0.0,0.0,0.0,0.0,0.0,0.0,0.19402985074626866
20.0,106,0.05398770185123365,0.8000853552909056,3.44341130357575,0.053018144489801994,0.8168329632633693,3.547488474793131,0.5161882893226176,4,1.046875,1.046875,1.0,0.0,0.04959816303099885,0.0,0.009644087256027554,0.5583022388059701,0.0,0.0,0.10470723306544202,0.011021814006888633,0.0,0.028932261768082664,0.011021814006888633,0.0,0.008861940298507462,0.05809414466130884,0.0,0.024799081515499425,0.028932261768082664,0.0,0.1060849598163031,0.0,0.029850746268656716,0.0,0.014925373134328358,0.4626865671641791,0.0,0.0,0.14925373134328357,0.0,0.0,0.11940298507462686,0.0,0.0,0.0,0.0,0.0,0.0,0.0,0.0,0.22388059701492538
20.0,107,0.059040915878381756,0.8266536252246655,3.402099661196605,0.05226218008405941,0.8128491312048614,3.5556269135393332,0.4206148743462177,5,1.046875,1.046875,0.984375,0.0,0.0,0.009644087256027554,0.07531572904707233,0.5366245694603904,0.0,0.003498134328358209,0.035132032146957516,0.06633499170812604,0.0,0.053067993366500824,0.0,0.0,0.0,0.0,0.0,0.0,0.0,0.0,0.22038246268656717,0.0,0.029850746268656716,0.0,0.029850746268656716,0.4626865671641791,0.0,0.0,0.16417910447761194,0.0,0.0,0.1044776119402985,0.0,0.0,0.0,0.0,0.0,0.0,0.0,0.0,0.208955223880597
20.0,108,0.060583845786528305,0.8433308382033482,3.426254053568856,0.05492948764011889,0.8258407216887683,3.5236561327839153,0.29910108548168246,5,1.046875,1.046875,0.890625,0.003498134328358209,0.021455223880597014,0.0,0.0,0.5471082089552238,0.0,0.0,0.03934871099050203,0.0,0.0,0.11800373134328358,0.0,0.0,0.0,0.025780189959294438,0.0,0.0,0.024423337856173673,0.0,0.22038246268656717,0.0,0.029850746268656716,0.0,0.014925373134328358,0.4626865671641791,0.0,0.0,0.14925373134328357,0.0,0.0,0.13432835820895522,0.0,0.0,0.0,0.0,0.0,0.0,0.0,0.0,0.208955223880597
20.0,109,0.060745737395777315,0.844257137071982,3.42544372053627,0.05492948764011889,0.8258407216887683,3.5236561327839153,0.2604334098737084,5,1.046875,1.046875,0.96875,0.0,0.04617537313432836,0.0,0.038576349024110224,0.4918484500574053,0.0,0.0,0.11800373134328358,0.0,0.0,0.09644087256027556,0.061079219288174516,0.0,0.0,0.0,0.0,0.0,0.0,0.0,0.1478760045924225,0.0,0.029850746268656716,0.0,0.014925373134328358,0.4626865671641791,0.0,0.0,0.14925373134328357,0.0,0.0,0.13432835820895522,0.0,0.0,0.0,0.0,0.0,0.0,0.0,0.0,0.208955223880597
20.0,110,0.05247103239463263,0.793777005817301,3.4652830115099995,0.055972255260240966,0.8303799033821291,3.5098651165544794,0.47405629196673976,4,1.046875,1.046875,0.90625,0.0,0.03030998851894374,0.0,0.046842709529276695,0.4369063772048847,0.0,0.0,0.10195177956371985,0.010402532790592492,0.0,0.1144278606965174,0.0,0.0,0.0,0.1248303934871099,0.0,0.0,0.05495251017639077,0.0,0.07937584803256445,0.0,0.04477611940298507,0.0,0.0,0.4626865671641791,0.0,0.0,0.13432835820895522,0.0,0.0,0.13432835820895522,0.0,0.0,0.0,0.0,0.0,0.0,0.0,0.0,0.22388059701492538
20.0,111,0.05606897081359465,0.8306540300252295,3.5079943422354014,0.053212312826758146,0.8173883128982221,3.5434177475690003,0.1441231343283582,5,1.046875,1.046875,0.984375,0.0,0.020522388059701493,0.0,0.0,0.523320895522388,0.0,0.003031716417910448,0.14925373134328357,0.0,0.0,0.11287313432835822,0.0,0.0,0.0,0.0,0.0,0.0,0.0,0.0,0.19099813432835822,0.0,0.04477611940298507,0.0,0.014925373134328358,0.4626865671641791,0.0,0.0,0.14925373134328357,0.0,0.0,0.1044776119402985,0.0,0.0,0.0,0.0,0.0,0.0,0.0,0.0,0.22388059701492538
20.0,112,0.05760703325206507,0.8214581497928314,3.4225333428439852,0.053018144489801994,0.8168329632633693,3.547488474793131,0.4455289998390176,5,1.046875,1.046875,0.921875,0.0,0.0050594485201113076,0.0,0.0,0.5457089552238806,0.0,0.0,0.07136194029850745,0.0,0.0,0.12593283582089554,0.00986592461421705,0.0,0.008395522388059701,0.03731343283582089,0.0,0.009794776119402984,0.067842605156038,0.0,0.11872455902306649,0.0,0.029850746268656716,0.0,0.014925373134328358,0.4626865671641791,0.0,0.0,0.14925373134328357,0.0,0.0,0.11940298507462686,0.0,0.0,0.0,0.0,0.0,0.0,0.0,0.0,0.22388059701492538
20.0,113,0.058442111747059516,0.8336685560159695,3.448501911757179,0.05416067028957555,0.8218568896302603,3.531459133792123,0.3527815468113976,5,1.046875,1.046875,0.875,0.0,0.0,0.0,0.0,0.5457089552238806,0.0,0.003498134328358209,0.04748982360922659,0.0,0.0,0.12593283582089554,0.0,0.0,0.0,0.03007688828584351,0.0,0.0,0.026910900045228402,0.0,0.22038246268656717,0.0,0.029850746268656716,0.0,0.029850746268656716,0.4626865671641791,0.0,0.0,0.16417910447761194,0.0,0.0,0.11940298507462686,0.0,0.0,0.0,0.0,0.0,0.0,0.0,0.0,0.19402985074626866
20.0,114,0.057202571325565194,0.8141607336697169,3.404100530142797,0.055629067428111766,0.8287419293356366,3.5137302889953093,0.5637685697387191,4,1.046875,1.046875,1.0,0.0,0.010792192881745122,0.0,0.04316877152698049,0.4964408725602756,0.0,0.0911352329262777,0.10289461781999096,0.042740841248303935,0.0,0.08633754305396098,0.06475315729047072,0.0,0.0,0.0,0.0,0.0,0.006331976481230212,0.0,0.05540479421076436,0.0,0.04477611940298507,0.0,0.0,0.4626865671641791,0.0,0.0,0.16417910447761194,0.0,0.0,0.13432835820895522,0.0,0.0,0.0,0.0,0.0,0.0,0.0,0.0,0.19402985074626866
20.0,115,0.05637497459703967,0.811473360523085,3.4176775650947384,0.05577464550298518,0.8295609163588828,3.5126095144224303,0.49610687819643035,5,1.046875,1.046875,0.953125,0.0,0.021584385763490244,0.0041331802525832375,0.021584385763490244,0.5072330654420206,0.0,0.0,0.05786452353616533,0.06475315729047072,0.0,0.08633754305396098,0.027554535017221583,0.0,0.0,0.0,0.0,0.0,0.08548168249660787,0.0,0.12347354138398915,0.0,0.04477611940298507,0.0,0.0,0.4626865671641791,0.0,0.0,0.14925373134328357,0.0,0.0,0.13432835820895522,0.0,0.0,0.0,0.0,0.0,0.0,0.0,0.0,0.208955223880597
20.0,116,0.05772377516150466,0.8261364094655044,3.438542524178591,0.05368713217650983,0.819997808298631,3.5389757661802466,0.4016401819573461,5,1.046875,1.046875,0.953125,0.0,0.020988805970149255,0.0,0.0,0.535214552238806,0.0,0.0,0.05540479421076436,0.0,0.0,0.1154384328358209,0.0,0.0,0.0,0.07921928817451206,0.0,0.0,0.049072817729534146,0.0,0.14466130884041334,0.0,0.029850746268656716,0.0,0.0,0.4626865671641791,0.0,0.0,0.14925373134328357,0.0,0.0,0.13432835820895522,0.0,0.0,0.0,0.0,0.0,0.0,0.0,0.0,0.22388059701492538
20.0,117,0.05611469186380729,0.8232120132562551,3.4751488256896823,0.053212312826758146,0.8173883128982221,3.5434177475690003,0.28107765109324473,5,1.046875,1.046875,0.9375,0.0,0.028068612163065273,0.0,0.028068612163065273,0.4912007128536422,0.0,0.0,0.03165988240615106,0.0,0.0,0.09824014257072845,0.0,0.0,0.0,0.0,0.0,0.0,0.02804161013116237,0.0,0.2947204277121854,0.0,0.04477611940298507,0.0,0.014925373134328358,0.4626865671641791,0.0,0.0,0.14925373134328357,0.0,0.0,0.1044776119402985,0.0,0.0,0.0,0.0,0.0,0.0,0.0,0.0,0.22388059701492538
20.0,118,0.056223693949289916,0.8177011281440291,3.44853715142763,0.054301776315335386,0.8226758766535065,3.530382360106943,0.2750365306335456,5,1.046875,1.046875,0.875,0.0,0.028946178199909543,0.0,0.014925373134328358,0.4849598163030999,0.0,0.0,0.052464947987336044,0.07072330654420207,0.0,0.10103329506314582,0.0,0.0,0.0,0.0,0.0065298507462686565,0.0,0.037991858887381276,0.0,0.20242537313432835,0.0,0.029850746268656716,0.0,0.029850746268656716,0.4626865671641791,0.0,0.0,0.14925373134328357,0.0,0.0,0.11940298507462686,0.0,0.0,0.0,0.0,0.0,0.0,0.0,0.0,0.208955223880597
20.0,119,0.05114859473768114,0.7839574227247716,3.4663756342798786,0.053212312826758146,0.8173883128982221,3.5434177475690003,0.5262707441811919,4,1.046875,1.046875,0.96875,0.0,0.023066485753052916,0.0,0.023066485753052916,0.4959294436906377,0.0,0.0,0.04936854190585533,0.0,0.0,0.0807327001356852,0.02525832376578645,0.0,0.0,0.05809414466130884,0.0,0.0,0.1383989145183175,0.0,0.1060849598163031,0.0,0.04477611940298507,0.0,0.014925373134328358,0.4626865671641791,0.0,0.0,0.14925373134328357,0.0,0.0,0.1044776119402985,0.0,0.0,0.0,0.0,0.0,0.0,0.0,0.0,0.22388059701492538
20.0,120,0.06147016290522564,0.8432560760636384,3.401161834971297,0.055094216635441846,0.826396071323621,3.520750403264953,0.3299929548063877,5,1.046875,1.046875,0.90625,0.0,0.01958955223880597,0.0,0.03459972862957938,0.4995335820895523,0.0,0.0,0.06105834464043419,0.03867028493894166,0.0,0.10774253731343283,0.06980482204362802,0.0,0.0,0.0,0.0,0.0,0.0,0.0,0.16900114810562572,0.0,0.04477611940298507,0.0,0.014925373134328358,0.4626865671641791,0.0,0.0,0.14925373134328357,0.0,0.0,0.11940298507462686,0.0,0.0,0.0,0.0,0.0,0.0,0.0,0.0,0.208955223880597
20.0,121,0.0578227401647406,0.824815392552016,3.4301050647110833,0.053212312826758146,0.8173883128982221,3.5434177475690003,0.30799803430400435,5,1.046875,1.046875,0.953125,0.0,0.021584385763490244,0.0022614201718679327,0.021584385763490244,0.5072330654420206,0.0,0.0,0.032790592492085026,0.05396096440872561,0.0,0.09712973593570609,0.0,0.0,0.0,0.021483491632745363,0.006996268656716418,0.0,0.018091361374943462,0.0,0.21688432835820895,0.0,0.04477611940298507,0.0,0.014925373134328358,0.4626865671641791,0.0,0.0,0.14925373134328357,0.0,0.0,0.1044776119402985,0.0,0.0,0.0,0.0,0.0,0.0,0.0,0.0,0.22388059701492538
20.0,122,0.05583541881661158,0.8286713157228465,3.5069325824424045,0.053212312826758146,0.8173883128982221,3.5434177475690003,0.19267299864314796,5,1.046875,1.046875,0.96875,0.0,0.0,0.0,0.0,0.5335820895522388,0.0,0.0,0.15603799185888736,0.0,0.0,0.12313432835820895,0.0,0.0,0.0,0.0,0.0,0.0,0.0,0.0,0.18724559023066484,0.0,0.04477611940298507,0.0,0.014925373134328358,0.4626865671641791,0.0,0.0,0.14925373134328357,0.0,0.0,0.1044776119402985,0.0,0.0,0.0,0.0,0.0,0.0,0.0,0.0,0.22388059701492538
20.0,123,0.05998335667192093,0.83417331321268,3.4059707125265706,0.055094216635441846,0.826396071323621,3.520750403264953,0.339609644087256,4,1.046875,1.046875,1.0,0.0,0.022043628013777267,0.0033921302578018993,0.022043628013777267,0.5180252583237658,0.0,0.0,0.022388059701492536,0.05510907003444317,0.0,0.0991963260619977,0.0,0.0,0.0,0.0,0.007462686567164179,0.0,0.018995929443690638,0.0,0.23134328358208955,0.0,0.04477611940298507,0.0,0.014925373134328358,0.4626865671641791,0.0,0.0,0.14925373134328357,0.0,0.0,0.11940298507462686,0.0,0.0,0.0,0.0,0.0,0.0,0.0,0.0,0.208955223880597
20.0,124,0.05890712620374247,0.8248993302573941,3.3987328796695846,0.05583447180889758,0.8298245537472762,3.5118428613832418,0.4132612723097798,5,1.046875,1.046875,0.921875,0.0,0.022043628013777267,0.0,0.022043628013777267,0.5070034443168772,0.0,0.028493894165535955,0.036635006784260515,0.0661308840413318,0.0,0.0991963260619977,0.016282225237449117,0.0,0.021222014925373137,0.0,0.0,0.0,0.008141112618724558,0.0,0.17280783582089554,0.0,0.029850746268656716,0.0,0.0,0.4626865671641791,0.0,0.0,0.13432835820895522,0.0,0.0,0.14925373134328357,0.0,0.0,0.0,0.0,0.0,0.0,0.0,0.0,0.22388059701492538
20.0,125,0.05310244345710718,0.8126795703178793,3.526647800773155,0.05423905855245043,0.8221205270186538,3.5300383261578676,0.16073478760045926,5,1.046875,1.046875,0.984375,0.0,0.020665901262916193,0.0,0.020665901262916193,0.4856486796785304,0.0,0.0,0.14925373134328357,0.05166475315729048,0.0,0.09299655568312286,0.0,0.0,0.0,0.0,0.0,0.0,0.0,0.0,0.1791044776119403,0.0,0.014925373134328358,0.0,0.029850746268656716,0.4626865671641791,0.0,0.0,0.14925373134328357,0.0,0.0,0.13432835820895522,0.0,0.0,0.0,0.0,0.0,0.0,0.0,0.0,0.208955223880597
20.0,126,0.06160225998341048,0.8406777320095625,3.3871249760679483,0.05339694014911679,0.8183598342521385,3.541490818585851,0.41581863410221626,5,1.046875,1.046875,0.9375,0.0,0.03867028493894165,0.0,0.051560379918588875,0.47294776119402987,0.0,0.0,0.05291723202170963,0.05585707824513794,0.0,0.10914179104477612,0.02849389416553596,0.0,0.0,0.032564450474898234,0.0,0.0,0.0203527815468114,0.0,0.13749434644957031,0.0,0.029850746268656716,0.0,0.0,0.4626865671641791,0.0,0.0,0.1791044776119403,0.0,0.0,0.13432835820895522,0.0,0.0,0.0,0.0,0.0,0.0,0.0,0.0,0.19402985074626866
20.0,127,0.054909235731469226,0.8035918888848435,3.4293581610592203,0.053212312826758146,0.8173883128982221,3.5434177475690003,0.5248721427825905,5,1.046875,1.046875,0.9375,0.0,0.022043628013777267,0.0,0.0,0.5070034443168772,0.0,0.0,0.07646383467278989,0.05510907003444317,0.0,0.08817451205510907,0.04408725602755453,0.0,0.0,0.05786452353616533,0.0,0.0,0.06105834464043419,0.0,0.08819538670284939,0.0,0.04477611940298507,0.0,0.014925373134328358,0.4626865671641791,0.0,0.0,0.14925373134328357,0.0,0.0,0.1044776119402985,0.0,0.0,0.0,0.0,0.0,0.0,0.0,0.0,0.22388059701492538
20.0,128,0.04824756083505186,0.7593804367559336,3.457177862571671,0.05583447180889758,0.8298245537472762,3.5118428613832418,0.6968498851894376,5,1.046875,1.046875,0.765625,0.0,0.007695895522388059,0.0,0.02308768656716418,0.4938941655359566,0.0,0.0,0.0,0.051305970149253734,0.0,0.04617537313432836,0.03591417910447761,0.0,0.0,0.07393800229621125,0.0,0.0,0.13297150610583447,0.0,0.13501722158438575,0.0,0.029850746268656716,0.0,0.0,0.4626865671641791,0.0,0.0,0.13432835820895522,0.0,0.0,0.14925373134328357,0.0,0.0,0.0,0.0,0.0,0.0,0.0,0.0,0.22388059701492538
20.0,129,0.05641819402640416,0.8181665763514707,3.444547228202696,0.053038877711988244,0.8165693258749759,3.545650291678519,0.27614810562571757,5,1.046875,1.046875,1.0,0.0,0.035361653272101036,0.0,0.030309988518943745,0.4748564867967853,0.0,0.0,0.09850746268656717,0.06061997703788749,0.0,0.09092996555683124,0.030309988518943745,0.0,0.019589552238805968,0.0,0.0,0.0,0.0,0.0,0.15951492537313433,0.0,0.04477611940298507,0.0,0.014925373134328358,0.4626865671641791,0.0,0.0,0.16417910447761194,0.0,0.0,0.1044776119402985,0.0,0.0,0.0,0.0,0.0,0.0,0.0,0.0,0.208955223880597
20.0,130,0.06276838323273452,0.8450206378395867,3.3728485808994257,0.054301776315335386,0.8226758766535065,3.530382360106943,0.3333452927669345,5,1.046875,1.046875,0.921875,0.0,0.020988805970149255,0.016073478760045924,0.0,0.535214552238806,0.0,0.0,0.05855338691159586,0.0,0.0,0.1154384328358209,0.07416762342135477,0.0,0.0,0.0,0.0,0.003903559127439725,0.0,0.0,0.1756601607347876,0.0,0.029850746268656716,0.0,0.029850746268656716,0.4626865671641791,0.0,0.0,0.14925373134328357,0.0,0.0,0.11940298507462686,0.0,0.0,0.0,0.0,0.0,0.0,0.0,0.0,0.208955223880597
20.0,131,0.05769488962431425,0.8204572789291537,3.415759610399227,0.05291747427960071,0.8157503388517297,3.5461549573252897,0.36610653028563483,5,1.046875,1.046875,0.890625,0.0,0.028243398392652126,0.0,0.05648679678530425,0.4424799081515499,0.0,0.027137042062415195,0.032790592492085026,0.037657864523536165,0.0,0.1044776119402985,0.04707233065442021,0.0,0.0,0.014699231117141562,0.0065298507462686565,0.0,0.0,0.0,0.20242537313432835,0.0,0.04477611940298507,0.0,0.014925373134328358,0.4626865671641791,0.0,0.0,0.1791044776119403,0.0,0.0,0.1044776119402985,0.0,0.0,0.0,0.0,0.0,0.0,0.0,0.0,0.19402985074626866
20.0,132,0.057359551317931703,0.8235153987772023,3.4384985982357823,0.054494914023477586,0.8234948636767527,3.5276290377930675,0.31728399088473713,5,1.046875,1.046875,1.0,0.0,0.0,0.0,0.0,0.5180252583237658,0.0,0.003498134328358209,0.03957485300768882,0.0,0.0,0.11871412169919633,0.06475315729047072,0.0,0.0,0.0,0.0,0.0,0.03505201266395296,0.0,0.22038246268656717,0.0,0.029850746268656716,0.0,0.029850746268656716,0.4626865671641791,0.0,0.0,0.13432835820895522,0.0,0.0,0.11940298507462686,0.0,0.0,0.0,0.0,0.0,0.0,0.0,0.0,0.22388059701492538
20.0,133,0.060216968992750905,0.8317841199954009,3.3896212914888726,0.053212312826758146,0.8173883128982221,3.5434177475690003,0.38379018369690004,5,1.046875,1.046875,0.984375,0.0,0.021584385763490244,0.0,0.03237657864523536,0.5072330654420206,0.0,0.0,0.06413246268656717,0.05396096440872561,0.0,0.08633754305396098,0.06544202066590127,0.0,0.0,0.0,0.010494402985074626,0.0,0.0,0.0,0.1584385763490241,0.0,0.04477611940298507,0.0,0.014925373134328358,0.4626865671641791,0.0,0.0,0.14925373134328357,0.0,0.0,0.1044776119402985,0.0,0.0,0.0,0.0,0.0,0.0,0.0,0.0,0.22388059701492538
20.0,134,0.05371474908536864,0.7967848755726468,3.437908439492647,0.0552911101296205,0.8272150583468673,3.517959024515953,0.4758201295574912,5,1.046875,1.046875,0.96875,0.0,0.0072219547424169465,0.0,0.036109773712084736,0.49253731343283585,0.0,0.0,0.033921302578018994,0.08955223880597016,0.0,0.05536831969186326,0.05055368319691862,0.0,0.0,0.021483491632745363,0.006063432835820896,0.0,0.01922207146087743,0.0,0.18796641791044777,0.0,0.04477611940298507,0.0,0.014925373134328358,0.4626865671641791,0.0,0.0,0.13432835820895522,0.0,0.0,0.11940298507462686,0.0,0.0,0.0,0.0,0.0,0.0,0.0,0.0,0.22388059701492538
20.0,135,0.05483930146541274,0.8105427054332351,3.461225897881604,0.05449649037759723,0.8232312262883594,3.5264486828338297,0.4009741502278816,3,1.046875,1.046875,1.015625,0.0,0.06126085987970595,0.0,0.01653272101033295,0.51459122298953,0.0,0.0,0.03165988240615106,0.023880597014925373,0.0,0.03490241102181401,0.0,0.0,0.0,0.04408725602755453,0.0,0.0,0.02804161013116237,0.0,0.2450434395188238,0.0,0.04477611940298507,0.0,0.029850746268656716,0.4626865671641791,0.0,0.0,0.14925373134328357,0.0,0.0,0.1044776119402985,0.0,0.0,0.0,0.0,0.0,0.0,0.0,0.0,0.208955223880597
20.0,136,0.056528871305549976,0.8216142687224196,3.4556744011330145,0.05184484417067698,0.8107264124848386,3.5605864543263412,0.2982113036217514,5,1.046875,1.046875,0.984375,0.0,0.026458616010854814,0.0,0.04041331802525833,0.46475315729047073,0.0,0.0032649253731343282,0.06512890094979647,0.042740841248303935,0.0,0.09092996555683124,0.06061997703788749,0.0,0.0,0.0,0.0,0.0,0.0,0.0,0.20569029850746268,0.0,0.04477611940298507,0.0,0.0,0.4626865671641791,0.0,0.0,0.16417910447761194,0.0,0.0,0.1044776119402985,0.0,0.0,0.0,0.0,0.0,0.0,0.0,0.0,0.22388059701492538
20.0,137,0.051814385535146654,0.8043051326317208,3.5334232633436313,0.05492948764011889,0.8258407216887683,3.5236561327839153,0.2020665901262916,5,1.046875,1.046875,0.9375,0.0,0.0,0.0,0.030998851894374287,0.4856486796785304,0.0,0.0,0.14925373134328357,0.061997703788748575,0.0,0.09299655568312286,0.0,0.0,0.0,0.0,0.0,0.0,0.0,0.0,0.1791044776119403,0.0,0.029850746268656716,0.0,0.014925373134328358,0.4626865671641791,0.0,0.0,0.14925373134328357,0.0,0.0,0.13432835820895522,0.0,0.0,0.0,0.0,0.0,0.0,0.0,0.0,0.208955223880597
20.0,138,0.05494728159675391,0.7940137605040468,3.3873098359661906,0.05351602032162213,0.8191788212753848,3.541088742907328,0.698733604703754,4,1.046875,1.046875,0.9375,0.009701492537313432,0.007462686567164178,0.0,0.06061997703788749,0.5152698048220437,0.0,0.0235187697874265,0.026232473993668022,0.08082663605051665,0.0,0.027611940298507463,0.05427408412483039,0.0,0.0,0.05789235639981909,0.0,0.0,0.009950248756218905,0.0,0.12663952962460423,0.0,0.029850746268656716,0.0,0.0,0.4626865671641791,0.0,0.0,0.16417910447761194,0.0,0.0,0.13432835820895522,0.0,0.0,0.0,0.0,0.0,0.0,0.0,0.0,0.208955223880597
20.0,139,0.05592544081827504,0.8050183534344644,3.4040903141707677,0.05368713217650983,0.819997808298631,3.5389757661802466,0.5512211668928086,5,1.046875,1.046875,0.75,0.0,0.029850746268656716,0.0,0.035278154681139755,0.48213478064224335,0.0,0.0,0.046641791044776115,0.0,0.0,0.10583446404341926,0.023518769787426504,0.0,0.0065298507462686565,0.12935323383084577,0.0,0.0065298507462686565,0.05495251017639077,0.0,0.07937584803256445,0.0,0.029850746268656716,0.0,0.0,0.4626865671641791,0.0,0.0,0.14925373134328357,0.0,0.0,0.13432835820895522,0.0,0.0,0.0,0.0,0.0,0.0,0.0,0.0,0.22388059701492538
20.0,140,0.05966858437314773,0.8401914636595635,3.43957986207067,0.05492948764011889,0.8258407216887683,3.5236561327839153,0.28324287652645863,5,1.046875,1.046875,0.75,0.0,0.029850746268656716,0.0,0.041044776119402986,0.5130597014925373,0.0,0.003498134328358209,0.03934871099050203,0.0,0.0,0.10261194029850747,0.0,0.0,0.0,0.027137042062415195,0.0,0.0,0.023066485753052916,0.0,0.22038246268656717,0.0,0.029850746268656716,0.0,0.014925373134328358,0.4626865671641791,0.0,0.0,0.14925373134328357,0.0,0.0,0.13432835820895522,0.0,0.0,0.0,0.0,0.0,0.0,0.0,0.0,0.208955223880597
20.0,141,0.05582528830704414,0.8136373371419818,3.443621276584069,0.054301776315335386,0.8226758766535065,3.530382360106943,0.383815189785339,4,1.046875,1.046875,1.0,0.0,0.0,0.0,0.0,0.4959816303099885,0.0,0.003498134328358209,0.026232473993668022,0.05510907003444317,0.0,0.11021814006888633,0.05510907003444317,0.0,0.0,0.018091361374943465,0.0,0.0,0.015377657168701944,0.0,0.22038246268656717,0.0,0.029850746268656716,0.0,0.029850746268656716,0.4626865671641791,0.0,0.0,0.14925373134328357,0.0,0.0,0.11940298507462686,0.0,0.0,0.0,0.0,0.0,0.0,0.0,0.0,0.208955223880597
20.0,142,0.05699045744138366,0.818435129821805,3.428334514515499,0.05549736302268701,0.8281865797007837,3.5155397654368645,0.4803673938002296,5,1.046875,1.046875,0.96875,0.0,0.010562571756601608,0.0,0.03168771526980482,0.4964408725602755,0.0,0.0,0.046842709529276695,0.042709529276693456,0.0,0.09506314580941447,0.05281285878300804,0.0,0.0,0.07921928817451206,0.0,0.0,0.0,0.0,0.14466130884041334,0.0,0.029850746268656716,0.0,0.0,0.4626865671641791,0.0,0.0,0.16417910447761194,0.0,0.0,0.14925373134328357,0.0,0.0,0.0,0.0,0.0,0.0,0.0,0.0,0.19402985074626866
20.0,143,0.050498967001662995,0.7920118859140295,3.5244426819329,0.05492948764011889,0.8258407216887683,3.5236561327839153,0.3563719862227325,5,1.046875,1.046875,0.90625,0.0,0.011021814006888633,0.0,0.022043628013777267,0.5289179104477612,0.0,0.0,0.12890094979647218,0.0330654420206659,0.0,0.04959816303099885,0.0,0.0,0.008395522388059701,0.06337543053960965,0.0,0.0,0.0,0.0,0.1546811397557666,0.0,0.029850746268656716,0.0,0.014925373134328358,0.4626865671641791,0.0,0.0,0.14925373134328357,0.0,0.0,0.13432835820895522,0.0,0.0,0.0,0.0,0.0,0.0,0.0,0.0,0.208955223880597
20.0,144,0.05059748517279187,0.7869618696849618,3.4985591772121154,0.058964428858438236,0.8431483545740432,3.4722337068350626,0.26082654907281777,5,1.046875,1.046875,0.984375,0.0,0.011080958842152872,0.0,0.04432383536861149,0.45431931252826774,0.0,0.0,0.1044776119402985,0.011080958842152872,0.0,0.11080958842152873,0.03324287652645862,0.0,0.0,0.0,0.005130597014925373,0.06648575305291723,0.0,0.0,0.15904850746268656,0.0,0.029850746268656716,0.0,0.029850746268656716,0.4626865671641791,0.0,0.0,0.1044776119402985,0.0,0.0,0.14925373134328357,0.0,0.0,0.0,0.0,0.0,0.0,0.0,0.0,0.22388059701492538
20.0,145,0.057462944769255286,0.8306337361391938,3.465098837743321,0.05435234482887809,0.8224122392651132,3.5276088421556313,0.28389520926834366,5,1.046875,1.046875,0.984375,0.0,0.020665901262916193,0.0,0.041331802525832385,0.5063145809414467,0.0,0.0,0.047489823609226586,0.0,0.0,0.10332950631458096,0.0,0.0,0.0,0.0,0.0,0.0,0.04206241519674356,0.0,0.23880597014925373,0.0,0.04477611940298507,0.0,0.029850746268656716,0.4626865671641791,0.0,0.0,0.16417910447761194,0.0,0.0,0.1044776119402985,0.0,0.0,0.0,0.0,0.0,0.0,0.0,0.0,0.19402985074626866
20.0,146,0.05627312874409099,0.8176935741758478,3.446990240091871,0.05712569492011009,0.8356674671374135,3.496372913967413,0.3563719862227324,5,1.046875,1.046875,0.9375,0.0,0.015671641791044775,0.015671641791044775,0.03805970149253731,0.5226108264646915,0.0,0.0,0.05464982778415614,0.04982778415614236,0.0,0.06492537313432836,0.0,0.0,0.0,0.011361104923145467,0.0,0.0,0.0,0.0,0.2272220984629093,0.0,0.029850746268656716,0.0,0.014925373134328358,0.4626865671641791,0.0,0.0,0.13432835820895522,0.0,0.0,0.14925373134328357,0.0,0.0,0.0,0.0,0.0,0.0,0.0,0.0,0.208955223880597
20.0,147,0.047629048809245914,0.7747911660788993,3.5501663740765546,0.05243185941279285,0.8136681182281076,3.553445587834309,0.33111366245694607,5,1.046875,1.046875,0.953125,0.0,0.00642939150401837,0.0,0.057864523536165335,0.4918484500574053,0.0,0.0,0.14246947082767977,0.07715269804822045,0.0,0.022043628013777267,0.0,0.0,0.0,0.0,0.0,0.0,0.031228473019517797,0.0,0.17096336499321574,0.0,0.029850746268656716,0.0,0.029850746268656716,0.4626865671641791,0.0,0.0,0.14925373134328357,0.0,0.0,0.1044776119402985,0.0,0.0,0.0,0.0,0.0,0.0,0.0,0.0,0.22388059701492538
20.0,148,0.051104436194855135,0.7895484243713797,3.4926049929449,0.05368713217650983,0.819997808298631,3.5389757661802466,0.47582980619291615,5,1.046875,1.046875,0.890625,0.0,0.030998851894374287,0.0,0.061997703788748575,0.5166475315729048,0.0,0.0,0.11762085096903542,0.0,0.0,0.0,0.061997703788748575,0.0,0.0,0.03430608153263533,0.0,0.0,0.024504343951882376,0.0,0.15192693250167075,0.0,0.029850746268656716,0.0,0.0,0.4626865671641791,0.0,0.0,0.14925373134328357,0.0,0.0,0.13432835820895522,0.0,0.0,0.0,0.0,0.0,0.0,0.0,0.0,0.22388059701492538
20.0,149,0.05105972570566185,0.8022313866557786,3.5502620544016117,0.05151683060264822,0.8090559653711819,3.5645441323707696,0.17976294995610187,5,1.0625,1.046875,0.90625,0.0,0.005597014925373134,0.0,0.01382791922739245,0.4701492537313433,0.0,0.0,0.12445127304653206,0.0,0.0,0.12445127304653206,0.014925373134328358,0.0,0.0,0.01285878300803674,0.0,0.009328358208955223,0.016991963260619976,0.0,0.20741878841088673,0.0,0.029411764705882353,0.0,0.029411764705882353,0.45588235294117646,0.0,0.0,0.14705882352941177,0.0,0.0,0.10294117647058823,0.0,0.0,0.0,0.0,0.0,0.0,0.0,0.0,0.23529411764705882
20.0,150,0.0600595924212911,0.8324700604892559,3.396858317455183,0.05278861638337149,0.8154586266052702,3.5492107796239822,0.40948643693130216,4,1.046875,1.046875,1.0,0.0,0.019747416762342134,0.0,0.03949483352468427,0.4936854190585534,0.0,0.0,0.08019603475161506,0.10692804633548673,0.0,0.08886337543053961,0.03742481621742036,0.0,0.0,0.0,0.0,0.0,0.0,0.0,0.13366005791935842,0.0,0.014925373134328358,0.0,0.014925373134328358,0.4626865671641791,0.0,0.0,0.16417910447761194,0.0,0.0,0.13432835820895522,0.0,0.0,0.0,0.0,0.0,0.0,0.0,0.0,0.208955223880597
20.0,151,0.05444499952150754,0.8123208374329133,3.481357270886162,0.05416067028957555,0.8218568896302603,3.531459133792123,0.3043871551334238,5,1.046875,1.046875,0.875,0.0,0.0,0.0,0.025780189959294438,0.5156037991858887,0.0,0.0,0.19335142469470828,0.0,0.0,0.11601085481682497,0.0,0.0,0.0,0.02487562189054726,0.0,0.0,0.04522840343735866,0.0,0.07914970601537764,0.0,0.029850746268656716,0.0,0.029850746268656716,0.4626865671641791,0.0,0.0,0.16417910447761194,0.0,0.0,0.11940298507462686,0.0,0.0,0.0,0.0,0.0,0.0,0.0,0.0,0.19402985074626866
20.0,152,0.06194326042431561,0.8483382809835658,3.408568564009571,0.053038877711988244,0.8165693258749759,3.545650291678519,0.2610003941258119,5,1.046875,1.046875,0.984375,0.0,0.06660726219648029,0.0,0.030309988518943745,0.4849598163030999,0.0,0.0,0.10759634662508354,0.05051664753157291,0.0,0.09092996555683124,0.020494542214301626,0.0,0.0,0.0,0.0,0.0,0.0,0.0,0.14858543105368677,0.0,0.04477611940298507,0.0,0.014925373134328358,0.4626865671641791,0.0,0.0,0.16417910447761194,0.0,0.0,0.1044776119402985,0.0,0.0,0.0,0.0,0.0,0.0,0.0,0.0,0.208955223880597
20.0,153,0.05194332493457736,0.8037183501567002,3.5264603988579375,0.05351602032162213,0.8191788212753848,3.541088742907328,0.2576349024110218,5,1.046875,1.046875,0.984375,0.0,0.010562571756601608,0.0,0.03168771526980482,0.4753157290470723,0.0,0.0,0.14246947082767977,0.04225028702640643,0.0,0.08450057405281286,0.04225028702640643,0.0,0.0,0.0,0.0,0.0,0.0,0.0,0.17096336499321574,0.0,0.029850746268656716,0.0,0.0,0.4626865671641791,0.0,0.0,0.16417910447761194,0.0,0.0,0.13432835820895522,0.0,0.0,0.0,0.0,0.0,0.0,0.0,0.0,0.208955223880597
20.0,154,0.056146858227357946,0.8243637904526058,3.4790140095487865,0.053038877711988244,0.8165693258749759,3.545650291678519,0.2778597683225663,5,1.046875,1.046875,0.921875,0.0,0.0,0.0,0.013588772555134774,0.5027845845399866,0.0,0.0,0.07136194029850745,0.0,0.0,0.13588772555134773,0.0,0.0,0.009794776119402984,0.0,0.0,0.008395522388059701,0.0,0.0,0.25818667854756067,0.0,0.04477611940298507,0.0,0.014925373134328358,0.4626865671641791,0.0,0.0,0.16417910447761194,0.0,0.0,0.1044776119402985,0.0,0.0,0.0,0.0,0.0,0.0,0.0,0.0,0.208955223880597
20.0,155,0.05392696123263403,0.8164920202793957,3.5160008415292263,0.05478766535128192,0.8250217346655221,3.5247148862220214,0.17837973593570616,5,1.046875,1.046875,0.984375,0.0,0.020206659012629163,0.0,0.04041331802525833,0.5051664753157291,0.0,0.0,0.14925373134328357,0.0,0.0,0.09092996555683124,0.0,0.0,0.0,0.0,0.0,0.021222014925373137,0.0,0.0,0.17280783582089554,0.0,0.029850746268656716,0.0,0.014925373134328358,0.4626865671641791,0.0,0.0,0.16417910447761194,0.0,0.0,0.13432835820895522,0.0,0.0,0.0,0.0,0.0,0.0,0.0,0.0,0.19402985074626866
20.0,156,0.05328127004599294,0.8011353582767775,3.4707123058008182,0.053654945205869484,0.8194424586637782,3.537639585460425,0.3977803291236127,4,1.046875,1.046875,0.984375,0.0,0.021584385763490244,0.0,0.0,0.4856486796785304,0.0,0.0,0.13432835820895522,0.05396096440872561,0.0,0.09712973593570609,0.04316877152698049,0.0,0.0,0.02736318407960199,0.0,0.0,0.04477611940298507,0.0,0.09203980099502487,0.0,0.014925373134328358,0.0,0.0,0.4626865671641791,0.0,0.0,0.14925373134328357,0.0,0.0,0.14925373134328357,0.0,0.0,0.0,0.0,0.0,0.0,0.0,0.0,0.22388059701492538
20.0,157,0.059021336608009796,0.830694152558207,3.4192954879476756,0.05449649037759723,0.8232312262883594,3.5264486828338297,0.38444142921754865,5,1.046875,1.046875,0.9375,0.0,0.0,0.0,0.0,0.5180252583237658,0.0,0.003498134328358209,0.03165988240615106,0.030529172320217096,0.0,0.11871412169919633,0.06475315729047072,0.0,0.0,0.0,0.0,0.0,0.01243781094527363,0.0,0.22038246268656717,0.0,0.04477611940298507,0.0,0.029850746268656716,0.4626865671641791,0.0,0.0,0.14925373134328357,0.0,0.0,0.1044776119402985,0.0,0.0,0.0,0.0,0.0,0.0,0.0,0.0,0.208955223880597
20.0,158,0.057829937811797995,0.8248366376126103,3.4299799436123357,0.054301776315335386,0.8226758766535065,3.530382360106943,0.3593361862018578,5,1.046875,1.046875,0.953125,0.0,0.010792192881745122,0.0,0.04316877152698049,0.4964408725602756,0.0,0.0037313432835820895,0.02170963364993216,0.02261420171867933,0.0,0.08633754305396098,0.06475315729047072,0.0,0.0,0.013568521031207597,0.0,0.0,0.0018091361374943465,0.0,0.23507462686567163,0.0,0.029850746268656716,0.0,0.029850746268656716,0.4626865671641791,0.0,0.0,0.14925373134328357,0.0,0.0,0.11940298507462686,0.0,0.0,0.0,0.0,0.0,0.0,0.0,0.0,0.208955223880597
20.0,159,0.048147941377299705,0.7809456235279869,3.559032336332833,0.053212312826758146,0.8173883128982221,3.5434177475690003,0.3161361870618894,5,1.046875,1.0625,0.984375,0.0,0.014005602240896359,0.0,0.021008403361344536,0.49517120280948196,0.0,0.0,0.19600526777875327,0.0676937441643324,0.0,0.04435107376283847,0.0,0.0,0.0,0.0,0.00505514705882353,0.0,0.0,0.0,0.1567095588235294,0.0,0.04477611940298507,0.0,0.014925373134328358,0.4626865671641791,0.0,0.0,0.14925373134328357,0.0,0.0,0.1044776119402985,0.0,0.0,0.0,0.0,0.0,0.0,0.0,0.0,0.22388059701492538
20.0,160,0.05013832882315684,0.8010799298620477,3.5775929330739302,0.054692667608698765,0.8240502133116057,3.5236204589910534,0.17821341055914464,5,1.046875,1.046875,0.90625,0.0,0.02450434395188238,0.0,0.02450434395188238,0.47783470706170644,0.0,0.0,0.20828692359100023,0.0,0.0,0.08576520383158832,0.0,0.0,0.0,0.0,0.0,0.0,0.0,0.0,0.1791044776119403,0.0,0.04477611940298507,0.0,0.029850746268656716,0.4626865671641791,0.0,0.0,0.13432835820895522,0.0,0.0,0.1044776119402985,0.0,0.0,0.0,0.0,0.0,0.0,0.0,0.0,0.22388059701492538
20.0,161,0.053197249926736384,0.8024798166639121,3.4792811754441195,0.052955972452222735,0.8162776136285166,3.547157010242936,0.39535655058043123,5,1.046875,1.046875,0.984375,0.0,0.0,0.0,0.016583747927031506,0.5522388059701493,0.0,0.0,0.14925373134328357,0.04975124378109452,0.0,0.03814262023217247,0.056716417910447764,0.0,0.0,0.0,0.0,0.0,0.0,0.0,0.1373134328358209,0.0,0.014925373134328358,0.0,0.014925373134328358,0.4626865671641791,0.0,0.0,0.14925373134328357,0.0,0.0,0.13432835820895522,0.0,0.0,0.0,0.0,0.0,0.0,0.0,0.0,0.22388059701492538
20.0,162,0.05260070165211746,0.8016818709501563,3.495475753719063,0.05580537147127876,0.829884873801665,3.5130137298566706,0.32562235464468703,5,1.046875,1.046875,0.984375,0.0,0.060147026063711286,0.0,0.01632462686567164,0.4932056137224326,0.0,0.0,0.07416044776119403,0.03264925373134328,0.0,0.03101679104477612,0.02448694029850746,0.0,0.0,0.0,0.0,0.015391791044776119,0.0,0.0,0.25261750946758743,0.0,0.029850746268656716,0.0,0.014925373134328358,0.5074626865671642,0.0,0.0,0.14925373134328357,0.0,0.0,0.1044776119402985,0.0,0.0,0.0,0.0,0.0,0.0,0.0,0.0,0.19402985074626866
20.0,163,0.05876434173809894,0.8311112645334748,3.4284848187588692,0.05563990157460111,0.8290055667240299,3.5145058478937403,0.43127022231499845,5,1.046875,1.046875,0.96875,0.0,0.02532790592492085,0.0,0.04041331802525833,0.5152698048220437,0.0,0.0,0.0506558118498417,0.0,0.0,0.10103329506314582,0.012663952962460425,0.0,0.0,0.07921928817451206,0.0,0.0,0.03075531433740389,0.0,0.14466130884041334,0.0,0.029850746268656716,0.0,0.0,0.4626865671641791,0.0,0.0,0.14925373134328357,0.0,0.0,0.14925373134328357,0.0,0.0,0.0,0.0,0.0,0.0,0.0,0.0,0.208955223880597
20.0,164,0.054349798047791636,0.7997422836495611,3.43044997954387,0.05583447180889758,0.8298245537472762,3.5118428613832418,0.5623727951153323,5,1.046875,1.046875,0.96875,0.0,0.0,0.0,0.03595658073270013,0.5153776571687019,0.0,0.0,0.0865205223880597,0.0,0.0,0.10786974219810039,0.0,0.0,0.0,0.13184079601990048,0.0,0.017957089552238806,0.042740841248303935,0.0,0.061736770691994576,0.0,0.029850746268656716,0.0,0.0,0.4626865671641791,0.0,0.0,0.13432835820895522,0.0,0.0,0.14925373134328357,0.0,0.0,0.0,0.0,0.0,0.0,0.0,0.0,0.22388059701492538
20.0,165,0.055168352413395835,0.806965026909584,3.4356562627212925,0.05421737087873497,0.8225316508137668,3.5325099318368935,0.4121725159818276,5,1.046875,1.046875,0.890625,0.0,0.023518769787426504,0.0,0.011759384893713252,0.4703753957485301,0.0,0.15287200361827227,0.08019603475161506,0.0,0.0,0.11759384893713253,0.04009801737580753,0.0,0.0,0.0,0.0,0.0,0.0,0.0,0.10358654488750278,0.0,0.029850746268656716,0.0,0.014925373134328358,0.4925373134328358,0.0,0.0,0.14925373134328357,0.0,0.0,0.1044776119402985,0.0,0.0,0.0,0.0,0.0,0.0,0.0,0.0,0.208955223880597
20.0,166,0.054833302062499686,0.7997943749492266,3.4155145945009973,0.05478766535128192,0.8250217346655221,3.5247148862220214,0.5481384287354437,5,1.046875,1.046875,0.984375,0.0,0.01279317697228145,0.008266360505166475,0.017057569296375266,0.5522388059701493,0.0,0.0,0.08266360505166476,0.049040511727078885,0.0,0.042643923240938165,0.043398392652123995,0.0,0.01279317697228145,0.06061997703788748,0.0,0.008266360505166475,0.0,0.0,0.11021814006888633,0.0,0.029850746268656716,0.0,0.014925373134328358,0.4626865671641791,0.0,0.0,0.16417910447761194,0.0,0.0,0.13432835820895522,0.0,0.0,0.0,0.0,0.0,0.0,0.0,0.0,0.19402985074626866
20.0,167,0.056011301840269506,0.824441758943312,3.4835507968371293,0.05494935482364556,0.8255770843003748,3.5218944068948983,0.328817451205511,5,1.046875,1.046875,0.921875,0.0,0.0,0.0,0.0,0.49454221430162626,0.0,0.0,0.05947187141216991,0.0,0.0,0.14702606371129429,0.0,0.0,0.0,0.04500574052812859,0.0,0.0,0.0,0.0,0.25395411004678103,0.0,0.04477611940298507,0.0,0.014925373134328358,0.4626865671641791,0.0,0.0,0.16417910447761194,0.0,0.0,0.11940298507462686,0.0,0.0,0.0,0.0,0.0,0.0,0.0,0.0,0.19402985074626866
20.0,168,0.048150415708923505,0.7714462556887041,3.515650182598947,0.05761235130374863,0.8373054411839059,3.4883986788725765,0.42777185501066095,5,1.046875,1.046875,0.984375,0.0,0.005212035062781331,0.0,0.007581141909500118,0.5060849598163031,0.0,0.0,0.10176390773405698,0.017057569296375266,0.0,0.08675373134328358,0.0,0.0,0.0,0.0923507462686567,0.0,0.06107921928817451,0.0,0.0,0.12211668928086838,0.0,0.029850746268656716,0.0,0.014925373134328358,0.4626865671641791,0.0,0.0,0.1044776119402985,0.0,0.0,0.14925373134328357,0.0,0.0,0.0,0.0,0.0,0.0,0.0,0.0,0.23880597014925373
20.0,169,0.05550010678011278,0.805721834746673,3.420095425608637,0.05351602032162213,0.8191788212753848,3.541088742907328,0.4072535052012663,5,1.046875,1.046875,0.953125,0.0032649253731343282,0.023066485753052916,0.0,0.023066485753052916,0.5074626865671641,0.0,0.0,0.012663952962460425,0.012211668928086838,0.0,0.09226594301221167,0.04613297150610583,0.0,0.0,0.0,0.0,0.06919945725915876,0.004975124378109453,0.0,0.20569029850746268,0.0,0.029850746268656716,0.0,0.0,0.4626865671641791,0.0,0.0,0.16417910447761194,0.0,0.0,0.13432835820895522,0.0,0.0,0.0,0.0,0.0,0.0,0.0,0.0,0.208955223880597
20.0,170,0.051814385535146654,0.8043051326317208,3.5334232633436313,0.055094216635441846,0.826396071323621,3.520750403264953,0.2020665901262916,5,1.046875,1.046875,0.953125,0.0,0.0,0.0,0.030998851894374287,0.4856486796785304,0.0,0.0,0.14925373134328357,0.061997703788748575,0.0,0.09299655568312286,0.0,0.0,0.0,0.0,0.0,0.0,0.0,0.0,0.1791044776119403,0.0,0.04477611940298507,0.0,0.014925373134328358,0.4626865671641791,0.0,0.0,0.14925373134328357,0.0,0.0,0.11940298507462686,0.0,0.0,0.0,0.0,0.0,0.0,0.0,0.0,0.208955223880597
20.0,171,0.05218956258959562,0.7914487409967339,3.464423406109036,0.053212312826758146,0.8173883128982221,3.5434177475690003,0.4160595623282191,4,1.046875,1.046875,1.015625,0.0,0.028932261768082664,0.0,0.031207598371777476,0.4473089099954771,0.0,0.0,0.08059701492537313,0.010402532790592492,0.0,0.1248303934871099,0.02479908151549943,0.0,0.0,0.06337543053960965,0.0,0.07281772953414745,0.0,0.0,0.11572904707233066,0.0,0.04477611940298507,0.0,0.014925373134328358,0.4626865671641791,0.0,0.0,0.14925373134328357,0.0,0.0,0.1044776119402985,0.0,0.0,0.0,0.0,0.0,0.0,0.0,0.0,0.22388059701492538
20.0,172,0.05184037493497781,0.7886318276235494,3.463699711278743,0.054494914023477586,0.8234948636767527,3.5276290377930675,0.48164074731238915,4,1.046875,1.046875,1.0,0.0,0.05457089552238806,0.0,0.053731343283582096,0.45671641791044776,0.0,0.04133180252583238,0.1394589552238806,0.07164179104477612,0.0,0.03719862227324914,0.011021814006888633,0.0,0.0,0.024423337856173677,0.0,0.0,0.03867028493894166,0.0,0.07123473541383989,0.0,0.029850746268656716,0.0,0.029850746268656716,0.4626865671641791,0.0,0.0,0.13432835820895522,0.0,0.0,0.11940298507462686,0.0,0.0,0.0,0.0,0.0,0.0,0.0,0.0,0.22388059701492538
20.0,173,0.0486273597270085,0.7706926807277606,3.4949493778135188,0.054301776315335386,0.8226758766535065,3.530382360106943,0.43826322930800543,5,1.046875,1.046875,0.953125,0.0,0.0237449118046133,0.0,0.02849389416553596,0.44685662596110354,0.0,0.0,0.13297150610583447,0.042740841248303935,0.0,0.08548168249660787,0.027137042062415195,0.0,0.0,0.028946178199909543,0.0,0.0,0.12030755314337403,0.0,0.06331976481230212,0.0,0.029850746268656716,0.0,0.029850746268656716,0.4626865671641791,0.0,0.0,0.14925373134328357,0.0,0.0,0.11940298507462686,0.0,0.0,0.0,0.0,0.0,0.0,0.0,0.0,0.208955223880597
20.0,174,0.05764486441329027,0.8312369814518703,3.4621393618037852,0.054692667608698765,0.8240502133116057,3.5236204589910534,0.2153040766317666,5,1.046875,1.046875,0.890625,0.0,0.020522388059701493,0.0,0.030783582089552237,0.5027985074626866,0.0,0.0,0.12296725328580975,0.0,0.0,0.10261194029850747,0.05635999108932947,0.0,0.0,0.0,0.0,0.0,0.010247271107150813,0.0,0.1537090666072622,0.0,0.04477611940298507,0.0,0.029850746268656716,0.4626865671641791,0.0,0.0,0.13432835820895522,0.0,0.0,0.1044776119402985,0.0,0.0,0.0,0.0,0.0,0.0,0.0,0.0,0.22388059701492538
20.0,175,0.05898677538324309,0.826867056853089,3.4045393793960916,0.054494914023477586,0.8234948636767527,3.5276290377930675,0.361386250565355,5,1.046875,1.046875,0.890625,0.0,0.022043628013777267,0.001582994120307553,0.022043628013777267,0.5180252583237658,0.0,0.049072817729534146,0.053821800090456805,0.05510907003444317,0.0,0.0991963260619977,0.0,0.0,0.019589552238805968,0.0,0.0,0.0,0.0,0.0,0.15951492537313433,0.0,0.029850746268656716,0.0,0.029850746268656716,0.4626865671641791,0.0,0.0,0.13432835820895522,0.0,0.0,0.11940298507462686,0.0,0.0,0.0,0.0,0.0,0.0,0.0,0.0,0.22388059701492538
20.0,176,0.055260195437888,0.8149480000688736,3.466759306062008,0.05478766535128192,0.8250217346655221,3.5247148862220214,0.34963581009470956,5,1.046875,1.046875,0.875,0.0,0.039429717086210736,0.0,0.013143239028736911,0.49944308309200264,0.0,0.0,0.23657830251726442,0.0,0.0,0.09200267320115839,0.0235187697874265,0.0,0.0,0.0,0.0,0.0,0.032564450474898234,0.0,0.06331976481230212,0.0,0.029850746268656716,0.0,0.014925373134328358,0.4626865671641791,0.0,0.0,0.16417910447761194,0.0,0.0,0.13432835820895522,0.0,0.0,0.0,0.0,0.0,0.0,0.0,0.0,0.19402985074626866
20.0,177,0.05146566514412936,0.7911978482443965,3.4875970567555443,0.052729384988563194,0.8151949892168768,3.550055547943658,0.43748788524907917,5,1.046875,1.046875,0.90625,0.0,0.01279317697228145,0.0,0.019189765458422173,0.523947427043885,0.0,0.0,0.2073958565382045,0.06183368869936034,0.0,0.04051172707889126,0.030529172320217096,0.0,0.0,0.032564450474898234,0.0,0.0,0.0,0.0,0.07123473541383989,0.0,0.029850746268656716,0.0,0.014925373134328358,0.4626865671641791,0.0,0.0,0.1791044776119403,0.0,0.0,0.11940298507462686,0.0,0.0,0.0,0.0,0.0,0.0,0.0,0.0,0.19402985074626866
20.0,178,0.057200965843759985,0.8236789504300992,3.443945629497676,0.05577464550298518,0.8295609163588828,3.5126095144224303,0.3948439620081411,5,1.046875,1.046875,0.890625,0.0,0.02849389416553596,0.0,0.02849389416553596,0.5074626865671642,0.0,0.0,0.13297150610583447,0.042740841248303935,0.0,0.08073270013568522,0.04070556309362279,0.0,0.0,0.04070556309362279,0.0,0.0,0.0,0.0,0.0976933514246947,0.0,0.04477611940298507,0.0,0.0,0.4626865671641791,0.0,0.0,0.14925373134328357,0.0,0.0,0.13432835820895522,0.0,0.0,0.0,0.0,0.0,0.0,0.0,0.0,0.208955223880597
20.0,179,0.04914380812860472,0.7772848110456008,3.50627340714958,0.05492948764011889,0.8258407216887683,3.5236561327839153,0.5221147012191789,5,1.046875,1.046875,0.984375,0.0,0.0,0.0,0.01066098081023454,0.5774114502116284,0.0,0.0,0.2285586990421029,0.0,0.0,0.019900497512437807,0.0,0.0,0.01421464108031272,0.05281285878300804,0.0,0.0,0.0,0.0,0.09644087256027555,0.0,0.029850746268656716,0.0,0.014925373134328358,0.4626865671641791,0.0,0.0,0.14925373134328357,0.0,0.0,0.13432835820895522,0.0,0.0,0.0,0.0,0.0,0.0,0.0,0.0,0.208955223880597
20.0,180,0.05873614100464926,0.8309505450349686,3.4286446156591874,0.053038877711988244,0.8165693258749759,3.545650291678519,0.3272796854886407,5,1.046875,1.046875,0.984375,0.0,0.022043628013777267,0.0,0.022043628013777267,0.5180252583237658,0.0,0.03505201266395296,0.03957485300768882,0.0661308840413318,0.0,0.08817451205510907,0.0,0.0,0.0,0.0,0.0,0.0,0.0,0.0,0.208955223880597,0.0,0.04477611940298507,0.0,0.014925373134328358,0.4626865671641791,0.0,0.0,0.16417910447761194,0.0,0.0,0.1044776119402985,0.0,0.0,0.0,0.0,0.0,0.0,0.0,0.0,0.208955223880597
20.0,181,0.05291523007959768,0.7809660129708969,3.3950157214367747,0.053018144489801994,0.8168329632633693,3.547488474793131,0.7049603381692935,5,1.046875,1.046875,0.890625,0.0,0.006199770378874856,0.0,0.0661308840413318,0.5180252583237658,0.0,0.0,0.049440298507462684,0.0661308840413318,0.0,0.01928817451205511,0.0661308840413318,0.0,0.010261194029850746,0.032564450474898234,0.0,0.01928817451205511,0.051560379918588875,0.0,0.09497964721845317,0.0,0.029850746268656716,0.0,0.014925373134328358,0.4626865671641791,0.0,0.0,0.14925373134328357,0.0,0.0,0.11940298507462686,0.0,0.0,0.0,0.0,0.0,0.0,0.0,0.0,0.22388059701492538
20.0,182,0.05495250841639158,0.810398890865801,3.4570453541965374,0.05563990157460111,0.8290055667240299,3.5145058478937403,0.4713661131571579,5,1.046875,1.046875,0.90625,0.0,0.013266998341625206,0.0,0.07217643127645355,0.5052350189351749,0.0,0.0,0.033921302578018994,0.060649135276000944,0.0,0.04548685145700071,0.0,0.0,0.0,0.023744911804613293,0.0,0.0,0.016960651289009497,0.0,0.2285586990421029,0.0,0.029850746268656716,0.0,0.0,0.4626865671641791,0.0,0.0,0.14925373134328357,0.0,0.0,0.14925373134328357,0.0,0.0,0.0,0.0,0.0,0.0,0.0,0.0,0.208955223880597
20.0,183,0.05330557229436408,0.8137251692701755,3.5244507334621873,0.05478766535128192,0.8250217346655221,3.5247148862220214,0.16991963260619986,5,1.046875,1.046875,0.9375,0.0,0.020665901262916193,0.0,0.010332950631458096,0.4959816303099886,0.0,0.0,0.14925373134328357,0.05166475315729048,0.0,0.09299655568312286,0.0,0.0,0.0,0.0,0.0,0.0,0.0,0.0,0.1791044776119403,0.0,0.029850746268656716,0.0,0.014925373134328358,0.4626865671641791,0.0,0.0,0.16417910447761194,0.0,0.0,0.13432835820895522,0.0,0.0,0.0,0.0,0.0,0.0,0.0,0.0,0.19402985074626866
20.0,184,0.050821352288714955,0.7892485596937546,3.5009885433766095,0.055123341611338215,0.8266597087120146,3.520943063523105,0.40355436746615186,5,1.046875,1.046875,0.9375,0.0,0.03582089552238806,0.0,0.016583747927031506,0.49253731343283585,0.0,0.0,0.10759634662508354,0.04975124378109452,0.0,0.03814262023217247,0.053731343283582096,0.0,0.0,0.03274671419024282,0.0,0.0,0.02806861216306527,0.0,0.1450211628425039,0.0,0.029850746268656716,0.0,0.014925373134328358,0.4626865671641791,0.0,0.0,0.13432835820895522,0.0,0.0,0.13432835820895522,0.0,0.0,0.0,0.0,0.0,0.0,0.0,0.0,0.22388059701492538
20.0,185,0.05506598901386572,0.7968839385461217,3.3958879480882045,0.055123341611338215,0.8266597087120146,3.520943063523105,0.5707894095953797,4,1.046875,1.046875,0.984375,0.0,0.0,0.012399540757749712,0.0,0.5128900949796472,0.0,0.0,0.05540479421076436,0.0,0.0,0.12211668928086838,0.024423337856173677,0.0,0.0027554535017221583,0.14654002713704206,0.0,0.0,0.049072817729534146,0.0,0.07439724454649828,0.0,0.029850746268656716,0.0,0.014925373134328358,0.4626865671641791,0.0,0.0,0.13432835820895522,0.0,0.0,0.13432835820895522,0.0,0.0,0.0,0.0,0.0,0.0,0.0,0.0,0.22388059701492538
20.0,186,0.05485657071231667,0.813317433702518,3.472527983903022,0.053038877711988244,0.8165693258749759,3.545650291678519,0.312743972445465,5,1.046875,1.046875,0.984375,0.0,0.021125143513203215,0.0,0.0,0.4964408725602755,0.0,0.0,0.14925373134328357,0.0,0.0,0.10562571756601608,0.06337543053960965,0.0,0.0,0.05809414466130884,0.0,0.0,0.0,0.0,0.1060849598163031,0.0,0.04477611940298507,0.0,0.014925373134328358,0.4626865671641791,0.0,0.0,0.16417910447761194,0.0,0.0,0.1044776119402985,0.0,0.0,0.0,0.0,0.0,0.0,0.0,0.0,0.208955223880597
20.0,187,0.05700472434925151,0.8242468673543234,3.4522471539966517,0.05577464550298518,0.8295609163588828,3.5126095144224303,0.3164179104477612,5,1.046875,1.046875,0.890625,0.0,0.021125143513203215,0.0,0.010562571756601608,0.5070034443168772,0.0,0.0,0.14925373134328357,0.05281285878300804,0.0,0.09506314580941447,0.04799081515499426,0.0,0.0,0.0,0.0,0.0025258323765786454,0.0,0.0,0.11366245694603903,0.0,0.04477611940298507,0.0,0.0,0.4626865671641791,0.0,0.0,0.14925373134328357,0.0,0.0,0.13432835820895522,0.0,0.0,0.0,0.0,0.0,0.0,0.0,0.0,0.208955223880597
20.0,188,0.05993220671309005,0.829951016596409,3.3901766384015875,0.05577464550298518,0.8295609163588828,3.5126095144224303,0.44117176355982335,5,1.046875,1.046875,0.875,0.0,0.021584385763490244,0.005653550429669832,0.021584385763490244,0.4964408725602756,0.0,0.0,0.03957485300768882,0.06475315729047072,0.0,0.09712973593570609,0.06544202066590127,0.0,0.0,0.029398462234283124,0.0,0.0,0.0,0.0,0.1584385763490241,0.0,0.04477611940298507,0.0,0.0,0.4626865671641791,0.0,0.0,0.14925373134328357,0.0,0.0,0.13432835820895522,0.0,0.0,0.0,0.0,0.0,0.0,0.0,0.0,0.208955223880597
20.0,189,0.05270503822624657,0.8025438091449254,3.4957686443602087,0.055094216635441846,0.826396071323621,3.520750403264953,0.363072405940035,5,1.046875,1.046875,0.890625,0.0,0.01174455590897969,0.0,0.06950323011806639,0.4749387391401203,0.0,0.0,0.05947187141216991,0.011583871686344397,0.0,0.06068020552972841,0.04697822363591876,0.0,0.0,0.04500574052812859,0.0,0.0,0.0,0.0,0.22009356204054353,0.0,0.04477611940298507,0.0,0.014925373134328358,0.4626865671641791,0.0,0.0,0.14925373134328357,0.0,0.0,0.11940298507462686,0.0,0.0,0.0,0.0,0.0,0.0,0.0,0.0,0.208955223880597
20.0,190,0.04960377109556835,0.7822113249652042,3.5120990215538774,0.05243185941279285,0.8136681182281076,3.553445587834309,0.39318333704611275,4,1.046875,1.046875,0.984375,0.0,0.0,0.0,0.023066485753052916,0.4728629579375848,0.0,0.0,0.09623524170193806,0.0,0.0,0.10379918588873811,0.023066485753052916,0.0,0.0,0.1383989145183175,0.0,0.0,0.02494987747828024,0.0,0.1176208509690354,0.0,0.029850746268656716,0.0,0.029850746268656716,0.4626865671641791,0.0,0.0,0.14925373134328357,0.0,0.0,0.1044776119402985,0.0,0.0,0.0,0.0,0.0,0.0,0.0,0.0,0.22388059701492538
20.0,191,0.05370457472062078,0.8028570924159413,3.464436514733716,0.053018144489801994,0.8168329632633693,3.547488474793131,0.4034514925373135,5,1.046875,1.046875,0.90625,0.0,0.010261194029850746,0.0,0.0,0.5328580975718423,0.0,0.0,0.04757462686567164,0.061567164179104475,0.0,0.05387126865671642,0.0384794776119403,0.0,0.0065298507462686565,0.0,0.0,0.005597014925373134,0.0,0.0,0.24326130541323238,0.0,0.029850746268656716,0.0,0.014925373134328358,0.4626865671641791,0.0,0.0,0.14925373134328357,0.0,0.0,0.11940298507462686,0.0,0.0,0.0,0.0,0.0,0.0,0.0,0.0,0.22388059701492538
20.0,192,0.056992513516461125,0.8240558944054617,3.45181701162734,0.055123341611338215,0.8266597087120146,3.520943063523105,0.3740388964269561,5,1.046875,1.046875,0.875,0.0,0.03867028493894166,0.0,0.012890094979647219,0.5027137042062415,0.0,0.0,0.19335142469470828,0.0,0.0,0.10312075983717775,0.029398462234283124,0.0,0.0,0.020352781546811395,0.0,0.0,0.029398462234283124,0.0,0.07010402532790593,0.0,0.029850746268656716,0.0,0.014925373134328358,0.4626865671641791,0.0,0.0,0.13432835820895522,0.0,0.0,0.13432835820895522,0.0,0.0,0.0,0.0,0.0,0.0,0.0,0.0,0.22388059701492538
20.0,193,0.05460762980998567,0.8225283826711474,3.519850593958599,0.05226218008405941,0.8128491312048614,3.5556269135393332,0.12313432835820895,5,1.046875,1.046875,0.875,0.0,0.0,0.0,0.041044776119402986,0.5130597014925373,0.0,0.0,0.15083672546359114,0.0,0.0,0.10261194029850747,0.0,0.0,0.0,0.0,0.0,0.0,0.0,0.0,0.1924468566259611,0.0,0.029850746268656716,0.0,0.029850746268656716,0.4626865671641791,0.0,0.0,0.16417910447761194,0.0,0.0,0.1044776119402985,0.0,0.0,0.0,0.0,0.0,0.0,0.0,0.0,0.208955223880597
20.0,194,0.053804247100735995,0.8072867073216397,3.4803227646653987,0.05583447180889758,0.8298245537472762,3.5118428613832418,0.44966549055397054,4,1.046875,1.046875,0.96875,0.0,0.0021665864227250844,0.0,0.006259027443428021,0.5168188906215192,0.0,0.0,0.23256850077968366,0.0,0.0,0.11628425038984183,0.006499759268175253,0.0,0.0,0.02532790592492085,0.0,0.0,0.034373586612392586,0.0,0.05970149253731343,0.0,0.029850746268656716,0.0,0.0,0.4626865671641791,0.0,0.0,0.13432835820895522,0.0,0.0,0.14925373134328357,0.0,0.0,0.0,0.0,0.0,0.0,0.0,0.0,0.22388059701492538
20.0,195,0.04932495011151886,0.7873129006788997,3.5449820492815762,0.055629067428111766,0.8287419293356366,3.5137302889953093,0.3437358661239258,5,1.046875,1.046875,0.890625,0.0,0.031421838177533384,0.0,0.04296698326549073,0.39529624604251473,0.0,0.0,0.12890094979647218,0.01718679330619629,0.0,0.11783189316575018,0.01718679330619629,0.0,0.0,0.0773405698778833,0.0,0.0,0.01718679330619629,0.0,0.1546811397557666,0.0,0.04477611940298507,0.0,0.0,0.4626865671641791,0.0,0.0,0.16417910447761194,0.0,0.0,0.13432835820895522,0.0,0.0,0.0,0.0,0.0,0.0,0.0,0.0,0.19402985074626866
20.0,196,0.05489275030381632,0.8134763380382128,3.4720616626090046,0.054494914023477586,0.8234948636767527,3.5276290377930675,0.33876769996172973,4,1.046875,1.046875,0.984375,0.0,0.05903319224771663,0.0,0.016583747927031506,0.5076854533303631,0.0,0.0,0.05947187141216991,0.04975124378109452,0.0,0.03814262023217247,0.0,0.0,0.0,0.04500574052812859,0.0,0.0,0.0,0.0,0.22432613054132322,0.0,0.029850746268656716,0.0,0.029850746268656716,0.4626865671641791,0.0,0.0,0.13432835820895522,0.0,0.0,0.11940298507462686,0.0,0.0,0.0,0.0,0.0,0.0,0.0,0.0,0.22388059701492538
20.0,197,0.05528087566747529,0.8063133934408133,3.4293863658640786,0.05492948764011889,0.8258407216887683,3.5236561327839153,0.47030472636815907,5,1.046875,1.046875,0.96875,0.0,0.011985526910900044,0.0,0.03595658073270013,0.5033921302578018,0.0,0.00542740841248304,0.0065581184984170055,0.011985526910900044,0.0,0.09588421528720036,0.0029398462234283126,0.0,0.0,0.13184079601990048,0.0,0.021222014925373137,0.0,0.0,0.17280783582089554,0.0,0.029850746268656716,0.0,0.014925373134328358,0.4626865671641791,0.0,0.0,0.14925373134328357,0.0,0.0,0.13432835820895522,0.0,0.0,0.0,0.0,0.0,0.0,0.0,0.0,0.208955223880597
20.0,198,0.0553284298101961,0.8126963444728547,3.45504838449877,0.053677164068680075,0.8197341709102375,3.5381664320650814,0.42842605156037994,5,1.046875,1.046875,0.75,0.0,0.04477611940298507,0.0,0.018656716417910446,0.5226108264646915,0.0,0.0,0.033921302578018994,0.03731343283582089,0.0,0.03544776119402985,0.027985074626865673,0.0,0.0,0.02261420171867933,0.0,0.0,0.018091361374943462,0.0,0.2385832033860548,0.0,0.04477611940298507,0.0,0.0,0.4626865671641791,0.0,0.0,0.16417910447761194,0.0,0.0,0.11940298507462686,0.0,0.0,0.0,0.0,0.0,0.0,0.0,0.0,0.208955223880597
20.0,199,0.05651489313991606,0.8240459037098078,3.4663303482512795,0.05712569492011009,0.8356674671374135,3.496372913967413,0.2909443168771527,5,1.046875,1.046875,0.9375,0.0,0.030998851894374287,0.0,0.041331802525832385,0.5063145809414467,0.0,0.0,0.0679678530424799,0.0,0.0,0.09299655568312286,0.0,0.0,0.0,0.05143513203214696,0.0,0.0228544776119403,0.0,0.0,0.18610074626865672,0.0,0.029850746268656716,0.0,0.014925373134328358,0.4626865671641791,0.0,0.0,0.13432835820895522,0.0,0.0,0.14925373134328357,0.0,0.0,0.0,0.0,0.0,0.0,0.0,0.0,0.208955223880597
