combo_id,distance,dist_return,dist_risk,mean_d_return,mean_d_risk,caa_return_mean,aa_return_mean,caa_risk_mean,aa_risk_mean,caa_sharpe_mean,aa_sharpe_mean,n,gamma,beta,lambda_1,lambda_2,lambda_3
324,0.04984888781858983,0.03972293392762462,0.030116442966126044,0.0123871841554829,0.004651400459934009,0.8859979747262365,0.8736107905707537,0.07069822820682523,0.06604682774689122,3.3322263992908008,3.4001026368153346,40,2.7272539865225554,2.842975414451212,9.826805172301828,17.40535725094378,36.097659058496355
451,0.06278832981057114,0.04416642684210928,0.04462847858040497,0.02020911722393646,0.006614051087173984,0.9231113543771468,0.90290223715321,0.0801086112009763,0.07349456011380232,3.2626315259480285,3.330742470345837,40,4.535778444260359,2.044323624484241,7.884820141457022,7.250200857408345,24.391556225810202
251,0.06637055212269709,0.053185701946160305,0.03970303889585595,0.014182066197569862,0.005512437393828153,0.8662669349622952,0.8520848687647252,0.06667997705878512,0.06116753966495696,3.3548398980394736,3.4467915451689963,40,2.304556356742978,2.5447233705781405,4.257619744166732,19.73055915813893,17.105393478646874
384,0.07117383144242577,0.052473957601852396,0.048085320585328675,0.014171382443110092,0.004383011792575035,0.9522482603478142,0.9380768779047042,0.0880812630244785,0.08369825123190346,3.2085780089482725,3.2436760247042544,40,9.29924891423434,4.9276242105290295,8.310115126427263,15.907231217250228,25.2538602123037
148,0.07363296012863106,0.05598099299598225,0.04783242875381051,0.015703470654318128,0.004700142770895923,0.9145059752075166,0.8988025045531984,0.07748786423377858,0.07278772146288266,3.285326251454329,3.332909966241833,40,1.843036251142621,3.2033841543830937,6.317376671079546,14.308178472332656,22.01064033107832
171,0.08817724257981573,0.06912034351591878,0.05475038101439161,0.027155480434835712,0.007866662418982465,0.8969621125279987,0.8698066320931629,0.07409439200254214,0.06622772958355967,3.295432796368142,3.3820830875826795,40,2.101298462599516,2.2278837134130303,8.955349715892226,58.563146063126624,32.68736666366458
80,0.09416650032648072,0.06615188098965613,0.06701685180062895,0.004046558275073842,-0.00010942668353563362,0.9854455776040023,0.9813990193289286,0.0988499918377187,0.09895941852125434,3.134411411894356,3.1209673868524077,40,9.594391419552267,4.107220804691314,5.632187387347221,19.004510446451604,14.486580688413232
198,0.09973759049630905,0.0671416918033026,0.0737535096100502,0.04089995403815141,0.010571742277033253,0.9995692173602263,0.958669263322075,0.1040157558356534,0.09344401355862013,3.0995005609135724,3.13810309570092,40,12.649623707868159,4.29471851112321,4.982129462715238,35.9300560830161,12.959846229851244
215,0.1002164977003183,0.09002023075878107,0.0440420760801953,-0.0019394402611334044,0.0017123481583881945,0.8540987307601104,0.8560381710212438,0.06340163288522316,0.06168928472683497,3.393468566379398,3.4468687607137083,40,6.578661100007594,1.2389855870045723,7.4388034481555225,8.94877678528428,27.7764473637566
20,0.10759025373092737,0.07712789938686573,0.07501299776741925,0.0038546518718417188,0.0007258777342464849,0.9751882752879816,0.9713336234161398,0.09537748067967325,0.09465160294542677,3.157693192465497,3.159572444484129,40,1.690690852701664,4.194705548323691,9.86227470599115,26.278117670677602,27.39358097650111
87,0.11215974966579452,0.07939634068019212,0.07922140198007459,0.02141175465661583,0.004456457941574075,0.9998292836759003,0.9784175290192844,0.104187829238978,0.09973137129740392,3.097704041760425,3.100183013297824,40,6.43645132984966,1.5605321595445276,8.818229591939598,47.3605465143919,22.23690443141386
454,0.1137572318595013,0.08387897536398176,0.07684416238221926,0.040508993384673786,0.011045501385043264,0.9953624441302107,0.9548534507455368,0.10270891296310894,0.09166341157806566,3.1064599293648376,3.1551814857805702,40,12.705806449986994,2.877086752094329,9.640733525156975,59.60585154592991,26.075292267277838
445,0.11661757870762751,0.09216884574268173,0.07144622829857035,0.007563035105760949,0.003962524538940966,0.8663321190440755,0.8587690839383144,0.06669798561551846,0.06273546107657749,3.3584782982469443,3.429553757457542,40,17.826518427580595,1.7970483880490067,7.600135685130954,31.9791714604944,29.690937029384077
44,0.11675925770662679,0.07540274580286699,0.08914679010256461,0.02479594174465104,0.004727375245165341,1.0005173011432564,0.9757213593986052,0.10484288623083068,0.10011551098566533,3.0904489618266773,3.0861299251174596,40,5.021945280954242,2.663723525032401,8.383667002338916,68.71981922350824,19.419223511684688
379,0.11873849871647832,0.0855314860568573,0.08236016009181107,0.04024104094360681,0.010741865853449046,0.9728672128312856,0.9326261718876789,0.09586026060398936,0.08511839475054031,3.142412590154936,3.1996773706429584,40,2.3941217735409737,1.3686224709264936,7.514743992127478,61.660424921661615,21.915780580136925
41,0.11902405661170803,0.08908743001733661,0.07893133639571315,0.0025290178097763156,0.0018349093195427202,0.9098413374995659,0.9073123196897896,0.0767518645007986,0.07491695518125588,3.287155026978675,3.315491289789725,40,10.809345765970647,2.271493808180094,9.141424276586623,16.898692443035543,30.265286661684513
312,0.1195410421619468,0.09864331210366402,0.06752449732047974,0.0006620168246324581,0.0012933933827540122,0.8215259267331898,0.8208639099085573,0.05740154661184432,0.05610815322909031,3.4292021654713785,3.4701677361838916,40,7.139625175856054,4.308856457006186,6.393352583330125,67.21415068488568,28.655435946024955
319,0.12253762599535609,0.1008278632790981,0.0696362820026261,0.011613102505954723,0.0031349054929392974,0.8438393660709632,0.8322262635650084,0.06227762084856118,0.05914271535562188,3.3837987328670716,3.424502511602003,40,8.740421100519598,1.4578894362784924,8.018314629606904,95.55823350325227,33.2617045847699
510,0.1255874451417892,0.07485546199296479,0.10084079624369158,0.009884713334946995,-0.00030648877470369,1.0018168871870035,0.9919321738520563,0.10473660607854232,0.105043094853246,3.095637798048834,3.0627532712254566,40,13.08099580835551,3.7949461158365017,8.644331990275532,48.40969603229314,20.831512593198568
22,0.12779478874590336,0.07889692684247254,0.1005324970615154,0.02916031245767251,0.005056813090678254,1.0108420892495935,0.9816817767919211,0.1081710358651429,0.10311422277446465,3.073677390369684,3.0606830485232,40,10.622474481351674,3.7075625810772186,6.827245572861284,62.70303069520742,15.212335067708045
150,0.1284660948157573,0.10012357903770513,0.08049103327633184,0.030821112211609943,0.007744595594468445,0.8910043788613257,0.8601832666497156,0.07337333637609325,0.0656287407816248,3.290641371894393,3.3627595827490024,40,10.774831275455654,3.999132863339037,9.42967476081103,99.70461202505976,34.77941198907793
102,0.13377635430397378,0.10325323869320048,0.0850581076101937,0.04167997809218523,0.009747568408923532,0.9119629083663522,0.8702829302741669,0.07886604910400696,0.06911848069508343,3.2499658179274418,3.3139867824885507,40,12.18263440951705,3.8322479333728556,7.321391919441521,102.1376711782068,25.548675142601134
267,0.13403528179664354,0.11275602128402017,0.07246748533310117,0.0063463384915415,0.001636987940152956,0.7901505225240687,0.7838041840325272,0.05187532514608602,0.05023833720593307,3.4700218731859858,3.504253872040303,40,1.4282373199239373,1.262851394992322,6.633921234216541,103.17876537423581,31.460329356044532
366,0.1384872658633571,0.11740123666596128,0.07345524103568858,0.0020706860537881623,0.0007608346330415624,0.7746096237904766,0.7725389377366885,0.04884725447415997,0.04808641984111841,3.5066600418405187,3.5295804890537648,40,14.787305999547243,4.868329099752009,9.9955261063762,145.8782090563327,49.44328054953367
276,0.14261276506719758,0.10503032272383467,0.09647296029789296,0.053352569695631215,0.012836769272274789,0.953327532917503,0.899974963221872,0.08991637546104107,0.07707960618876629,3.179919728092652,3.2458946526365273,40,1.5939423814415932,3.1598699611611667,4.623895453941077,56.23946759477258,14.279092654585838
111,0.14565688522226589,0.116539389326653,0.08737561987203946,0.004951106846071848,0.002697639572588787,0.8675434451537356,0.8625923383076637,0.06756725493154157,0.06486961535895279,3.3425523116011946,3.390745122384972,40,9.776694317348301,0.6420875202864409,7.958331854641438,60.257112939842045,31.001468837819996
109,0.145701077016222,0.10847367344570645,0.09727417957958472,0.028736337221703122,0.008783137286194185,0.9550843478230183,0.9263480106013151,0.09039345583463958,0.08161031854844539,3.1801533238199298,3.245876758559265,40,19.90057361871004,2.354193030484021,6.082334857713431,28.881897791288793,18.62520569143817
219,0.14694333000559887,0.09367439210489104,0.11321417975197921,0.034155078973807304,0.006538911986269508,1.0090152333479085,0.9748601543741012,0.10831970398362256,0.10178079199735306,3.066473531335522,3.0592023384501785,40,2.918960695154965,0.4382825535722077,9.5246869944036,106.30033103562891,20.402190032694488
68,0.1471099844528528,0.1295460916275779,0.06970765861609317,-9.457040953985695e-05,0.0005885102411509401,0.7461966635785455,0.7462912339880854,0.04466430942795657,0.04407579918680563,3.5318384772507416,3.5617771610772175,40,2.6360637675970793,3.8802573010325436,4.549448528233915,90.05950277019292,24.28751457259059
507,0.14804735821438422,0.11195394459419325,0.09687277514378595,0.04884831322699189,0.011895750520577921,0.9362264299588127,0.8873781167318207,0.08524059693263589,0.07334484641205796,3.207424412130257,3.2825669739322167,40,2.251630650833249,1.1246826596558095,8.879963188897818,100.17028780281544,28.85556140244007
62,0.14868885903602816,0.12083840147292943,0.08663981492883616,0.01423320508626788,0.003045920866415479,0.8526462143396139,0.8384130092533459,0.06377128460643311,0.06072536374001765,3.378588941481348,3.4061564415126404,40,13.454712772741914,3.234121706243605,9.69415095737204,112.93211217876524,39.38614080343395
261,0.14890493537274058,0.11397536328152905,0.09582429933583403,0.03237832799968875,0.008526662792618628,0.8982199709290913,0.8658416429294025,0.07555028368604613,0.0670236208934275,3.2715287852183237,3.348232159172113,40,17.614693082869053,2.5400058724917476,7.177042006701231,77.06136282067746,25.972625145874918
317,0.1489978177486397,0.11534328300325647,0.09432007612320686,0.009237875033170065,0.0039269133810238485,0.9093985446563149,0.9001606696231448,0.0773158824055861,0.07338896902456225,3.274716046078241,3.325117775523219,40,17.672132356092334,1.0072539671324194,6.181896027270704,18.29657564498484,21.080381159018724
380,0.1497629898140817,0.08979958244575871,0.11985402834540074,0.017119520126247754,0.00045384632096063285,1.0093685186583063,0.9922489985320585,0.10801652115377651,0.10756267483281587,3.0716499472045387,3.029443704472123,40,3.98589176684618,4.374499195907265,8.211580872442573,77.57910369616002,17.195500668603927
456,0.1502662181046497,0.11533077892128409,0.09632625673659312,0.03430325425568516,0.007721342283511248,0.9073184272100402,0.873015172954355,0.07793696306760041,0.07021562078408915,3.2508214103147863,3.3011922598678836,40,6.316208593547344,4.132406398653984,9.120224995072931,133.0005949884653,31.50361755806953
377,0.15418904684186607,0.12270792921488725,0.09336501632730214,0.005195491200338603,0.003291550323614363,0.8846355329718566,0.8794400417715179,0.07118189415000409,0.06789034382638973,3.3189960418591395,3.3784635460662145,40,12.439142485149205,0.9386017222888768,9.312566121388226,27.373958179727197,34.09710976853967
24,0.15434653601393994,0.11338339983809373,0.10472372138468641,0.06388499835755612,0.015217620665623719,0.9463878845122451,0.8825028861546891,0.09051641470470284,0.07529879403907912,3.146917583667178,3.2247119400872095,40,7.809310760349035,4.995259082131088,6.983694064617157,136.09777413774282,20.73657448878512
427,0.15510716836944163,0.14111977209956358,0.06436958600265776,-0.0029844191017283916,0.0011698287404711051,0.8122566529366061,0.8152410720383347,0.05559412795773557,0.05442429921726446,3.4464951836741164,3.49795187453026,40,2.157454025000334,0.8101818593218922,4.294642273522913,36.387379264459014,19.511088217422365
326,0.15606579721502828,0.12269057223263756,0.09645494567719315,0.042126984831673,0.009397695618481583,0.9062723154231012,0.8641453305914283,0.07731636811132785,0.06791867249284626,3.261264941839719,3.3204166269815234,40,12.851205660961568,4.518573572579771,6.674249941576272,96.60733798518777,23.72150912033394
368,0.15684673310042108,0.14136589665480015,0.06794542624238288,0.004245237176803532,0.0011233741394758418,0.7231356032908729,0.7188903661140693,0.042101181590418854,0.040977807450943,3.5260301776087943,3.5587221632172943,40,10.113365467637777,4.799016377795487,6.275701535027474,187.40464634541422,34.8808146731928
152,0.15685061600059183,0.11585505594697032,0.10573420331798736,0.05499508422161975,0.013599661221663445,0.9534036180332037,0.8984085338115839,0.09052614163048314,0.07692648040881969,3.1711913934129625,3.243437352964544,40,7.654935447499156,2.704258700925857,9.331269929278642,122.51223064307123,29.279894714988767
268,0.15688589622305865,0.12656965069918139,0.09270009684784337,0.032701367780687864,0.00661512948873059,0.8716891349279468,0.838987767147259,0.06938294856286606,0.06276781907413546,3.3103154266126564,3.3567321602507176,40,5.691594661213458,3.1976204418577256,7.777594990469515,137.79027706757188,29.872042389586568
153,0.15808469611146309,0.11940203998316958,0.1036046523690476,0.02081156384691393,0.0068887116679616734,0.9550670742772944,0.9342555104303804,0.0904601012144651,0.08357138954650342,3.1782237059221616,3.234263296877148,40,12.23522852640599,0.8550189416855574,3.306268083956093,11.495921120978892,9.971098953671753
228,0.16157769095516317,0.1409411115291023,0.07901236166159929,0.00013586714319339943,0.0007727362832256668,0.7464017150343263,0.7462658478911328,0.04558706664992279,0.04481433036669712,3.497579186402149,3.533448905566366,40,3.1031864872202277,4.32330921003595,7.198234797269106,172.32415509596467,37.40400234870613
92,0.16181199755605968,0.13678518190241212,0.08644614835263799,0.023265028832817496,0.004578006973414608,0.8196246710035531,0.7963596421707357,0.05762980600825427,0.053051799034839656,3.415140068101594,3.4658943368168167,40,3.466926778666675,4.913167277351022,7.582567497715354,121.02321114111692,33.64294571839273
282,0.1638836512122267,0.13972719200519676,0.0856397276326452,0.01209322871588849,0.0013846860053657313,0.7569670041062407,0.7448737753903523,0.04709692686287004,0.045712240857504305,3.4966353784402555,3.4960375942890822,40,16.59340447280556,4.318586655613035,4.240145675465464,129.7625031210482,21.327706774882973
258,0.16404992643363672,0.15286259248206577,0.05954331349986757,-0.0042878805388478795,0.0007577099358494286,0.8306195780819241,0.8349074586207721,0.05900874305169963,0.058251033115850205,3.421135181518398,3.4613183607342166,40,18.009977914392948,4.434091398399323,8.5107616760768,61.109282556921244,36.91912104208022
69,0.16465300852386103,0.14350503434432577,0.08072743234980621,0.011164114607321298,0.0016656792477852001,0.7549917986257528,0.7438276840184316,0.04558033937576561,0.04391466012798041,3.543136741355439,3.559711554369412,40,17.08718106430024,2.129113254044205,8.117701106052845,177.65148783940822,42.789348018169406
499,0.16483971057611996,0.13350866401624953,0.09668281551245386,0.01612983940219111,0.0031377406236162467,0.8400278518102251,0.8238980124080341,0.06129081120408577,0.05815307058046952,3.3964123112669227,3.4234541679917867,40,5.674640515819192,1.4083057590760293,1.9122718966566028,26.176897577010095,8.012423506565392
389,0.1702944802334597,0.12239648098953254,0.11840317326559786,0.02565679399588877,0.006924688383301622,0.9867498150711704,0.9610930210752816,0.10101142163203099,0.09408673324872936,3.1067987480898167,3.1356085068579196,40,17.460897462442517,0.2667264083400369,9.215247592050583,63.39233784284443,23.653619229327887
160,0.17082605654095567,0.12634036336158025,0.11497675495071888,0.06860467409723622,0.015049264518477785,0.9279379251114225,0.8593332510141861,0.08580418516225477,0.070754920643777,3.1696094747506143,3.238392025110693,40,8.631918869912624,4.235815211664885,7.716149318590761,184.2831752039492,24.010220844950528
32,0.17085424058779214,0.1427636415901031,0.0938600775983258,0.04059626684581385,0.006777267614276511,0.8174089196155444,0.7768126527697305,0.05818325752875568,0.051405989914479165,3.3928451915285422,3.435109352138525,40,8.478112490847707,3.466132497042418,5.9885204986669125,170.71138639748096,26.371634672023358
73,0.17213461967750074,0.12290514399547568,0.12051826778944845,0.05409551661555987,0.012117112068787716,0.9849833718943775,0.9308878552788176,0.1013266828989837,0.08920957083019596,3.0971039439598194,3.1215940502653425,40,11.256591564975679,1.3285320107825103,5.094023115839809,86.55488138552755,12.3519032667391
395,0.17305813491182942,0.10427505401933505,0.1381152821682876,0.03723032422495,0.006299478869592812,1.0077123003852002,0.9704819761602501,0.10982159894148968,0.10352212007189684,3.04280128077536,3.0222867144285415,40,1.580014138482511,1.5367030784487725,9.545711260102689,140.0725732287392,18.14195428574458
120,0.1730915372918789,0.14670899049721506,0.09185397318218719,0.022034185481361566,0.004299641605723342,0.800200421957809,0.7781662364764474,0.054351404325879746,0.05005176272015641,3.433521190405395,3.4900372726978235,40,7.356638360768557,4.054687051754445,8.56666720584035,168.68486042041332,40.20936337001622
129,0.173308439029943,0.1488012994422035,0.08884811941345276,0.007045179393753323,0.0012779944769553448,0.7637636290477617,0.7567184496540085,0.047294155107440464,0.046016160630485116,3.5190238522281945,3.5364980994084845,40,12.90033153258264,0.5877351336181165,8.786026894114912,179.37585677299649,44.279687660746276
396,0.1744540258959228,0.1345722960774652,0.11101578392163138,0.051679301584964234,0.011139705297929651,0.9166253868155085,0.8649460852305442,0.08193174026657157,0.0707920349686419,3.204572141848179,3.257714491433204,40,5.537506788037717,4.198039882816374,6.064786733221262,124.12039510905743,19.751061526406556
335,0.1745059150134159,0.11806632455800875,0.12850158512653634,0.05756467278031102,0.012676100635035931,0.986710659157033,0.929145986376722,0.10166725504426186,0.08899115440922593,3.098108114554823,3.119490154883043,40,10.446388961747289,1.1807714917697014,8.589762221556157,141.60106425266713,19.81871514869854
31,0.17470986174418637,0.10490071100796633,0.13971176264257726,0.02154317335389,0.00043584251241035284,1.0124157386881005,0.9908725653342106,0.10938246384209878,0.10894662132968844,3.0617236429250205,3.0092845616026045,40,8.221410777419806,1.9917742598801853,8.626803633663803,101.47725043259561,15.98690988747403
91,0.17497823090482145,0.14594369693421672,0.09652884861923154,0.024152562037940466,0.004582370111259994,0.8310670945645826,0.8069145325266422,0.06091163918958986,0.05632926907832987,3.368470672348658,3.408682024215234,40,3.0637802137061954,2.059807185642421,6.867583131510764,143.19404399953783,29.005147939920427
17,0.1759999606752364,0.1262490635376811,0.1226260988270577,0.04299663826734532,0.01128132634698254,0.9585159940931189,0.9155193558257736,0.09203893897047948,0.08075761262349694,3.161882404098582,3.226359056835638,40,14.903806676156819,0.7399755759164691,7.6615766363218425,78.67039093934,23.070525238011033
305,0.17852373469498756,0.13602484505110987,0.11561991774027458,0.03278459823301834,0.006383359836428642,0.9093325635168231,0.8765479652838046,0.07802018931341825,0.07163682947698961,3.260396561860168,3.2797906369724883,40,14.235244484618306,0.2013691197149456,8.267629765439779,121.53595710173249,27.8714849203825
43,0.17997218783870797,0.12815338692165099,0.12635939939696136,0.059952186484992565,0.014440597145110218,0.9993631154993112,0.9394109290143188,0.10507502076990352,0.0906344236247933,3.084131956152176,3.1257930827867506,40,1.947211368009448,0.5764565369114281,7.226679707691074,97.07310383487493,17.889029649738223
163,0.18022790597593538,0.13533565763946276,0.1190225099036511,0.04732279695991627,0.011965790734775736,0.9395030220983355,0.8921802251384191,0.08597403602026794,0.07400824528549221,3.206679398088729,3.2851141592511097,40,3.4467722214758396,0.6928483564406633,1.6918790047056975,18.092704685404897,5.605991148389875
169,0.1804354116900508,0.1341896318708334,0.120623714460003,0.024898878337829684,0.007955955567414508,0.9699227278181055,0.9450238494802757,0.09538004189819196,0.08742408633077745,3.1435633017426134,3.198753660061424,40,10.963439867831767,0.22895108861848715,7.118025165610015,30.47114251833409,20.113618005905302
139,0.181123419987098,0.16491369822035998,0.07489436165097293,0.008612523506165865,0.0012752086030615659,0.7003894542381699,0.6917769307320041,0.038183613352339774,0.036908404749278215,3.5946790265007875,3.607465486726139,40,1.4912383845075965,0.12383549278602005,4.926089162845164,166.87596416845918,29.768221111316233
188,0.18324431624646692,0.16834733023242182,0.07237165080507074,-0.0028453733379747133,8.907547859526351e-05,0.7707917390912936,0.7736371124292682,0.04870284705168275,0.04861377157308749,3.4934996643174117,3.51560532654666,40,4.354407814331353,3.7347142228856685,9.580586899910122,163.85644073877484,47.7368255795911
353,0.1837872766423842,0.16617025084666867,0.07851885626510023,0.0005246806140418697,-0.0002304565417423767,0.6653096752858375,0.6647849946717956,0.03365699612120495,0.033887452662947334,3.633103306647841,3.6211898966792426,40,13.846437450498343,0.5182063491083682,3.6690223634243013,157.32760588265955,24.741574151441455
3,0.18410715447018947,0.15694084179711562,0.09625495573279813,0.0020192587497432136,0.00020013153930510552,0.792420692556351,0.7904014338066078,0.052036832069748254,0.05183670053044316,3.478143079541057,3.4786719116223623,40,4.166700788773596,0.2366448705084622,9.29113734252751,146.39104583021253,43.62299261894077
303,0.1855866762243262,0.16059220889781928,0.09301912079412523,0.01330965338599766,0.0016842689175278302,0.7483578056957467,0.7350481523097491,0.04437676263274544,0.042692493715217605,3.5616442391839187,3.564859120748735,40,9.413891637697816,0.27546694315969944,7.037905641924589,161.63061393331736,37.75801486074924
97,0.1876649418082011,0.15520481289989194,0.1054969024975854,0.01415130004621025,0.0020488506940930093,0.8147479409245069,0.8005966408782967,0.05624764062379513,0.05419878992970212,3.4415084813082557,3.445530508158728,40,13.791219588369131,1.9357703587040307,8.32762696063146,136.7005014019087,36.51465660855174
164,0.18837557784960574,0.12511952889332723,0.1408206725579903,0.06623247243099958,0.0171340379837277,0.9908024682083152,0.9245699957773155,0.10426752795930787,0.0871334899755802,3.0699031353833313,3.1397075812583175,40,2.9308819212019444,2.625093999318779,2.858538343384862,45.67158715520054,7.190833908133208
463,0.1886898136013104,0.16558904571227015,0.09046609142102344,0.0002470385009020748,0.0006112428878845323,0.732559925532694,0.732312887031792,0.042115799310618623,0.04150455642273409,3.5797656334953603,3.603534355634723,40,10.301281861960888,1.6259607890620829,5.329925339110195,104.59872676339,29.974945036135615
295,0.18981929277312412,0.15800069225233687,0.1052004997928781,0.019970416647681587,0.003092225252395836,0.7888938302968992,0.7689234136492177,0.051787648296970155,0.04869542304457432,3.470894729132032,3.4976360049516018,40,8.086909146979451,2.415431595314294,4.999659884627908,113.96980217471719,23.907699230499567
12,0.19079647405209085,0.1711001286033079,0.08442772354293153,0.0039537779105418055,0.0004410749926941084,0.6965041844131145,0.6925504065025727,0.039475246953508326,0.03903417196081421,3.507665198726836,3.5188790293041166,40,5.636494577862322,4.615095664374531,3.1168876403011385,156.82018194999546,18.038132728636267
223,0.19143843730088236,0.1325622123934891,0.13811565849514443,0.07261999643057546,0.018533422418693664,0.9974962604155305,0.924876263984955,0.10501864276590527,0.08648522034721162,3.0791743070961966,3.1519898773679245,40,8.499393307603896,1.522645915299654,4.4336952425539495,67.68674884270877,10.806240914389491
297,0.19344715005806248,0.16362031073157104,0.10319977607383983,0.016929610643799223,0.0022638992671200064,0.7857047426108308,0.7687751319670315,0.051128179040004704,0.0488642797728847,3.481379928969453,3.4863561761697666,40,10.9006537636742,1.2342820166610182,3.8619595319032674,91.15003756061196,18.51594558544457
222,0.19405056139488364,0.15121590551987818,0.12161155494225369,0.046076558767487195,0.008661720032639533,0.8972735133038571,0.8511969545363698,0.07546097471160625,0.0667992546789667,3.269627643932952,3.3037775970588457,40,13.747283928096294,4.486677544657141,8.000819022767246,153.432539540343,28.55439463593066
501,0.19406520735451815,0.1543285961614572,0.11766048237359045,0.023310224916708422,0.005137789825172923,0.8880566850180452,0.8647464601013368,0.07270189658064767,0.06756410675547472,3.3004389779812797,3.3324112049328365,40,16.049116074107587,2.362354870326817,9.883417044207453,123.21399421989918,35.94069958012551
28,0.1942733134514983,0.17229991352468169,0.08974887252111485,0.01611573921463416,0.0020797366034279235,0.7219939695806381,0.7058782303660041,0.043281862119238276,0.04120212551581035,3.4723213850131556,3.4959605794014323,40,3.9268516153097153,3.2438148493878547,2.019849319756031,100.07725498825312,10.836061985604465
217,0.19553555472090278,0.166401615376881,0.10268717329820572,0.00605960727058176,0.0008624045689832799,0.7509890309611263,0.7449294236905445,0.04605060103601971,0.04518819646703644,3.5082966167301537,3.516900324797973,40,11.776556186378002,2.401289104204625,6.372216736059635,181.78867346420884,33.16782085970044
370,0.19778312572355997,0.1503990997621289,0.12844561343900668,0.05273392905047534,0.013229995307282676,0.9781402164174834,0.9254062873670079,0.09803444286716949,0.08480444755988681,3.128847301626544,3.182418127826196,40,18.970877260901034,3.1033218557946385,8.074363780766726,100.62356923799962,22.696540769841523
447,0.19834566084017993,0.1439010971665546,0.13650448860161887,0.05517280470829448,0.01515216220154931,0.969194628296434,0.9140218235881393,0.09536831020449046,0.08021614800294115,3.1417527269473378,3.2319832982939047,40,8.894796059466898,1.0425933556631208,5.686298539396375,57.15993379056454,16.92227820781991
269,0.20039564525151712,0.13819977346601056,0.1451180114586582,0.03462440204269805,0.008640665595228008,0.9889401519639123,0.954315749921214,0.10180673227589318,0.09316606668066518,3.102004944162651,3.130474728441682,40,18.960165426135063,0.38058283105492596,4.850274888053536,49.319984655827284,12.509895607456563
26,0.20193214036671725,0.15735099203947805,0.12655929289181303,0.04451600294418585,0.009249592368223949,0.8800822631898125,0.8355662602456266,0.07128076001610813,0.062031167647884175,3.3020949992520903,3.3639131532883395,40,16.685441792942584,2.9776692509651186,8.898740757536142,151.9503669878468,32.917427979595956
208,0.20236891671407373,0.19803959384069394,0.04163529420384453,-0.008906032071686509,0.0006442440468237016,0.8271595856320395,0.836065617703726,0.05798167067725255,0.057337426630428845,3.4366108128963972,3.492673335078588,40,9.44987101946026,3.28847624687478,8.287632352579385,31.08297927957028,35.505142574198544
433,0.20306562251813778,0.16237948298172145,0.12193666616431524,0.03697933072596664,0.005794806436620539,0.8529366219471802,0.8159572912212137,0.06467095913037249,0.058876152693751946,3.3609420884204666,3.3726869280952485,40,14.082887195050716,2.2919360108673574,5.649641393125057,133.6033222526312,22.3365061939694
308,0.20411696300617202,0.1523647835671653,0.13582601855091636,0.07508618820155481,0.018827349499628922,0.9909049052698504,0.9158187170682958,0.10355679571533598,0.08472944621570706,3.0810887567745606,3.153109590361694,40,1.0209962083026767,4.727980700042099,9.257432451751082,169.20267913583666,23.42075001494959
328,0.20514086596065648,0.1457060018476529,0.14440407166233163,0.07028376190297521,0.019080948081097372,0.9851829887554535,0.9148992268524783,0.10254394361829715,0.08346299553719977,3.0778509672572785,3.173971033659662,40,6.173430385068059,3.265646431129426,7.136713631264866,119.41495660319924,18.317953564878554
40,0.20751007688150716,0.16509483569925917,0.1257144670783901,0.06927292694296307,0.013202381753146326,0.8830350389127772,0.8137621119698142,0.07371850877976749,0.06051612702662116,3.254817331678443,3.3208513591257045,40,6.5573814157396555,4.350273867789656,3.4091045257635417,104.88010554667562,12.153198815137147
435,0.20824973489410276,0.16740757035555057,0.12386548135423152,0.02877442923749552,0.005333377403322302,0.8487939573679375,0.8200195281304421,0.06385262841290007,0.05851925100957778,3.365085500711136,3.400532366282495,40,5.206840072758496,0.6182257464155555,8.685879483353347,154.48131579719484,35.105557433515784
94,0.20867975999437713,0.16630981270063594,0.12604875418182537,0.07753094022976292,0.013511474929787094,0.8697556171879391,0.7922246769581761,0.06992629256999858,0.05641481764021148,3.297716250046219,3.345931783759833,40,13.60478657670319,2.9114121580496435,5.7062683767639095,191.84516625013202,21.462098362017425
128,0.20888127439690649,0.16217785860677347,0.13164242846209245,0.06818141104664124,0.013728407555264343,0.8880854082813279,0.8199039972346867,0.07428790815390025,0.06055950059863591,3.2623771904041186,3.3432319931018974,40,9.209503750316799,3.5840618946589533,3.6877621665596965,91.67682621721178,13.683816046081482
489,0.20899808180224147,0.10310334555080078,0.18179631000999052,0.0307972589202817,0.0015874520506631348,1.0270225508636663,0.9962252919433846,0.11768249032590088,0.11609503827523773,2.995693766157437,2.9327977128706784,40,10.584111636504531,0.4783446106128395,8.034221660438925,131.15843550581485,11.22768356008455
331,0.21010976836755416,0.17057409217132857,0.12268086176496466,0.07850935839507564,0.016349621294990083,0.9191304201928719,0.8406210617977964,0.08158324621076474,0.06523362491577465,3.2209110816284032,3.298642793005803,40,1.2665665354579687,2.0052317451685666,3.509948173444718,80.58094856329262,11.773480136878788
444,0.21146674436552867,0.1257551634865714,0.17001124324297365,0.08031645858559758,0.019287610287372563,0.9968719040747758,0.9165554454891781,0.10917406973998589,0.08988645945261332,3.020010210903103,3.0687684367252204,40,4.301803735084832,4.843626299221069,4.960060624964535,142.5126746725291,9.620969353429972
99,0.21164076607782717,0.17771797201168896,0.11492665613364941,0.02400043125697084,0.003342845959176788,0.8017415819908177,0.7777411507338468,0.05493317941527017,0.05159033345609339,3.426299091275959,3.4397927884642185,40,3.72301581595093,1.143143216520548,5.253699193522334,151.38404212798923,24.138786251936107
492,0.21222510668185565,0.17304430157762205,0.12286238479550197,0.03239853434094199,0.006101695471900632,0.85570140625418,0.8233028719132381,0.06578084425480803,0.059679148782907386,3.337605538185966,3.381490030479251,40,4.801866344176233,4.5267305842600765,9.49041385082528,178.32717651873827,37.67970367912203
310,0.21235491546226917,0.1814240488074623,0.11036269585006984,0.0022397716205318522,0.00010359380015912308,0.7853255810305687,0.7830858094100369,0.051201727819408994,0.051098134019249876,3.4741557255112268,3.475307430843368,40,11.140216382220387,3.016456431243569,7.420022929087281,143.6582982717082,35.60502968095243
330,0.21243050787682027,0.15983605451677732,0.1399255386029069,0.0662015639668537,0.014243258626494264,0.9088022740565591,0.8426007100897055,0.07906987262964006,0.0648266140031458,3.2381163913219515,3.3241243781418914,40,16.241706813685596,4.022998726088554,8.934233636502176,193.54289186932147,30.693734879232945
227,0.21248642618429542,0.15952894041588334,0.14036024537724195,0.08122070009002819,0.01867320555050462,0.9374218212087133,0.856201121118685,0.0874356620476259,0.06876245649712129,3.1752485960941987,3.2744494865974074,40,3.8684031357988715,1.357301680278033,8.528351991716772,188.28828646522015,26.462356002628805
398,0.21296979074460745,0.17427591988717914,0.12240929506078943,0.04317199044228549,0.007300307827638623,0.8440917433990457,0.8009197529567604,0.06326348546692928,0.055963177639290665,3.360100623575491,3.3980840275591446,40,14.492487279698253,3.7664303127676253,7.978321754932404,188.74788702093065,32.32529201619327
338,0.21330322302381913,0.2044813580460217,0.06070946519286601,-0.007378748547133151,0.0004661572470345772,0.8218935737293144,0.8292723222764475,0.0573367890510166,0.05687063180398204,3.4347010499345614,3.4788178648079056,40,19.585576010867953,4.750985945109278,3.4263389181345705,25.313213208690286,15.102315407060086
386,0.21343094122977882,0.15442294508030868,0.14733065094186365,0.064483191557828,0.014005752939498777,0.98030274068601,0.915819549128182,0.0995123186713974,0.08550656573189865,3.1107427790181625,3.141957099608996,40,18.16146262176335,2.963961431384087,5.273574912175536,98.00375168025494,12.680022140499204
436,0.2146401071151006,0.1755053186947793,0.12356479552132076,0.061513620026959995,0.010364261016851842,0.8622792311838291,0.800765611156869,0.06683846380186295,0.0564742027850111,3.3375150082413496,3.3837666832985165,40,1.1756700025871396,2.665324467048049,6.92465362008661,182.88593622017652,27.347618067637086
266,0.21465879464759954,0.12254780436196837,0.17623970541742584,0.04329412456800118,0.006530702489227172,1.0075918973244256,0.9642977727564244,0.10927798461386096,0.1027472821246338,3.050352406042898,3.018110739316659,40,16.070690736174583,2.927860292978585,0.8989301641471684,15.48885617684573,1.6513846188783645
82,0.21512859041135826,0.15927345199913107,0.14461078072072786,0.04726672543067292,0.012444701041009807,0.9542902193052514,0.9070234938745785,0.09098912725284661,0.0785444262118368,3.166892986468702,3.2415945039313114,40,19.639484716579318,3.637146222405136,8.70581303043291,94.90656771231443,26.667820834554732
200,0.21656856845376457,0.18968956155748157,0.10449791901393692,0.03353337806444172,0.0046471746418931155,0.758985360841682,0.7254519827772402,0.048057681411039804,0.043410506769146685,3.4645882760218383,3.496986635211698,40,6.264881961047649,3.0211555293761196,3.8818553134799005,161.3404073594138,19.90906018745154
426,0.21695731056951106,0.17954099361291556,0.12180109286062377,0.007452398911755078,0.0009219062328409997,0.7914171174790092,0.7839647185672541,0.051877019645710384,0.05095511341286939,3.483578937413354,3.483389103904334,40,15.34842708427459,2.749143298249692,8.150143987312912,147.4067104589194,38.40367330946028
498,0.2194497491657533,0.18814116053782048,0.11296502166774504,0.01365317131822949,0.0013977376407908685,0.7812049047566835,0.7675517334384541,0.0498253888184221,0.04842765117763124,3.507923453554762,3.4975443390264536,40,18.828678249381483,4.600980462878942,5.765601540822535,139.13277085032314,28.07185110691935
225,0.21963609032119025,0.15464773053932548,0.15596182741496142,0.07837399791064582,0.017148372443147958,0.9646843070641855,0.8863103091535398,0.09528241813733698,0.07813404569418902,3.1300193536638425,3.1804451233775746,40,13.936618445441127,0.8685698916204274,5.377004501037299,124.63323114160448,13.888232586625962
220,0.22033835789093387,0.15650060631552118,0.15510174783330946,0.08638417741903795,0.022919310374625964,0.9781472978763557,0.8917631204573176,0.10147877113269291,0.07855946075806694,3.0725229028475765,3.1931822977293067,40,3.6094172643497586,2.7935281670652334,6.201788563374429,134.6929982090369,15.785260116774587
165,0.22232934133173582,0.16024933054987792,0.15411193359152772,0.05852699785638839,0.01466011513749561,0.9844585723685387,0.9259315745121501,0.10080858056903912,0.08614846543154352,3.1033283935590434,3.160030807914888,40,16.794609342701733,0.9530545665882528,9.80800724569708,132.098327585496,25.725958377681675
333,0.2241436901642209,0.20110846940163404,0.09897361959313343,0.0011286909620306957,-6.794663580677622e-05,0.7101286606068092,0.7089999696447785,0.039397404988950724,0.03946535162475749,3.581120866404268,3.588614911066768,40,19.382831717841327,1.6672583035193387,5.438801827281713,171.41779924277216,32.19801205229014
408,0.22554499106256465,0.18899234717279073,0.1230952302225058,0.06753287062593538,0.010122774579445205,0.8300438170182176,0.762510946392282,0.06282907342480819,0.05270629884536299,3.3146607723922314,3.3368474246481106,40,7.5974707286804914,3.817960579134524,4.053922560624779,196.77567282877862,15.8952830305323
157,0.22561736643549662,0.16062720923231355,0.15843640898331332,0.07455184153140242,0.016782308909026725,0.9699413719219127,0.8953895303905102,0.09677809748333147,0.07999578857430473,3.122747823973019,3.176499760534606,40,18.492761283181608,2.4839977272786204,8.19412037571892,174.53927520290017,21.23607090217993
349,0.2257143181491645,0.2077654800679563,0.08820690851443497,-0.0047885261892103344,0.0008744872807097788,0.8283944598754556,0.8331829860646657,0.05929216837844279,0.05841768109773301,3.4072927331909497,3.449760702435442,40,18.717478891834617,0.6785610022023321,9.600576800201088,85.13652146048844,40.58970822542906
483,0.22685972441786606,0.18452378279716958,0.13197086097003805,0.058473281383583084,0.009179910401293245,0.8398538897472895,0.7813806083637064,0.0630755608237194,0.05389565042242615,3.3513454679398693,3.3765322933552135,40,3.9626873126253486,0.3202464070171118,3.2509952554479242,118.68283192813396,13.261100365594029
440,0.22843635250599595,0.09959779242927974,0.20558075515343782,0.008072917784748137,-0.0016744865640725627,1.0021377816813972,0.9940648638966492,0.10537433324511628,0.10704881980918883,3.087547219534961,3.0419533764285935,40,6.987560139037669,3.395445861667395,9.924048465676606,79.28218303527683,21.555506017711014
210,0.23102632124987418,0.19983209541005129,0.11593228521114479,-0.004742750324665493,-0.0006398654308710807,0.8173301242640733,0.8220728745887385,0.05643422067052247,0.05707408610139355,3.444958799414669,3.445369104149936,40,19.49495730921626,4.062371560651809,5.1365869859233495,58.01200369838625,22.7363766788505
373,0.23195083449244305,0.15524505335450797,0.1723373523955172,0.062281061248659154,0.013675886656742858,0.9770021505286,0.9147210892799407,0.09902363946919071,0.08534775281244784,3.109042906987736,3.1410205035975443,40,15.904589445330203,0.13812792161479592,6.298631852213293,135.195606444031,14.8553645494394
265,0.23205498242296924,0.14534741214495364,0.18089677899313064,0.058725926889114835,0.011943060568313036,1.0064184655712503,0.9476925386821353,0.1086110535060147,0.09666799293770165,3.055688171840186,3.0580670165331947,40,11.477953221648932,1.733508605975658,9.746285413578153,184.91014460567385,19.081038586888464
37,0.23213287858489118,0.18275281734922358,0.14313308866586075,0.03437917716951505,0.006704111937063823,0.8673955083465253,0.8330163311770103,0.06867596444396348,0.06197185250689967,3.3177805289150584,3.354226824146649,40,16.946094687096775,1.8488931786268952,6.586681642662733,120.11681025195867,24.875207671057435
458,0.23488361542014047,0.1644375971736352,0.16772176194101268,0.07509679877782119,0.01804211064832697,0.966138141306962,0.8910413425291406,0.09592523517626188,0.07788312452793492,3.1240747636588138,3.204425455706867,40,16.384496276266873,3.683733591251076,7.245437213405967,155.0476406570524,18.929392830934376
119,0.23537845455689682,0.17367803068330764,0.15886773910256666,0.08387937621200509,0.01714342985611857,0.9219078410847924,0.8380284648727873,0.08334261537212895,0.06619918551601038,3.2007677554030765,3.269266531703278,40,5.858721490949392,0.7575975202023983,4.790168241132051,129.1085599558428,15.409946381486952
374,0.23576504717184643,0.17290784066918038,0.1602748767058153,0.0939607752708322,0.023154652623003175,0.9718152501257407,0.8778544748549084,0.09722740818708704,0.07407275556408385,3.120116012520411,3.2350836767834465,40,11.609269392676651,3.91074915509671,3.0996410958468914,65.20142498798668,8.90176961850375
145,0.23732581586664414,0.20923721925687225,0.1119970042207373,-0.002013487931332633,0.000764384666196871,0.8246833677754406,0.8266968557067731,0.05817943643033048,0.0574150517641336,3.423380160496496,3.45607431375155,40,14.749139110557735,1.75811416329816,6.258129217009992,65.08399046398699,26.94280276298523
478,0.23819461080631835,0.21064457360917307,0.11120043267084503,0.004711216080206073,-0.0001068738200278906,0.6944455735442917,0.6897343574640857,0.03760371704260999,0.03771059086263787,3.5900790697602845,3.5665723894200454,40,13.658440224826336,3.451984493248165,2.759727661777288,128.1535181850195,16.718242374062537
74,0.23903825754421965,0.19377847978631857,0.1399613851799131,0.05019218103683478,0.008126499267306844,0.845808853372137,0.7956166723353023,0.0636833401272596,0.05555684085995274,3.357329936509508,3.387670240544965,40,16.145950402133167,2.679597637988627,4.31460709515959,113.11535518337041,17.31389987524599
84,0.2411456734886851,0.2063555658158263,0.1247742613648412,0.01264911583439618,-0.0009934071562777795,0.5848120887437561,0.57216297290936,0.027352202444461737,0.028345609600739518,3.5385840227545744,3.416765229773348,40,2.121454152278602,2.753687730897218,0.5894971236586571,154.59467892162502,4.586440712772309
465,0.24133474434278315,0.19524314999451742,0.1418540489630623,-0.0015911141551623932,-0.000754963673009319,0.7894445704835107,0.791035684638673,0.05158949376604407,0.052344457439053395,3.4815198448922997,3.4657116427736794,40,15.128523647785187,1.3985965524800124,9.049902042001486,163.396746404469,41.825249812565744
38,0.2414102883681636,0.1358005025869839,0.19959246184944585,0.06891526208039352,0.013276232031746655,0.9988240939733768,0.9299088318929833,0.1085505002996849,0.09527426826793825,3.0367112138002272,3.0328649263786653,40,11.75989595707506,3.1185738476924603,2.9768543263897302,81.09454446192831,5.082123180292546
322,0.24183768580111137,0.2067810082214178,0.12540765890714572,0.05608884052060552,0.0045549792905806834,0.780192233818212,0.7241033932976065,0.05244812359723078,0.04789314430665009,3.4173357587303785,3.3317185448005056,40,17.884055289439857,3.7204220678657296,1.7105648149736228,131.79271315131336,7.87701541557908
279,0.24185279683870003,0.13220101637429235,0.20252324955003462,0.05325898610053723,0.007239509346894733,1.01236806190592,0.9591090758053827,0.11305034632542213,0.1058108369785274,3.0156022560561477,2.9589321463368083,40,6.799310881644487,1.8076078714802863,6.022227012179791,144.98700252361596,9.099331949744373
154,0.2419395171061515,0.1646945182607995,0.1772299229599814,0.0752144777992929,0.015056757684995897,0.9769768244702055,0.9017623466709125,0.0998741032443052,0.0848173455593093,3.0946747213203603,3.1063973788428916,40,16.53105494286865,4.418027800600976,7.493643254972994,190.44571309071034,16.510754061397165
385,0.2435697676707285,0.14390389854806465,0.1965143753160083,0.07080578560541836,0.013619427311710891,0.9990410927659681,0.9282353071605499,0.1073416879512659,0.09372226063955501,3.0534353406459127,3.0430967428783644,40,12.956636583432555,1.6942756786011162,4.124396575707942,102.82284502498806,7.528923656232655
239,0.2464726978749992,0.19018195310342934,0.1567788745703503,0.049050563129301596,0.01097139959341254,0.921281435471377,0.8722308723420754,0.08193303015084646,0.07096163055743392,3.2265283048247384,3.2799141316332294,40,9.633915613405406,2.1598602249287073,5.958958776760846,98.65550754312426,19.377459623944016
421,0.2482157691034646,0.18964822517880162,0.16013937279181223,0.10540422990653256,0.020434404920555174,0.9289760719778964,0.8235718420713638,0.08546737846044601,0.06503297353989083,3.1851730251030697,3.238637027466887,40,16.846053753979504,2.0643755309283733,4.566906369570643,162.04748258553445,14.094957626797258
383,0.24950202930980966,0.20576175966453236,0.1411147082676655,0.0883195632602262,0.013716603509648142,0.8508170417907646,0.7624974785305385,0.066004888132474,0.052288284622825865,3.319403695310272,3.348181530948996,40,9.171257127076387,0.5923077685758472,2.424194509722293,122.82010762486607,9.67667644135654
298,0.250258801089335,0.16079107975978246,0.19176990429250002,0.05228241652430447,0.008902853395579257,0.9982909064582348,0.9460084899339302,0.10594873657423173,0.09704588317865248,3.0702200334885914,3.0463481293891896,40,15.49295640271157,4.955196915566921,5.538212312851101,111.23056313581765,11.198114000726491
34,0.25174247122029714,0.14424191460858987,0.2063214528015698,0.052323208513549525,0.009986428827223563,1.015795992543449,0.9634727840298997,0.11276952240968549,0.10278309358246193,3.026808964831926,3.0179121364491834,40,18.527756090275943,3.895495921932161,7.902291554771364,142.25424162112176,13.992421048041432
89,0.2525799796198726,0.15257106171955903,0.20129261593645645,0.03815652855297513,0.0033914446499386797,1.0130836463518957,0.9749271177989204,0.11185002878083686,0.10845858413089818,3.0325228907726967,2.9700372038570757,40,11.92136430926621,0.40540630370378494,9.942785613425077,169.71086589992046,16.820761200133713
307,0.25306898912338577,0.1902193041580143,0.16691473746069635,0.12171555006886607,0.02698738723444859,0.9383170838192326,0.8166015337503664,0.08970172442386033,0.06271433718941173,3.13682165368402,3.2777974001857637,40,5.359186108224094,2.1836839576251807,5.154124193824828,191.38546524383128,15.690530490223317
270,0.25309896575703483,0.18273890793109926,0.17511589875116973,0.08816758059098657,0.019510044454227903,0.9492028967144129,0.8610353161234265,0.09112326133181839,0.07161321687759048,3.151150900142993,3.2278850912208426,40,14.64658173546195,3.9331241971813147,5.941478512156754,150.3353552017361,17.496255312580615
461,0.25398703650794563,0.17128486592341433,0.18753908771156613,0.06071205046083975,0.012084632091014347,0.9910890254452369,0.9303769749843971,0.10343248925130091,0.09134785716028655,3.0867979813457525,3.0889169531081393,40,19.237731342203915,0.8307945627719164,8.40361707182601,183.3884946005419,17.404247795324775
496,0.2543013546643133,0.15993182762877245,0.19771441397992584,0.06870239274082102,0.015775183493612698,0.9991926036493115,0.9304902109084907,0.10816989451588546,0.09239471102227279,3.0437293686476883,3.0705206119868174,40,9.971155343577266,2.6014664506539704,7.641683510132134,173.83295242954046,15.306142762955277
159,0.2600451624361654,0.24846785477950037,0.07672816723814505,-0.0039713744181859,0.00020128639562175488,0.6780505928829195,0.6820219673011053,0.03487035210537799,0.03466906570975623,3.6367013810085638,3.6710245169094877,40,8.373475460335612,0.503922828193754,5.080246590450406,138.47949303127825,34.001695966534314
190,0.26134794995549465,0.15176398683803788,0.21276852033363303,0.06122526543170352,0.01107522855805768,1.0121310608081593,0.9509057953764557,0.11266812338093342,0.10159289482287574,3.019384807671325,2.999287912178007,40,13.309315472841263,4.166361122205854,6.4667876129969954,148.99978027772158,10.60292048593983
167,0.2619479968563242,0.1677701361713281,0.20117140568702815,0.06169571553718178,0.013033604805078489,0.9923986035103708,0.9307028879731891,0.10495390584004409,0.09192030103496558,3.067584284202163,3.0831269375342196,40,7.839701436460018,1.421166487131268,6.695407031942159,155.89363979082555,13.151840724330395
375,0.26349017209292713,0.19416533008205025,0.17812045189615044,0.0699097965046871,0.01797267325401582,0.9701873598171069,0.9002775633124198,0.09663597985418669,0.07866330660017087,3.123069605635854,3.2211219318610462,40,5.766801949590445,2.0985943659208717,9.450884958915413,152.79645545221865,27.036325114034117
393,0.26380274500400275,0.22452975836656888,0.13848565225140505,0.020803433137463655,0.0026965758984467242,0.7883919137270176,0.7675884805895539,0.052234265179565795,0.04953768928111907,3.4588520260634836,3.465012656766018,40,11.629718927666545,0.762151755206287,6.510767099354416,172.83243193197995,30.712645392119885
503,0.2639667067813906,0.2039750942550414,0.16754874876482848,0.07071221373987091,0.014164372879279522,0.8991732518360658,0.8284610380961949,0.07738104525591101,0.0632166723766315,3.2393596158315505,3.3068964533960683,40,5.911321995779872,0.7057079892605543,6.808582775946706,189.78788200579584,23.171642206143588
230,0.2657049797639976,0.186134363058278,0.1896131196944861,0.070623105678038,0.018131075773802647,0.9810216079851118,0.9103985023070738,0.09976344782541018,0.08163237205160753,3.1101518246865147,3.195808275246196,40,12.039563594385982,3.568196999933571,8.995990836899727,140.5367270503193,24.833204168546946
245,0.2665159478745912,0.22498063212651423,0.14287919946390337,0.035404108396460666,0.004016833929423379,0.7668722809631687,0.7314681725667082,0.04889929857796703,0.04488246464854365,3.4808625780182894,3.468550897957411,40,16.10660797264427,1.2487324331887069,4.60394331915304,195.88023977261037,22.592716424353423
226,0.2686808466564185,0.1426343653601234,0.22769460946259734,0.041603665087666844,0.0049004976017491,1.0193346155521934,0.9777309504645263,0.11523221022544017,0.11033171262369106,3.0058070530407592,2.958853167135438,40,18.25071076489985,4.670799242891372,4.031842197757214,76.59257511328906,6.369159264117479
248,0.2697517964088543,0.165576177424068,0.21295671188163465,0.10287254076486782,0.025054509723117752,1.0026903170631494,0.8998177762982816,0.11312176317313441,0.08806725345001665,2.986347202135689,3.0491903669772724,40,7.50811386667192,3.6472226157784466,5.29565411331132,179.92696355376393,9.779721713531762
325,0.2702785659129262,0.183627514353731,0.19832155496621723,0.09666975898773227,0.018117909540365906,0.9682886940444027,0.8716189350566703,0.09752098356131411,0.0794030740209482,3.105355769325783,3.1132008944068836,40,17.146670672111213,0.7163484653458,2.878408456221223,104.22607156820595,6.284265554323792
144,0.2703365682951296,0.2365467046074925,0.1308721387344264,0.0158299939422969,-0.0005943083901340776,0.6619251696219512,0.6460951756796544,0.035681040687336095,0.03627534907747017,3.5075847364467547,3.41046153176595,40,9.872541522607207,4.882598054036498,1.4680829578079284,153.07147953100502,9.190200274437665
29,0.2706384967957422,0.23487111576047381,0.13446469770645778,0.02872453699274984,0.0037952879428743208,0.7674998788360343,0.7387753418432844,0.048592016842581603,0.044796728899707275,3.4916493851586083,3.507339144740641,40,18.340703607536852,0.3155200192704797,5.590348391793668,186.51006545126438,28.171290864609183
358,0.2746619938483743,0.22254660032201268,0.16097273542398022,0.017189609881293165,-0.0013228171967891954,0.6587394280627302,0.6415498181814371,0.033285949398435696,0.03460876659522489,3.6219245392241968,3.4621731609830717,40,12.2734758220613,2.718382481765002,2.0419261605478822,179.4498076820746,13.7849374756217
364,0.27690252547800503,0.14703363468972466,0.23464040335378264,0.06341920264911044,0.013836622824106004,1.0059326008640697,0.9425133982149593,0.11186043437665072,0.09802381155254472,3.0121280361256533,3.0263844699960005,40,4.649518468417227,2.86653654165566,6.844490918703377,166.97791669890285,11.922107425238936
49,0.27741235191669383,0.22734402655517916,0.1589726598683861,0.08339640877046603,0.012012165741177762,0.8373140188495871,0.7539176100791212,0.06325230365777887,0.05124013791660111,3.3383356998582343,3.351911908277445,40,14.293601604178548,1.6212672766298057,3.647993708960712,197.29335717763752,14.672245839610696
33,0.2774602313119669,0.23264738974668991,0.15119316123337698,0.04381040656290904,0.005208461708652808,0.7999646708697169,0.7561542643068078,0.05488525171696769,0.04967679000831488,3.4241683007766865,3.411731908950234,40,13.620131350122392,0.1121083059348166,1.4959902445785702,59.701152838766575,6.691361288912594
39,0.27966624215392033,0.22119878933680057,0.17112656893781553,0.028812961089530686,0.004921123721337128,0.8608217182583541,0.8320087571688234,0.06675911594310638,0.06183799222176924,3.3431718345423747,3.3586420809188766,40,7.99117991514504,1.0721006022766233,9.622012899816037,192.8851612349972,37.251072265021506
83,0.27974703848231475,0.19750125551817457,0.19812031599099167,0.09891393292779863,0.017038066049128702,0.9420092204455507,0.8430952875177523,0.0905769502957158,0.0735388842465871,3.1370851320514515,3.1261733465545234,40,5.003067108802497,0.5534833594225348,3.922059448156506,182.20706073660403,9.331187355704605
431,0.2842697093620032,0.13271917201049746,0.25138593644356033,0.03997466102489762,0.002877732977857025,1.0252678805668518,0.9852932195419541,0.11920825234918812,0.1163305193713311,2.97284322111238,2.9041614120037478,40,9.55609878897667,2.528873307164759,9.374305259622634,199.39741229172796,12.06308298120275
313,0.2904439459284108,0.2352480976587744,0.17034088843960316,-0.002615638658973185,-0.001920632025797501,0.5958591474935425,0.5984747861525157,0.027335497565326116,0.02925612959112362,3.6133874775153316,3.5136232686131392,40,12.611451828852296,2.3317633042111994,1.294186241272837,154.13584045600146,10.510291299410163
21,0.29651729082471284,0.23237100202309843,0.1841907195729701,0.11442460736858333,0.020448310570863402,0.9039085416820054,0.7894839343134221,0.08011647699988686,0.05966816642902345,3.2039612865826386,3.245353656886347,40,15.808238335885108,2.4459517429582776,2.581905093975365,138.84909986611456,8.495781986042857
100,0.29855581652076646,0.1372711382638807,0.26512678132946155,0.038578498496393686,0.00400118608773329,1.0200298239090944,0.9814513254127005,0.1181123689566057,0.11411118286887242,2.972902413522215,2.919996189147386,40,3.2462643096223474,3.3810310037806635,9.196566797513515,186.007507070899,13.169467653054744
216,0.29932489405366275,0.1930285408949135,0.2287692606103738,0.14129074126439917,0.031448349852002386,0.9478845683827686,0.8065938271183694,0.10042519814889742,0.06897684829689502,2.9988343460818068,3.104114011719934,40,8.122953080572188,4.220469755120575,1.276651688758284,95.2624995522201,2.965195561945438
457,0.29992270233431273,0.04780130125778848,0.29608894436229616,0.014183589361484667,0.02171638863468352,1.0957792990083568,1.081595709646872,0.2088029200965411,0.18708653146185758,2.399578123574504,2.511849368665765,40,11.198950850404799,2.508223201427609,3.3916304570622744,44.625184275209904,1.2791796946898104
455,0.30324329170613795,0.22527717586849677,0.20299430533265767,0.12774913439593663,0.022137741170097616,0.9512591841946934,0.8235100497987569,0.09378647636712022,0.07164873519702261,3.1133886920922125,3.0949340867782915,40,7.193701684474945,1.2947666625492276,2.9968064611777665,171.01309845596552,6.792771222814917
110,0.3041395844847442,0.21445676909301148,0.21565987350626822,0.10671324016446293,0.020948150593886234,0.9630850482139774,0.8563718080495146,0.09712579843089564,0.07617764783700942,3.096415024757434,3.1188534240197554,40,14.696546126157045,3.529708522278816,4.717879121564328,173.50752661842853,11.331737017445265
259,0.3096361041214977,0.1551519672231872,0.26795966868600585,0.10097278995967388,0.01623834198145558,1.0067673228604452,0.9057945329007714,0.1155187027621365,0.09928036078068092,2.969000467995496,2.8994733487468967,40,4.25757844094187,1.5751860069110992,4.010763883870095,172.41102002188563,5.548083564080297
201,0.3179579355083787,0.2967200625572329,0.11425608617829563,-0.011212494574693536,-0.0007308996304870733,0.8142139905993346,0.8254264851740281,0.05608008575608679,0.056810985386573865,3.441521323197853,3.4662730916042803,40,11.104236328043044,1.1695208555087448,8.669277497194708,75.30310089420527,38.054433109425005
194,0.31852553503720593,0.09107285704420938,0.3052281952581434,0.0431006120614703,0.018989025272966233,1.0740726064408666,1.0309719943793962,0.168725090935606,0.14973606566263978,2.621612484080014,2.678808518985008,40,17.63630646187812,2.566153297573328,9.907415629085154,198.690998705104,6.181976026017218
369,0.3202798429117051,0.24664327530741445,0.20431904590903277,0.11298869145743769,0.018143897818241876,0.9139651704511345,0.8009764789936966,0.0830207545957968,0.06487685677755492,3.182699343779574,3.1641976248882147,40,14.359873843379319,1.8228746581822637,1.4891810395754874,99.03530566487461,4.284899188019335
467,0.32057578241972784,0.09262782499109691,0.306902131487286,0.04178545579816191,0.010523626310112768,1.06750272779854,1.025717272000378,0.16091788967208587,0.1503942633619731,2.669157981098021,2.6642248654654694,40,5.060236212797463,0.9098274345509708,7.173896341305226,149.51251660101116,4.691261439304799
71,0.32063467961172,0.10569005451632613,0.30271473394277715,0.03010746665589354,0.0011035151232278509,1.057774054608983,1.0276665879530895,0.14239472039115536,0.14129120526792752,2.806148161602299,2.749579010661311,40,6.9493214432150126,0.1686095534823835,6.242601021379232,110.32829647418112,5.268264307919889
506,0.32391846562194204,0.22886112378350051,0.22922861599596703,0.12084234689920884,0.02205318181831483,0.9427990819824721,0.8219567350832634,0.0902689484702878,0.06821576665197297,3.147534660401958,3.1671498557864894,40,17.48320477362722,3.0660390132106845,3.786579689476639,186.21062187105417,10.346699752658605
448,0.3243906041924802,0.26106123229903067,0.19255206329425276,0.13841476851691076,0.020376742460086035,0.8653992950343092,0.7269845265173985,0.07378321359793485,0.05340647113784882,3.195114877948266,3.167857996361419,40,8.830118894577026,3.229404208157212,1.514749815594405,192.41873096581548,5.175637909770011
173,0.32688988937842306,0.28519240294026993,0.15975698132786675,0.05517514321113106,0.002911622618409087,0.7444749339512509,0.6892997907401197,0.045394107018966,0.04248248440055692,3.509169685127516,3.364176834673131,40,19.623949614353478,1.885140950791538,2.221553487889469,193.26558152027428,11.093290114030241
132,0.32880187811342876,0.0679585509341059,0.3217022076484005,0.004199521630930347,0.002945284439900858,1.0667993322100435,1.0625998105791132,0.16072879415496127,0.15778350971506042,2.66634768933776,2.68902182831215,40,2.3582211351022124,4.65497171394527,8.738921934366227,130.1173450164497,5.456221646722406
185,0.3289462555104903,0.06422309307785622,0.3226159223130281,0.015104929319770987,0.019728986906673938,1.098866585480345,1.0837616561605743,0.20985104225541013,0.19012205534873616,2.4000733665838263,2.494426710833281,40,12.812813371419907,1.5049773870036007,7.945521613489836,115.21746967360377,2.778672333341092
337,0.32910403053018755,0.12260692917156023,0.3054128416264363,0.042855245802120946,0.0015987901860470793,1.0340931790587935,0.9912379332566725,0.12469447940915812,0.12309568922311102,2.9318274043052113,2.841738939766858,40,14.974427634850144,1.097100535593927,7.36472644181922,176.25438563153148,8.36139495326206
277,0.33074791000525866,0.3174218530326007,0.09293840535643341,-0.008389752063035097,-6.0523870898437394e-05,0.7102400668988368,0.7186298189618718,0.039485895283829855,0.03954641915472829,3.5819129466864523,3.6235050728588147,40,15.754297920502722,1.0308527704328299,7.859561446402222,168.02703304216266,46.81533158645034
296,0.33268729783585277,0.31111134272151847,0.11785826475616917,-0.00916936954506845,-0.0005880403079364875,0.7247201487917824,0.7338895183368509,0.0415407471785895,0.04212878748652598,3.557519993699205,3.5885009368689027,40,6.616898203268647,2.937569828145206,8.650499928556382,176.80549241229892,48.71928099058569
434,0.3344673740165471,0.08902798769043851,0.3224010572087441,0.01992088050204216,-0.0019159615378936492,1.038514640879416,1.0185937603773736,0.1279029354885364,0.12981889702643007,2.9051482562639825,2.8404239179713544,40,19.28727835789323,3.5535417652688923,3.903319645021111,66.7853306364268,4.096717105805873
253,0.33582838664199427,0.3070630328906205,0.13598896685605977,-0.008411612650796485,-0.000779121613638062,0.7434018380022648,0.7518134506530613,0.044085471729772875,0.04486459334341094,3.546213576967351,3.5583919607310834,40,18.045830599032342,1.589459488168359,7.278841768857092,129.46599818393588,39.17381953150034
323,0.34024157965206747,0.31147209278669125,0.1369286965512087,-0.012337419217257842,-0.0012023970083575232,0.8306509489445976,0.8429883681618554,0.05911238003549339,0.06031477704385091,3.418841713357426,3.434814944494801,40,4.3927014004439116,0.4513367366977036,5.899630333390086,45.74630905035883,25.2347119435668
53,0.3432805995577294,0.26549267051308173,0.21761252706713916,-0.012175137926846314,-3.166531445418924e-05,1.0844404731277746,1.0966156110546208,0.19015073880753156,0.19018240412198573,2.4898638991588746,2.516464488224728,40,16.42278759740293,0.4927856081165374,8.457152724079787,36.937506003305316,4.00507844472304
0,0.34587431833799304,0.34585004515823253,0.00409760293584655,-0.014898698508076166,8.975101597374869e-05,0.3044171328635252,0.3193158313716013,0.01314260134839762,0.013052850332423871,2.656138294646234,2.794685682085075,40,9.055407454259694,3.8092426517978315,0.1174928684718907,54.81954975891858,36.32951492918655
18,0.34638732892283386,0.23506155424085962,0.25442139720583035,0.11494888266788661,0.017064332937562342,0.9433213868418993,0.8283725041740126,0.09468980366516719,0.07762547072760484,3.081945283622391,3.001853496141557,40,19.811576374806464,4.53143415460363,1.8910906127654017,123.7231371179223,3.862470896542072
115,0.3500248158108985,0.2387832810124428,0.2559295145003526,-0.011708407967262902,0.002750273790181427,1.086309456761662,1.098017864728925,0.2065806639169951,0.20383039012681375,2.3913339126407878,2.437616858476312,40,5.575872853398323,2.4282923963852228,9.802164592314512,93.07276342064142,3.268686582427472
438,0.3500911352606279,0.11788121621477844,0.3296480272226726,0.012745046202886228,-0.0028034829158119943,1.016718922913724,1.0039738767108377,0.11189594760648654,0.11469943052229854,3.0410268550867263,2.9713730086198735,40,11.294883452355862,4.685453236289322,8.839332099352031,105.2591475090012,14.581903961021453
234,0.350635162322186,0.32965510259940567,0.11946769599720691,-0.01407006951670257,-0.0009776536785892015,0.8073027383532315,0.8213728078699342,0.05439492445514375,0.055372578133732954,3.464833506616037,3.4938256054061334,40,15.718244360759854,3.1457458700053396,6.615197658445686,49.82276988402009,30.355769864656033
272,0.3511765491057536,0.06234642341932901,0.3455978763369988,0.009406398884283351,0.0183601861187836,1.0871761977259649,1.0777697988416814,0.1943101869443153,0.1759500008255317,2.468368572993489,2.580914897171083,40,9.669904727488756,3.854238415509463,9.666294510196895,117.35977070126683,4.477180699724704
339,0.35380492922153856,0.3241093106857077,0.14188404656018697,-0.012165275202546113,-0.0012617393676406803,0.7674450547948968,0.7796103299974428,0.047449903697611366,0.04871164306525205,3.525294440254106,3.5390747923357893,40,4.906151029281318,1.8896903119981292,9.163464366085828,111.84243548102677,46.07738882731646
428,0.3559580689792519,0.35595759408916133,0.0005814479286604491,-0.020949733485429715,0.00029816628822704617,0.33849821503525224,0.35944794852068196,0.012865583553571014,0.012567417265343972,2.9842942222916755,3.2063259994769466,40,4.964845966547728,3.6229984559118753,0.17895974656566976,1.8156741755083203,17.99208356589079
237,0.35966571949970655,0.35144574454499655,0.07645468216175273,-0.015382314381039297,-0.00028974593917912726,0.8216802574887154,0.8370625718697549,0.057194216926328575,0.0574839628655077,3.4383470299510206,3.4923438259443484,40,19.757783519104123,0.13907405892387034,7.757687112130225,15.199396866373718,31.95121441613883
143,0.36220115548019405,0.35050268206317975,0.09131016864350446,-0.01743781903771969,-0.0009192972932890967,0.8068071610706127,0.8242449801083325,0.053646981147313144,0.054566278440602245,3.485901738606434,3.5286026555994496,40,10.077310669235885,1.8371478291228416,9.977957918960602,7.1119460025802255,38.88829018473625
443,0.36847783252874333,0.2323141181589093,0.2860175931112087,0.15346117237315415,0.034126337474020906,0.9287484884836512,0.7752873161104972,0.10274527007937388,0.06861893260535297,2.9133046414697077,2.994995593224978,40,2.674373951740563,2.1434104106388987,0.8664150065742433,121.10410092491657,1.7626721093431115
509,0.36902651990324753,0.19615221942592942,0.3125777970460858,0.14280982225248864,0.026468491691656704,0.9930505696390497,0.8502407473865613,0.11369488172997019,0.08722639003831348,2.9562405961528206,2.905909163211992,40,17.9884021198377,0.2507828163914383,2.001183867454529,152.41298680659384,2.5963165242224933
104,0.3702566982375069,0.34092468024272626,0.14443124658859358,-0.014316036233259175,-0.001532388802261367,0.7695635433766823,0.7838795796099416,0.047842137709068616,0.04937452651132998,3.5200306755588655,3.532773566170703,40,6.692431648261845,2.5744633501395584,6.491969762835652,76.16070670448244,32.62123735565692
199,0.37147069987798403,0.34336505161608627,0.14174245022759313,-0.013100461135224348,-0.0014040411588593501,0.7118123863255447,0.724912847460769,0.039044312946885,0.04044835410574434,3.604972461436654,3.6136967343573096,40,7.103698313236237,2.3270508076995613,7.617342251259833,148.10857374500483,45.113302332907914
178,0.3749930530314211,0.361103970907905,0.10111237321104206,-0.017481018631874103,-0.0009727700828487954,0.8141454617113851,0.8316264803432591,0.055481353775359545,0.05645412385820834,3.4586749598267033,3.501535705389337,40,19.344593588262796,4.9688720241189,9.180976200290024,40.77755136881024,40.68861670382321
176,0.37505665742246014,0.214950756809896,0.30734942398475645,-0.009481635594109273,0.0021575911782700983,1.0788140997068254,1.0882957353009348,0.18750499554449568,0.1853474043662256,2.493579313014826,2.5396390393353148,40,10.482452147640288,3.005246756784618,7.344850723166019,73.14566240739077,3.5543429863639178
281,0.3785964398332225,0.06956222550208482,0.3721509922566215,0.022689464643880365,0.02743738831711589,1.0987290316803127,1.0760395670364322,0.20528111295238133,0.17784372463526546,2.4293030958266124,2.562990592805548,40,12.001246792264283,0.6081352792680264,5.314411619026214,72.1815296728164,2.136376856546849
151,0.37909750382485063,0.19714988628790486,0.32380061726763093,0.1297439641981239,0.025456051094640192,0.9805124666874265,0.8507685024893027,0.1090253924951919,0.08356934140055171,2.986900964070202,2.9701132286328185,40,6.749681388959289,2.0290702452883127,3.0821832545101646,186.91779087577015,4.581236945465206
197,0.37916261813662716,0.18642214387868875,0.3301682529618728,0.05675240245451811,0.00924087344273634,1.013575552724897,0.9568231502703792,0.11762651091069307,0.10838563746795674,2.963611543966086,2.9291342076525697,40,17.241565224714577,0.6704412193968893,5.819510828144848,164.90555708203465,7.784380373451858
155,0.38061181368927566,0.38053367388690656,0.007712052772985987,-0.01712101551834589,-4.620926066690061e-05,0.31369678185832806,0.330817797376674,0.013107547868745868,0.013153757129412769,2.74133206564888,2.884284595697257,40,3.3406258318573236,1.6101095573976638,0.23256646730005742,77.4837697846815,47.49532953640446
345,0.38847241209171857,0.3501749711705535,0.16819127362042308,-0.009344182834789392,-0.0014303275567657918,0.6921986755725872,0.7015428584073767,0.03706700734773951,0.038497334904505305,3.6028265568314026,3.58677029367306,40,11.86619627662003,1.435435751732439,4.665443278942257,149.09586145263165,28.451876088697464
162,0.3937716293534868,0.3782434722063201,0.10948959684374837,-0.014342189847952777,-0.0008450418230038021,0.6950840326662945,0.7094262225142474,0.0367451313241985,0.0375901731472023,3.63044602277225,3.66610511676041,40,18.681551073677838,3.4977712039835755,5.87964574387297,103.74513489939272,36.58102515954524
352,0.39460374129092857,0.37884616932156095,0.11039788327308284,-0.01827655836537074,-0.0011249653726295777,0.7835301621755683,0.8018067205409392,0.05049689108262848,0.051621856455258054,3.4871363896412078,3.5320924671483085,40,8.411840570159256,3.6724502667784695,8.766093347035348,70.0240911860019,42.49366283454001
189,0.39490707320312635,0.36933397421780423,0.13979989969360376,-0.012695454183709574,-0.0010525373816681744,0.7308911285179316,0.7435865827016412,0.042190637507785095,0.04324317488945327,3.562748514861373,3.584653745972156,40,17.920100461691618,0.45591371608898046,2.941540990304202,50.99697927478701,16.36748046223074
274,0.3995856561972651,0.3750763424106234,0.13779126968885863,-0.014406666381062656,-0.0012812570910228905,0.6767890897868405,0.6911957561679032,0.03496787947062256,0.036249136561645454,3.6243377031594406,3.6437466283641546,40,19.719620593823493,3.424837588332594,6.552712374925613,195.59381992649287,42.19594640918076
255,0.4067645527711736,0.08444135907944478,0.3979033277920017,0.036551972545761355,0.050212459685634814,1.1049798238269108,1.0684278512811494,0.22517323085177382,0.17496077116613895,2.331786321604164,2.5705490742317085,40,9.109453385695815,0.7943307006731629,9.077796844765544,158.53342959471047,2.0424962916411458
127,0.4136775209281507,0.39120318903156365,0.1344959338150981,-0.014231658098563475,-0.0011720389795108915,0.6679931459374293,0.6822248040359927,0.03356924380469622,0.034741282784207114,3.651557771537761,3.670860708894594,40,9.263258207589388,1.69897442990914,7.083104550186545,196.30013306252658,47.973499631136654
7,0.41498153179329433,0.38920775051603346,0.14396874198157747,-0.014734750246879622,-0.0013009457271346597,0.7119477479690276,0.7266824982159071,0.039356625717226756,0.04065757144436142,3.5931072577126684,3.611340836878275,40,7.418374170549214,1.8774278014898302,4.356144556775689,83.17573112808168,25.343973164912313
405,0.41743112605361904,0.13652017398794872,0.3944755849133031,0.07204715847613466,0.021920866828277243,1.0606989081921916,0.9886517497160572,0.15430620334837225,0.13238533652009501,2.7108947595567514,2.7373583771996812,40,15.611510298214853,1.4672369687817992,5.826338915899396,180.7730586901307,3.953342474345118
48,0.4179685598985735,0.397062531044405,0.13053376384789628,-0.019250063882751856,-0.001503193662165086,0.7638008137189571,0.7830508776017089,0.046939745076879216,0.0484429387390443,3.5261869997790725,3.560990050653898,40,10.339671886526048,4.38805841030553,9.06749235764146,85.98859210964292,46.458726624771955
10,0.42340862758528386,0.4082691790941976,0.11221026385943325,-0.016875760897064933,-0.0008933978019305362,0.6964815477429338,0.7133573086399987,0.03699057056605682,0.03788396836798735,3.6252178689529115,3.672326992775526,40,16.01079796254635,4.264018224645406,6.138221762888134,92.07223106175661,38.16953119970858
474,0.42414166051972074,0.06814277567835582,0.41863195089633964,0.0029711122066751194,0.016590242298362645,1.0916181625156631,1.0886470503089882,0.20966231497916216,0.19307207268079946,2.3859371203449578,2.493995961508015,40,16.910113606601954,4.787125069927424,7.810727811325341,88.9750470938161,2.350222442764789
121,0.424233965644164,0.3906102313562869,0.16552372870969814,-0.01652023641954078,-0.0018897038598355974,0.7545182714766734,0.7710385078962143,0.04550022631376897,0.047389930173604565,3.541729767711014,3.5464700037763466,40,12.535918136127293,1.9735167505219582,4.0714751107618214,55.72596250940114,20.921622478589416
229,0.42457932457135367,0.36640959878185425,0.2145031672819482,-0.007207174955130335,-0.0026059437907062907,0.5723021614737807,0.579509336428911,0.024731581604240396,0.027337525394946688,3.6472776406953074,3.5202631012157313,40,16.631650069728494,2.317357920110226,0.5569802327081561,61.40274802967906,4.868290606513619
59,0.42461689796930246,0.12872453274656606,0.4046350265489275,0.030424687870850908,-0.0024030345007433154,1.0287707776196373,0.9983460897487862,0.12347915138542129,0.1258821858861646,2.9317894910158935,2.831595774519284,40,2.620101752690971,1.7700194719247522,7.831808190513402,160.01563624851406,9.518682613503188
187,0.43675453647222323,0.4147804689370249,0.13679067116381974,-0.016140806024882364,-0.001314796873876979,0.6704621076758921,0.6866029137007745,0.034422657352092476,0.03573745422596946,3.6204341454911004,3.643505039774118,40,2.763181415386498,0.730463320016861,6.107818965613842,197.6995758432895,39.91000170763582
256,0.43761689142576393,0.4132384234145465,0.14402273804857632,-0.02077754627166123,-0.0017360340395988754,0.8057630771618298,0.8265406234334911,0.053760103518609326,0.0554961375582082,3.476330415979576,3.5106155208422876,40,9.147770931012928,2.7791081068106,5.396953980438411,27.985794940963387,24.542964969482274
459,0.4393050155130457,0.43918339810395407,0.010336318724822447,-0.019484371946407612,-9.736250010598385e-05,0.3185648305052487,0.3380492024516563,0.013212274493935038,0.013309636994041025,2.7717069462993575,2.929772695790265,40,1.1121799685060978,0.48807283779606225,0.27774649281054736,69.38913447968662,38.99831430679187
122,0.44522179887608326,0.12522477493064899,0.42724841244646405,0.06021164539516394,0.03128660485614341,1.0821413787045662,1.0219297333094022,0.18755372764877554,0.15626712279263213,2.5069621242815296,2.6088529181241538,40,17.4248420977965,3.297372232098133,5.491540402453393,144.28523968812078,2.493256659526378
493,0.4453493906333725,0.4156826830511447,0.15982486273705288,-0.015756896451896353,-0.0017190245970360306,0.6736529293272946,0.689409825779191,0.03429443912770025,0.03601346372473628,3.6458589766273155,3.6429367856596144,40,19.84764646179974,1.4825475877150895,3.13806007290259,92.57833449542522,20.34470307547599
58,0.4467628210356161,0.4249664705689267,0.13784236341521225,-0.01653726127181672,-0.0012082039144669882,0.7045941560522115,0.7211314173240282,0.037889554919034264,0.03909775883350125,3.6230252642034997,3.659394149866421,40,17.263171596452594,4.851880891807378,4.883679886069149,73.49248993955553,29.586892494838686
85,0.4517181633727339,0.42237054526914436,0.16016373375356116,-0.01744714821524541,-0.001501141010231406,0.7756082928674545,0.7930554410826998,0.04904841043660698,0.050549551446838384,3.5050740166766006,3.532330177982678,40,15.386820329353213,0.8244508136063814,6.943356837891042,66.51380861364305,34.42089875321835
142,0.45739660128492304,0.4253200454017886,0.1682691589282462,-0.015254288399029828,-0.0018697204887790728,0.638179383899526,0.6534336722985558,0.03083890082607348,0.03270862131485255,3.6379634107375183,3.62534880535636,40,14.398175923153758,4.803574373107404,2.698857545014471,117.64240381959826,19.184844993799924
179,0.46271546597525576,0.43632841228174163,0.1540231121890236,-0.01682776851490917,-0.0017473190262067395,0.6533729749897794,0.6702007435046886,0.03228334586292383,0.03403066488913057,3.6411511270208634,3.6421356938917144,40,5.295565997250378,1.6529795468784871,3.4475004341453315,127.6901197815314,23.330398934707045
286,0.4651571310829707,0.12858797719313392,0.4470305232517328,-0.004597399355208742,-0.0059030614570244775,1.040834408630795,1.0454318079860037,0.12845169588218247,0.13435475733920693,2.905300010609081,2.854946303406376,40,13.972518128342927,2.6954492347314956,9.097746914252639,93.58711473736912,9.880759863462298
209,0.4654561865136293,0.17693374660343356,0.43051586599878344,0.07274851419661008,0.013950258047159209,1.0466114217410774,0.9738629075444674,0.13980788406822836,0.12585762602106915,2.811460190472635,2.7764817442737373,40,15.181009948253632,0.2897545712068677,4.4272494106553495,143.55301270913333,3.7458615044131873
480,0.4658141908390378,0.09738653488712987,0.45552027749564056,-0.00258677275030344,-0.0051538546181307664,1.0433680250183008,1.0459547977686046,0.13146422541797306,0.13661808003610384,2.8791694918718456,2.8366545771186167,40,8.257462638430297,4.031889947038144,7.394826930668205,82.86711577884853,7.324461107421666
1,0.47307208574890997,0.13059189002297814,0.45468995653637484,0.026491826521174506,-0.0024384397234452695,1.0440235088271752,1.0175316823060008,0.1361503967210636,0.13858883644450887,2.8336458107253177,2.7520719927564774,40,13.042831856757402,2.218997147213668,7.377289722766727,166.5183124365285,6.101902774255723
182,0.47594924271206174,0.44683648630596856,0.16390496070565114,-0.01367233789504394,-0.00137267138800477,0.6633455791641106,0.6770179170591545,0.03415096830360999,0.035523639691614754,3.596404431652549,3.605327093477599,40,11.389235578477383,3.270218755770475,4.178610347397625,176.35253364220262,27.961827077809723
376,0.47804878378002136,0.14362402802075533,0.4559635711859566,0.10514566482300385,0.034743484345241785,1.058089792742828,0.9529441279198242,0.16134523093458322,0.12660174658934145,2.653068515703723,2.697821356986215,40,7.302580166608095,2.63949929215014,3.286303262319416,137.9947518426925,1.9506164357066156
180,0.4806352708481264,0.4286690651955253,0.21737777284636606,-0.014451728356149204,-0.0024958262171444695,0.6545351247195127,0.6689868530756617,0.0324308846959465,0.03492671091309098,3.6380561949349923,3.5942097453381563,40,1.2281925426796079,4.008861054014415,2.302311521489173,111.72574822045863,15.585956442356109
141,0.4831841231570775,0.06254759634166879,0.47911866490771726,0.016499109705165625,0.02033923913461558,1.105038436716652,1.0885393270114863,0.2228472243510069,0.20250798521639135,2.344149393867365,2.4372455955015284,40,19.009105870500207,1.082655503973365,6.864460756070912,82.01495579909533,1.5589934670366348
183,0.4845379670974084,0.07900994738176444,0.47805278973521326,-0.0012691710358380293,-0.0061295730422575535,1.0465452203627996,1.0478143913986373,0.13103517952188332,0.1371647525641409,2.892113976639496,2.833820443466673,40,6.135272555984557,0.3079838965088129,8.343519515916705,88.27470872923732,8.267875762376933
96,0.48462668521038366,0.10211862120252287,0.4737455131414966,0.0037687683637505826,-0.005555710893830694,1.0240524971234788,1.020283728759728,0.11724783342506746,0.12280354431889817,2.9941150376249785,2.9191239236204063,40,8.316224587149918,4.704951734002679,4.145558091718703,50.16825745720416,5.903815484046936
283,0.4885509962302698,0.4706673394118578,0.13097454534585026,-0.025636633530298415,-0.0018269205857480576,0.7928521046342709,0.8184887381645692,0.05194760468112806,0.053774525266876115,3.4788205014259375,3.5314870910786667,40,3.139039561152458,2.303209916315973,8.427001358754932,41.77803869172931,39.85200786944479
318,0.48921520484698305,0.17520066356200206,0.4567671662246639,0.09834948808899491,0.042340654922843196,1.056806357579301,0.9584568694903062,0.1667238591618772,0.124383204239034,2.6064970479389524,2.7461099647322493,40,13.357823872938752,4.570258563756942,4.454867675155401,181.69954006001353,2.676376763544977
244,0.4975825974826526,0.4626784907714184,0.18307663831047902,-0.021983213849428352,-0.0024252058286617258,0.7513826025927292,0.7733658164421575,0.044654406191390085,0.04707961202005181,3.556573853854961,3.568783784150793,40,1.3900739345699549,2.9231667805463077,7.840840821061283,84.47602046560496,41.511576233245435
60,0.4992415633261735,0.0908878991283003,0.49089869458413266,0.0498764724394057,0.039467705126045464,1.0810487359805745,1.0311722635411689,0.20303297981228044,0.16356527468623497,2.413663584435534,2.566818238662509,40,4.49979782383889,3.969588095787913,6.657620627060532,175.20560566801578,1.6700398555956781
407,0.4995378860041878,0.45594970963610204,0.2040783227985941,-0.018234669711438764,-0.002231843009502923,0.7457041608707972,0.7639388305822358,0.04393222593950179,0.04616406894900471,3.5632051981345625,3.5613735275535143,40,6.656529700383544,0.9990875364281238,7.741091893520206,107.20682014338672,41.08733661025762
342,0.5073064740350172,0.10114531042650662,0.49712119727141707,0.03417232116197465,0.021834836221862282,1.081934105495983,1.0477617843340081,0.18830543336748146,0.16647059714561918,2.500265616350552,2.5939061181149383,40,10.999503726139665,3.334960631653667,8.362200310453773,161.11290864180773,3.6557425103150307
362,0.5153368830680043,0.4952196508086409,0.14258190805012302,-0.022031753662264224,-0.001715178275946232,0.6771428192787908,0.699174572941055,0.03419143202755389,0.03590661030350013,3.6643659100114108,3.696644727035539,40,15.627012558281422,3.2176724030636255,4.906158271152526,82.5233128843829,32.05349511457607
420,0.515557915870719,0.491532388124873,0.15555023639075108,-0.025042198858392806,-0.0021379933533730647,0.7428488253386449,0.7678910241970378,0.04351345509864041,0.04565144845201347,3.5614106475484135,3.5968497378587854,40,3.0256236232817173,3.963857094291598,8.138911304157228,74.83732540719211,43.929459537751974
27,0.5183845567264816,0.10525307815741809,0.5075867789756736,0.0172492310523348,-0.0042251552205736734,1.0527679721621364,1.035518741109802,0.14310195263392922,0.14732710785450293,2.787912893235127,2.711853940414021,40,3.197836086153984,1.1942300722934307,3.8064754710532727,66.29186081048101,3.081566826440394
504,0.5200148881294347,0.5185989424370122,0.03834867376430424,-0.026174906612439895,-0.000603731073785938,0.337744949863211,0.36391985647565095,0.013095853535644941,0.013699584609430882,2.9513001577105706,3.1082745004042778,40,7.456673985347152,4.7585529900155965,0.6729978492483497,101.78282631747425,47.87045463779941
406,0.5256256381956197,0.4975758175138257,0.16941256551389722,-0.026626161683915888,-0.002451548236011136,0.7875692671597314,0.8141954288436473,0.05033497260008044,0.052786520836091574,3.511924697686856,3.545530992342703,40,10.721787790767848,2.5790127113461496,4.8100383539684115,20.777058040723205,22.968226508051156
462,0.5267654993317116,0.49488965002400087,0.18046086995609148,-0.025806863389973234,-0.0025641365695528,0.762160234799648,0.7879670981896212,0.046104736784830985,0.04866887335438379,3.5513660149578805,3.574772999100284,40,14.329600238241255,4.402177372109145,2.3962842356413603,16.997620335780084,12.248605367355047
391,0.5276487195521988,0.4964450932545993,0.1787608475827613,-0.024948393908784172,-0.002348898735359111,0.7752751628765788,0.8002235567853629,0.04855056467225439,0.05089946340761349,3.519644744053654,3.5509247602126104,40,7.318408052437007,1.959224595502019,7.300266988761723,50.48211254645139,36.22470312546939
348,0.5277027250796422,0.48817074357785434,0.20039833125833487,-0.01992478064019071,-0.002642871499272307,0.6258010163668355,0.6457257970070261,0.030690601252914403,0.03333347275218671,3.5745114965889746,3.547372557029985,40,3.408596838824451,3.493208371382207,2.960223850142211,198.38995681144297,20.504729399830104
236,0.5322644066100468,0.10037097624119758,0.5227150903430416,0.03812689774663584,0.03757121051653238,1.0841948125287248,1.046067914782089,0.20894888808721435,0.17137767757068192,2.3874818852699837,2.538208864111555,40,4.745534113608301,3.420269480347634,4.831514726951718,103.28634313773364,0.9655912538990378
424,0.5338367468423163,0.11974792818088086,0.5202327421218065,0.07676371314398017,0.05914410111788988,1.0877500707817462,1.010986357637766,0.21092996239289344,0.1517858612750036,2.38420936821118,2.613091439328909,40,6.472379714250565,4.46287510516122,5.115123852994293,165.56329438835382,1.0748584237881005
329,0.538013920831637,0.537989974451115,0.005076061339224485,-0.027170242299175702,0.0006424604505353686,0.33386102045057575,0.3610312627497514,0.01324454274889481,0.012602082298359444,2.901978495526477,3.2159899528451676,40,11.353326446376741,0.2936870502308011,0.4734842278063297,8.398647081106901,48.90432758620009
471,0.5381375607598429,0.4944151555955797,0.2124751472948126,-0.021779292192741183,-0.0027807775019754294,0.6531895638787418,0.674968856071483,0.03223720773165678,0.03501798523363221,3.643119185391876,3.6181956211539967,40,6.521382109262049,2.276061916165054,2.1614547702483833,86.27301035728306,14.383532627858221
332,0.5451725136221734,0.13499480441717618,0.5281945402874657,0.04982519243915752,0.03398586195640729,1.074624420953017,1.0247992285138594,0.1860655648402441,0.15207970288383682,2.50568637561992,2.6504850886650813,40,5.2597189750522375,4.973426259122789,2.2003984628245234,59.23623322043568,0.8284252753481268
77,0.5478331992745351,0.5433306409518074,0.07009300129307242,-0.01773051767170031,-0.0011485802650608925,0.3250086734032617,0.34273919107496204,0.01375633969657306,0.014904919961633952,2.771838272192325,2.8046613854397484,40,19.323278690688312,0.6323595851659775,0.19770250013098123,147.6751989480108,18.824821943230926
125,0.5494827674138285,0.0758847033479353,0.5442176251120092,0.0034257679432862786,-0.006976571341977602,1.039727455408523,1.0363016874652369,0.12553664723714272,0.13251321857912032,2.9360239770479017,2.854304136196107,40,18.199628272093832,1.2124502158723773,8.95947846453637,116.70649955421686,10.254840995464473
301,0.552044110119788,0.06272762907366441,0.5484687266095902,0.033328861925013394,0.12555628023320617,1.1218028497666999,1.0884739878416865,0.3374205857814359,0.21186430554822974,1.9393012452020941,2.373624692534542,40,19.533111634664237,1.9516838544979693,8.874097208678723,126.36871932540089,0.2342602544464171
285,0.5561247058345047,0.5523243770034286,0.0649035515768499,-0.02201458164017122,-0.0010289155951384336,0.34801394945825315,0.3700285310984244,0.01393810588051864,0.014967021475657072,2.9476860243119605,3.022920627798854,40,18.286681653000414,1.3527575579471889,0.3108732652850449,107.63717030268162,16.614043130911888
294,0.5583991472152361,0.5447123866022465,0.12287401471746429,-0.03007552269534928,-0.002019686361792993,0.6506091101543986,0.6806846328497479,0.02936558685221282,0.03138527321400582,3.7977303782620915,3.8422267321931676,40,11.814846551977098,4.225196142867207,7.638484589476138,1.395768653601408,43.21789587382227
442,0.5723219907135462,0.5495699005161929,0.15976665954115143,-0.030621202036365803,-0.0025178805030150616,0.7558717418064801,0.786492943842846,0.04460387001317624,0.04712175051619131,3.580578744028652,3.623214171254922,40,17.051116179674864,3.8848299359902745,6.888802180904895,9.796287496574223,34.32161291409284
252,0.5785307440410534,0.5773057919831428,0.037627707124021366,-0.029685539972480978,-0.0006080490811424783,0.3382362020548508,0.3679217420273318,0.013067055388636211,0.01367510446977869,2.9588957702885357,3.14558317377303,40,4.219332383945584,4.438649704027921,0.33196043046191337,41.867943082004786,21.810962641984226
481,0.5801719456176836,0.5766001958757345,0.06427830581053721,-0.024210864075896454,-0.0010539971879095712,0.3001315623880761,0.32434242646397254,0.013652928111385177,0.014706925299294748,2.570258258196631,2.6747998315805424,40,13.989217994734645,1.977491286583245,0.13863137112930418,194.17188084684312,25.44538031043485
205,0.5808931391250943,0.5654116302662836,0.1332160930301949,-0.02497615763550444,-0.001543555261535703,0.6120656847236736,0.637041842359178,0.02740678498871011,0.028950340250245815,3.703337675231901,3.7515961909787294,40,19.180198674090207,2.1695506664924324,3.742904687486589,110.73434908129275,30.603386866208165
66,0.5816402249398771,0.561082386387145,0.15327069828971646,-0.025051060251323042,-0.001947404533730394,0.6487329516786182,0.6737840119299413,0.031462418219130546,0.03340982275286094,3.6601042711709804,3.6929155655604973,40,17.78836229722947,4.829507027100772,6.333207119815051,162.52528489939868,44.41890189014375
126,0.5816541221954413,0.5758534670006129,0.08194084701980708,-0.026902931281786564,-0.001329385175779179,0.36490042284226976,0.3918033541240563,0.01382669266822035,0.01515607784399953,3.103006912400262,3.1810573245019595,40,12.995020945556462,4.941739065200091,0.44068334875628357,84.11554536782205,16.19170555472374
250,0.5818150460538394,0.5423311991756953,0.21067894582820457,-0.025950071291913263,-0.002835536449251623,0.7284784884689737,0.7544285597608869,0.0412395343814069,0.04407507083065852,3.590413111368856,3.597794887788159,40,17.57632928248495,4.095932934992016,8.448200640268624,108.10899747442454,46.91363256983459
415,0.584052678832927,0.5781110308855079,0.08309733822700714,-0.022006087380362194,-0.0012745210972521786,0.3405712252723075,0.3625773126526697,0.013936668228093873,0.015211189325346056,2.8846741114994128,2.9363855951287454,40,8.280387191101909,1.921640992164612,0.4195283236913383,168.37403886485845,20.633282537944616
47,0.5883838799281427,0.22491913596999344,0.5436975008530079,0.1366599304012152,0.05434725626144245,1.0539850685111198,0.9173251381099046,0.1691245549667996,0.11477729870535716,2.58000589195075,2.7523402454473325,40,9.318098986521363,1.3844724613241852,2.417371400818229,132.49523881822824,1.1796612117439509
437,0.5978800533992022,0.5686575847931893,0.18463236311603035,-0.02287105008731697,-0.002744634124800966,0.46498452718684985,0.48785557727416684,0.017317362876429092,0.020061997001230063,3.536402335623035,3.4473907334654994,40,16.184171084314585,0.8939907056279481,0.5695246309041977,94.40957377571613,8.84629842750728
414,0.6048176250989419,0.5768828924493383,0.1816878863039839,-0.030498188963974087,-0.002533345363436982,0.7256923931231778,0.7561905820871517,0.040747828821476616,0.0432811741849136,3.5958196188949088,3.638286006642079,40,13.829449224285781,4.700247816834599,7.065588585380465,55.80608130712062,40.30276823733002
192,0.6059487053583325,0.5847992223520735,0.15869373983194568,-0.029086112837992572,-0.002081746800005246,0.6739669537751095,0.7030530666131021,0.03447744691516077,0.03655919371516601,3.6308446519246926,3.6824965787481014,40,8.778710722923279,4.565704675577581,6.756144407019019,114.26249666139483,43.50813191272319
168,0.6118172312960516,0.6090124050497528,0.05851679251532863,-0.02757421726165194,-0.0009776356991335975,0.3225166890651089,0.3500909063267609,0.013299030065018935,0.014276665764152536,2.7974859408056076,2.9283117857797905,40,6.4148832857608795,3.3492432946339252,0.45349698290228846,141.0919361812994,37.86281792754308
13,0.6141373621129518,0.5830629474126947,0.19287897474187313,-0.029040946598078654,-0.0025514974191264894,0.7604411516861536,0.7894820982842322,0.04632489300703552,0.048876390426162,3.5377941817809893,3.57400274518539,40,18.864576622843742,1.41300485720858,9.472918243985623,70.67584779020399,49.038719452172515
400,0.6181252391795828,0.5933833256513013,0.173133012882634,-0.028579945319814955,-0.002275866675244451,0.6586088712521969,0.6871888165720119,0.03229862975330271,0.03457449642854716,3.666303006097812,3.701992465242833,40,9.815013384446502,3.543851287197322,6.748447860218584,128.61231328267604,45.73106954805553
116,0.6181500629189715,0.10464122374282306,0.6092287867298564,-0.0006378185777103612,-0.008363618533992284,1.0236953696210498,1.0243331881987605,0.11606447464593286,0.12442809317992513,3.0069980324878554,2.9088808633581444,40,1.5441591888666153,4.47731604790315,5.847496006265282,71.71585463639349,7.92003514310345
287,0.619051017973338,0.5882499328460273,0.1928371835525252,-0.020736083966218937,-0.002279085852310655,0.5921815681610422,0.6129176521272611,0.026038768887128118,0.028317854739438774,3.675749480831983,3.6535043561913554,40,8.12572231516242,0.8826986375264824,3.385707828588784,180.40480441693217,29.188267765101045
449,0.6194473636772162,0.5899137798699673,0.18898880571658497,-0.025769723824418334,-0.002097464267353354,0.6922035293579717,0.71797325318239,0.03628535537212237,0.03838281963947573,3.6407089737566123,3.6718280348468655,40,13.416557208634913,0.329976861178875,6.008436048123985,81.79186727013439,36.96264588460326
409,0.6220743265757186,0.5789371454815382,0.22761425563070972,-0.028652950508827556,-0.0032730734690820168,0.7305107407955387,0.7591636913043663,0.04104438541492787,0.04431745888400989,3.6088905877297464,3.6113257672538084,40,12.146643030457199,2.1913824672810738,8.5455511264503,83.43340505473316,48.075013850443064
134,0.6298116273021093,0.6115635005189217,0.15050837424533478,-0.027362538716958006,-0.0017905984285718466,0.6325042362200968,0.6598667749370547,0.029788499142111534,0.031579097570683376,3.666557605125347,3.7221260549703423,40,12.477506851777434,2.634805469401181,5.626247222255915,158.01572430320084,42.782371770776805
372,0.6298800710476101,0.6289505121772557,0.03420755961640848,-0.032954721536079166,-0.0005379334223394492,0.3800967159889145,0.4130514375249937,0.013390873166128997,0.013928806588468446,3.284238757209202,3.4991952110796007,40,1.452855721116066,3.440113538503647,1.1858787435106934,48.76886601373553,46.22764006806538
172,0.62998562756356,0.5888046721395287,0.22403336582597405,-0.0270647850815977,-0.0028394895686712418,0.7156135091663816,0.7426782942479793,0.039902100376793426,0.04274158994546467,3.583250502701305,3.601829357598645,40,4.870167683809996,4.7367214082740245,5.456317792087793,80.70066935755312,31.178992431238296
475,0.6300305645039305,0.6064569958524071,0.1707290964973888,-0.027962381892799183,-0.002124081086627871,0.6325980013430369,0.6605603832358361,0.030673796552460525,0.032797877639088396,3.6139914357116254,3.656300268051048,40,2.82472634781152,1.8535964751616123,4.866087505128235,175.89368553925306,33.745485364366324
203,0.6393667852598351,0.3041502228901171,0.5623900141444442,-0.0168437922686754,0.02063367142544579,1.0962390503290667,1.113082842597742,0.2549280432638634,0.23429437183841767,2.180263138477908,2.3095794570707935,40,1.0591500736773014,1.9081835798919202,5.517033094260841,38.6565627316013,0.7251421543769538
487,0.6437940715966914,0.36857060090180677,0.5278508489847553,-0.020014231215713007,-0.007024148787918042,1.0537305390768026,1.0737447702925154,0.1473220941779032,0.15434624296582125,2.7462304881099238,2.736947224704779,40,7.771146136336029,1.6407182776369156,8.254833962954581,55.30355851072818,5.813479554001241
479,0.6468094963965734,0.6171165102861068,0.19372593363069987,-0.030506844821669477,-0.002421065762945978,0.7778520853854646,0.808358930207134,0.049181222734123765,0.051602288497069736,3.5126403786803353,3.5598356410806913,40,8.44205089751631,0.10738575151190162,9.71405883571133,40.0696232393384,47.33733115419746
482,0.6475454111220438,0.6212524326518842,0.18264849955401416,-0.034218507792492234,-0.0029262922160295294,0.7406385044186555,0.7748570122111478,0.042120706637860564,0.045046998853890095,3.6106675161476787,3.650812340705052,40,18.30247680284083,3.2579573404975237,9.271134755387902,6.215849824249744,44.653674545511606
361,0.6529812729060416,0.6188016766859273,0.2084922725107082,-0.02849782365747682,-0.0026952562154347708,0.6646083720046267,0.6931061956621036,0.03306786508721539,0.03576312130265016,3.66025452933698,3.6765985126818763,40,10.73877714946866,2.0149224787950515,5.731516007706523,118.31474371347576,38.59339048769325
363,0.6633006269670244,0.09607948153162761,0.6563051538449636,0.07360105987070549,0.08107194499900607,1.103758108945545,1.0301570490748397,0.24895706832703537,0.16788512332802932,2.230283972686349,2.5307593794490737,40,1.881265320815146,0.36055910866707563,7.528960334416479,194.60239706467837,1.0696416440419854
464,0.665478650526702,0.6325323714538877,0.20679611546100518,-0.03292495523767749,-0.0029714447077163796,0.6885595944620816,0.7214845496997592,0.0362112722397579,0.03918271694747428,3.6192162837466157,3.6518288703327455,40,9.356316165067255,4.629550169780851,3.626915395073593,51.69798372685909,22.14503368418664
477,0.6707896741653038,0.17649693498065078,0.6471534739991978,-0.004933971825825531,-0.009747985414772082,1.0208957572892552,1.0258297291150806,0.11370534185366157,0.12345332726843365,3.029172779353448,2.9236801540503694,40,18.56599149480462,2.1281344057060783,6.640140362456441,73.79731856100261,10.202950362954288
6,0.671016184292072,0.14029320648581553,0.6561863575203467,0.03283827755867687,-0.004956210492715722,1.0406522461316112,1.0078139685729341,0.1310976987198111,0.13605390921252686,2.881294364988462,2.754886942378699,40,12.332697171717882,4.763247360382229,8.233658874966205,194.09411059133708,7.620800352003425
343,0.6714879497562436,0.6613744442704987,0.11610301948585358,-0.03219092785911122,-0.0013957516386259403,0.6096827355073364,0.6418736633664477,0.026946021296917096,0.02834177293554304,3.7204748654860538,3.815039661174885,40,6.376572146080434,0.22438360126689078,4.1985981823876495,72.63956786971539,35.41327173402533
206,0.6725542400364987,0.6501133358083719,0.1722842314176875,-0.03202710834094189,-0.0022593573091202798,0.6604892064179525,0.6925163147588943,0.03212130403657267,0.03438066134569295,3.6878829525773407,3.7409091785126263,40,14.27348091546446,3.372295160219074,7.057915900181979,90.48984069749713,49.00762557853013
75,0.6732527040146761,0.6548762248862484,0.15622526537602294,-0.04032596246299647,-0.002992355888474567,0.6469059453337747,0.6872319077967711,0.029205741863538116,0.03219809775201268,3.7853585419210787,3.8299068215226937,40,1.211498161777854,0.8985487009398639,8.168847795203328,2.4915161253884435,49.872594559006394
494,0.6751091940260479,0.06541307673221455,0.6719326999416871,0.036710436499755486,0.1170012020405713,1.1132850969944463,1.0765746604946909,0.30651652302339266,0.1895153209828213,2.0297008128808103,2.4842778650439925,40,14.939660316333175,2.833618608955294,6.416797501593828,109.81063584797084,0.35088265901431437
158,0.6757983506770743,0.18619613033554247,0.6496417565288761,-0.007389862896648169,-0.008346970295268423,1.0452220743627723,1.0526119372594205,0.13291808484266485,0.14126505513793325,2.867988821755937,2.8093909183051986,40,13.882411169819534,3.6678819214925173,2.442937263287604,26.68280622549355,2.2409627085551618
473,0.6779036961267686,0.6642263010848569,0.13548742439600542,-0.02630124336884604,-0.0017366118814665175,0.5227493082633481,0.5490505516321941,0.020438350543939478,0.022174962425405998,3.65822458175425,3.6921420659081123,40,11.723988346755505,1.057831958308816,1.7525816384702921,112.23782883491367,21.36969800852239
356,0.6796657971972225,0.6534141158164746,0.18707108042535797,-0.030611991481583712,-0.0023325898489404417,0.6516162423191086,0.6822282338006923,0.032294565950278985,0.03462715579921942,3.627483393962669,3.6787365357755357,40,3.304553479887545,4.413478713203221,3.955461477302015,108.6285694418475,26.55398899400607
76,0.6800432911034546,0.65054228822401,0.19812523566443282,-0.03695838385026311,-0.003201168632187419,0.7518865810669659,0.7888449649172291,0.04487912415977374,0.04808029279196117,3.5493656069242476,3.5992747851278146,40,5.168447216972709,3.5582595006562774,7.480772972572595,36.277049673721194,38.895031278766695
2,0.6805600779456791,0.6688953997468968,0.1254629980945295,-0.033666892629689436,-0.0016257634215150391,0.6481815114178188,0.6818484040475082,0.031033001602120275,0.03265876502363531,3.6813820039089022,3.7765947880231963,40,17.950021721422672,3.3226979751139885,3.26966129783541,34.30589161720127,23.563515199534596
355,0.6810094111693998,0.6781072541097186,0.06280421980305351,-0.03379391071184433,-0.0010539132250705174,0.3395754677775435,0.37336937848938784,0.013255399421067326,0.014309312646137846,2.9496077391772744,3.1201181332866623,40,3.819900185801089,2.479270791914314,0.6340784977190197,130.8115957416594,37.50728853689507
290,0.6812793144048438,0.6540643048577118,0.19063417675467378,-0.029997311715834484,-0.0028265550479606508,0.5564419275312712,0.5864392392471057,0.022808039962189653,0.0256345950101503,3.687343769142642,3.670878340454609,40,18.619743580929935,2.7888198689557613,2.6249398526735606,164.43000841978937,25.828494863491507
429,0.6842340428914374,0.6577104221049327,0.18866167100424167,-0.028938635992596263,-0.002162621285390184,0.6777618779760227,0.706700513968619,0.034656610280573895,0.036819231565964075,3.6478862022581664,3.6893513958838993,40,19.675312486477196,0.5487610423006117,7.460844736266881,113.60931558627635,49.38934594169259
9,0.6850575693645892,0.6514311519463117,0.21199369711767432,-0.028816767362945396,-0.002766034093121813,0.6497849735586819,0.6786017409216274,0.031144600140993472,0.03391063423411529,3.6876003436711793,3.691864585278059,40,11.419546272605658,0.7009908014908434,4.507910734694451,109.1405496057123,32.42909870194271
42,0.6865764237139538,0.6857842478982669,0.03297197195272262,-0.032609143892642516,-0.0004950712403971918,0.2974918967437312,0.3301010406363737,0.01356371443654546,0.014058785676942654,2.5561431115481135,2.7830015690884666,40,15.40103233139962,3.614209479745478,0.2578330086544156,183.11343790311366,49.28452233383432
450,0.6905132200897138,0.680056279891524,0.11971617809956508,-0.03358067438454444,-0.0015792859325727022,0.5838769824412362,0.6174576568257807,0.024802085145183277,0.026381371077755976,3.7099704463927807,3.8062621266495826,40,17.729381141252816,3.9838808714412157,4.627037726342678,120.60156626719981,42.89163782531396
105,0.6953555365922903,0.26928868772276654,0.6410950981984672,0.22990456827681802,0.08343727724970876,1.0239103166130235,0.7940057483362055,0.17149798178881212,0.08806070453910338,2.5157661395379796,2.7131573436625294,40,10.683640826493502,0.9848229995928706,1.069884730409831,188.63681016676128,0.4417481953278184
177,0.6998784423329169,0.6988544448920256,0.037845724950234694,-0.03287972514911906,-0.0005425448975134275,0.3107782771587386,0.34365800230785765,0.013741571423001331,0.014284116320514762,2.6515611717627663,2.8742118757362913,40,14.139223955571651,1.1854656248353423,0.3722976571880281,160.44917710404843,35.70960670309141
468,0.7039765843129107,0.09923094601691503,0.6969478105378197,0.0011741140413376121,-0.008999350924565771,1.0371476836783493,1.035973569637012,0.12577508846024985,0.13477443938481565,2.9256153256068536,2.832267473457967,40,1.9112858148291707,3.609482197556645,8.475915540568531,115.68172023911029,9.42128543695435
25,0.7043112635202835,0.7042683573259275,0.007774110301366243,-0.03536178661332289,0.00018799283005458407,0.3422208176756091,0.377582604288932,0.013517677946589705,0.01332968511653512,2.944290439564044,3.269674232970084,40,12.092450601048768,1.6454265757463875,0.6555060779675841,47.72236342448741,40.40735399639234
347,0.7099721705424755,0.6691735682327387,0.23720712156985946,-0.0262674748526504,-0.003290487205443246,0.5473115030862221,0.5735789779388725,0.023050695193087604,0.02634118239853085,3.6087239250266636,3.5424495702978938,40,2.966927553527057,0.948350649420172,1.6292048936709762,163.77868530992419,15.87764532007277
293,0.7147935367466113,0.7056754538314334,0.11380665197838653,-0.030528968775180226,-0.00164518289011278,0.4374568279776009,0.46798579675278107,0.016231487638982738,0.01787667052909552,3.4335800699617005,3.500187275093323,40,17.000139291398227,0.4337147559039295,1.9259684469550848,199.00180543400347,36.67340748151764
57,0.7190257163373684,0.700605502049738,0.16170934188259015,-0.033060698902614497,-0.0020238637891855883,0.6193329125640211,0.6523936114666355,0.02815709320197681,0.0301809569911624,3.696076723508887,3.761599158519563,40,12.669745529070497,1.2993249681778254,5.916838061250746,128.06125635653734,47.2373473836109
378,0.7229459431730045,0.7213927065217859,0.04736454082409759,-0.03480527680025517,-0.0007557745132339182,0.2976076600403584,0.3324129368406135,0.013502266077167141,0.014258040590401061,2.5626429082083435,2.7829913625926985,40,17.32911739591509,4.640693851746619,0.2501414407044649,175.00571436807513,39.276879675034436
207,0.7243492272371579,0.7115388999517315,0.13562520729771296,-0.0308300064130513,-0.0020954852423996717,0.39160621652723127,0.4224362229402826,0.014835655861032781,0.01693114110343245,3.2145564855319266,3.2446519302681955,40,10.211360029876232,0.20594582529738548,0.7075737253762782,177.30753037706017,18.422533468343318
508,0.7292999601272238,0.6928384021929349,0.22771337309940995,-0.03577171529995511,-0.003362480320248824,0.6993333127890233,0.7351050280889785,0.03736945651594977,0.0407319368361986,3.618108426473147,3.6477487642088398,40,4.130710648372769,3.3274104716256265,5.570338133536279,65.59834845270962,33.59761335514486
214,0.7333138494250774,0.7250236651815167,0.10995402077861909,-0.03340919248070677,-0.0018520114514494577,0.32968541229982967,0.3630946047805364,0.013789736523687274,0.015641747975136733,2.8068030583804426,2.900356822437876,40,10.936497211456299,2.951698847860098,0.1617241555824876,122.19311450049281,8.46620090138167
170,0.7348798935325608,0.15948186284071128,0.7173660107248492,0.12021124039946848,0.10378864699746122,1.078460935346177,0.9582496949467085,0.23677108225861102,0.13298243526114978,2.2497949338054135,2.654309796465887,40,15.258541491813958,3.7814881924539807,3.5275007235817615,171.90843550954014,0.1441590130329132
470,0.737182556295128,0.7180839720080616,0.16671391798810611,-0.035665412833354206,-0.0023180493259067556,0.5854967515221107,0.6211621643554649,0.025409550187727947,0.027727599513634703,3.6744397382116816,3.7387245226096475,40,10.847735047340393,4.364557151403278,5.40100588882342,197.19138982053846,46.552531531639396
399,0.7411010901722396,0.07303889381791094,0.7374931496931602,0.03186841514246645,0.08041586541367265,1.1165108158646437,1.0846424007221773,0.2819562896317412,0.20154042421806856,2.116714481811782,2.4292964251357514,40,10.12919448595494,0.424226485658437,4.736561981402337,75.89147095195949,0.5427818838506937
502,0.7455874694762415,0.7451239389548884,0.026286693141915757,-0.03862633567881326,-0.0003646822121299159,0.34294046146565565,0.38156679714446895,0.013459192673918851,0.013823874886048767,2.9562653907278196,3.244319665354655,40,11.457790630869567,3.4849106219597163,0.762942120153457,77.99726523272693,40.89534072158858
466,0.7501420761523884,0.7501031947821623,0.00763751214789507,-0.03889167745883576,0.00025856958503039744,0.3350368972094653,0.3739285746683011,0.013475125694092621,0.013216556109062225,2.886550626574148,3.251354839796572,40,19.443087082356215,2.649459535814822,0.5142493867315352,37.42736238799989,34.52395573658869
402,0.7573576269981853,0.11404355705274968,0.7487220059989413,0.013246257114957024,-0.00889649760487732,1.0470226119787909,1.033776354863834,0.13447135707261387,0.1433678546774912,2.8589073086296266,2.7451112652198923,40,19.86471827980131,4.281857856083661,9.784609976876528,159.42801123019308,8.599829587806015
137,0.7593551644737817,0.7183245636919835,0.24623177497984614,-0.03256635329327986,-0.0036765222964223665,0.5523515075421767,0.5849178608354565,0.022694388175532897,0.02637091047195526,3.6695894679933714,3.612385832792751,40,11.57335045747459,2.1033121013082567,1.8521616907790304,145.99867711402476,17.58737347610295
419,0.7615429411990136,0.7340197719496736,0.20288574537653795,-0.03943396648373791,-0.0030904751167889024,0.6601021705659834,0.6995361370497213,0.032614019350214254,0.035704494467003155,3.6559761950642775,3.7086350473173413,40,3.5029912032186985,1.722810009401292,6.350779437832534,89.97557945270091,42.30418415572494
64,0.7654513173721169,0.15100049018126893,0.7504096023051183,-0.005313769019178777,-0.008957364643830462,1.059760229819468,1.0650739988386468,0.15015426658403194,0.15911163122786243,2.73767679243231,2.6839844146734984,40,8.930778378620744,3.1338498343713583,9.407210565451532,125.51513413339853,6.895064004231243
5,0.7656502719861156,0.7278795262455896,0.23751154554023007,-0.038400426073199434,-0.0035699754908913458,0.7627009362053905,0.8011013622785897,0.046302235131930006,0.04987221062282134,3.5484519812802255,3.5872659142699135,40,17.51904086023569,1.1201287714764478,2.557416516449303,5.9133667796850204,12.575207362510262
336,0.7669613071133854,0.7656889426409499,0.04415982027201687,-0.03648599209484512,-0.0006620345427447903,0.32561619028839733,0.36210218238324243,0.013503258358761011,0.014165292901505802,2.8026354626376873,3.039478252892347,40,9.498816206119955,3.074789496418089,0.3910929284058512,88.55535507574677,27.673399210255592
354,0.7675916832076565,0.3870718189061629,0.6628517173080551,-0.020356828908023955,-0.00911541102127289,1.0537773264520904,1.0741341553601145,0.14554739371408842,0.15466280473536131,2.763484228151003,2.7351356343645157,40,18.456861034035683,4.142487592808902,6.967053298745304,43.899027328938246,4.972858705837279
118,0.7689140859592803,0.7451952777379749,0.18950691180961698,-0.041101172661627834,-0.002925433868201415,0.7143072031272238,0.7554083757888516,0.03946177206174489,0.04238720592994631,3.597581082970117,3.670957307996253,40,11.66803873796016,2.8016805239953104,7.722293966915458,42.28480024356395,45.63574943561107
413,0.7698437736705314,0.7523697566240886,0.16309256628275295,-0.03439392787004173,-0.002211997345441248,0.5654491659605206,0.5998430938305623,0.02353141170887001,0.025743409054311255,3.691050755691703,3.745125885775168,40,18.441357641480863,1.1476879594847562,3.5717817254364492,144.5779252788052,33.00906375935301
63,0.7705818867930204,0.758889349124191,0.1337288302474562,-0.03757705665789347,-0.0017404132953100717,0.6328041107397356,0.6703811673976291,0.029132589852416863,0.030873003147726934,3.710667821531402,3.8175587797987958,40,8.794212027452886,0.34411046262830497,2.74096750067547,24.464847370050848,21.659565423615277
65,0.7774897471608907,0.7657957444731995,0.13433981050695193,-0.0392617733131769,-0.0017147207623082138,0.6030999006362798,0.6423616739494568,0.026301152432999686,0.0280158731953079,3.722797092024686,3.8417595767569113,40,13.176670326851308,1.0568712178617716,3.0762461873702707,39.865749314427376,26.17935474039987
242,0.7846075845826184,0.7575945680698664,0.20410666871908725,-0.030374739648560557,-0.0029232060687154086,0.48071064003676583,0.5110853796853263,0.018484181971540163,0.021407388040255573,3.536845342390758,3.4986343089072007,40,18.92186617758125,3.1833230479620402,1.1070054998621346,167.52728727832437,14.76426413860172
46,0.7975690688716758,0.7530029186449784,0.26287454067097504,-0.04030904667208309,-0.00407156738879892,0.7091381950769489,0.7494472417490319,0.038173882020233,0.042245449409031924,3.630591120544571,3.64985883233098,40,15.16435085143894,4.62484218198806,5.347513884492218,45.28813000023365,31.79804434590042
61,0.8002947154148152,0.7985709565514466,0.05249817971499173,-0.03957242640990226,-0.0007525817758342435,0.37453495958261157,0.4141073859925138,0.014117227310162064,0.014869809085996305,3.1508898196735604,3.3943881834149656,40,17.767752869054675,2.0397460244596006,0.9435132900252938,89.45676364470273,34.230732506420466
54,0.8076684385546969,0.780684450800004,0.20702679758059922,-0.03915160331020679,-0.0032602134823512354,0.5349759068401797,0.5741275101503865,0.021764947511198226,0.025025160993549463,3.628442851592819,3.6351259932088835,40,11.23716870136559,4.1278335263952615,2.178932969551534,162.73076121509075,22.441082937270405
16,0.8169988699408243,0.7900191115844198,0.20822333398528575,-0.04047012203155713,-0.0030267363447601036,0.5956759143401306,0.6361460363716878,0.026322582108393573,0.029349318453153674,3.67649858205487,3.7194179668316467,40,9.72947134450078,2.819349107053131,5.043636844679713,189.2972546350211,41.191393134836105
23,0.8185077958167024,0.8166981159965937,0.054398521490304295,-0.03926387873120628,-0.0008454335846537931,0.3388387323774246,0.37810261110863086,0.013756929447386112,0.014602363032039906,2.8894221803840536,3.1267789870048843,40,6.895080883055925,0.4641974647529423,0.7829497230239213,174.11027760524303,45.8219381515868
357,0.8205157408996081,0.5743271092378514,0.5859986797412823,-0.02890092724907996,-0.007204333509913975,1.0382573085399134,1.0671582357889933,0.13802185300273045,0.14522618651264443,2.802976819356489,2.8003115630740987,40,16.569375708699226,1.5958452943712476,8.76002444177866,22.490311245433986,6.459516292903571
291,0.824857115816391,0.47892282493292465,0.6715818559723022,-0.025567107654217165,-0.00995972453418957,1.0481671423130585,1.0737342499672757,0.14344596821257438,0.15340569274676397,2.7708053192993622,2.7417502519548735,40,3.6478082444518805,0.7704570800065994,9.887522502895445,53.80009339842945,7.2946523050777605
367,0.8306604233344397,0.7849909347998557,0.2716357325099172,-0.03965114927147904,-0.003972168647976299,0.6771667174940258,0.7168178667655049,0.03401683500309853,0.03798900365107483,3.6759214969600422,3.6851028303261075,40,9.83662333060056,1.7535697306506337,2.719962117727846,34.9658996257931,17.68230117056519
166,0.8324950015600937,0.831521069884847,0.04025714793797313,-0.045687484948884347,-0.0006632161318981154,0.35441473581284705,0.4001022207617314,0.013289554652268453,0.013952770784166568,3.0745437184411837,3.386347031041511,40,11.904415720142424,4.588120976090432,0.9824662580154836,68.29860932659358,44.90988524062559
140,0.8327800785461674,0.8250638801775846,0.11310284191685577,-0.04090350490218449,-0.0018953594620226076,0.3506614875567454,0.39156499245892984,0.01363566645897642,0.015531025920999026,3.00406189650903,3.13886422751611,40,5.485006897710264,3.0892072749324146,0.8236823718994856,195.26839115004987,31.369232012424618
51,0.8343262977242638,0.8322805530200766,0.05839051411721212,-0.03857269355432419,-0.000947258425202578,0.3314387585893279,0.37001145214365205,0.013697519756834416,0.014644778182036994,2.8317254299175465,3.056069358012885,40,5.449950511567295,0.8450726987794042,0.4955231555737555,115.56126107741147,27.243044298607856
275,0.8378395270094805,0.8316039254546789,0.10202933003719476,-0.04050663416681456,-0.001511225325162115,0.436630372621469,0.4771370067882835,0.015894959819931147,0.01740618514509326,3.4612797080383415,3.6173388010630787,40,4.781451739370823,0.15335734253749253,1.1257650708779694,84.58055876474828,22.10328132174909
390,0.8427211200221063,0.813282379317274,0.22079551087679966,-0.03491662068006726,-0.00343128822901941,0.43225307665097057,0.46716969733103786,0.016424326686396287,0.0198556149154157,3.3734725358833635,3.3173416105162574,40,12.571754788979888,4.050110072363168,0.3485988359898329,136.61734907049686,5.99886066224426
243,0.8469900325376856,0.8204405184771789,0.21040311513636714,-0.04211181591683312,-0.003025579607579729,0.6583612622358878,0.700473078152721,0.03180286194955021,0.034828441557129934,3.6951465806574526,3.756616927642651,40,5.727647760882974,0.37600995879620314,6.53279682546854,56.897372256964445,46.13525179754943
418,0.8472196946651237,0.8344281384482022,0.14666592240303603,-0.0399843078208623,-0.002303550239431177,0.42217615743301595,0.46216046525387816,0.015725739673702385,0.018029289913133562,3.365453326206386,3.442362562276661,40,18.771518205292523,4.91787495482713,1.2600200138986113,177.96611391473562,24.967590085975825
131,0.8484177322820287,0.10341630091302252,0.8420912760241892,0.0031423202648862836,-0.01096809323987372,1.038536959366778,1.0353946391018916,0.12930457204205967,0.1402726652819334,2.8931724331627797,2.7751716740735444,40,4.02421214338392,2.261407995782793,6.949599292967468,108.72086981963366,6.950759566854685
359,0.849152747613762,0.8354121287827253,0.15214126285369362,-0.04069383320556899,-0.001968920271032627,0.6191204154197463,0.6598142486253152,0.028487402402047175,0.030456322673079805,3.672360124188424,3.784099595582023,40,7.619079542346299,0.8597266191616655,5.6075440044514835,91.37198276910931,43.98363376036286
175,0.8575225923965171,0.8487776952954453,0.122153266183902,-0.04358798724726372,-0.0017655895846028391,0.5278679008111025,0.5714558880583662,0.02047460981089918,0.02224019939550202,3.6902871711742633,3.835113886203831,40,9.462906330823898,1.111225174367428,4.09665327752009,119.69863648340106,48.80939710335806
260,0.8674591041070372,0.8152520754345163,0.2963939115398584,-0.03695067122645012,-0.004693732009737467,0.47093496608668284,0.5078856373131331,0.018258109906313873,0.02295184191605134,3.486419430672025,3.360517266271162,40,2.2685859287157655,4.081799333542586,0.5395020334050059,187.58879599999636,7.05382259171456
292,0.8694068055360537,0.11713435793273072,0.8614799682546845,0.001953090002257954,-0.010794858280306425,1.038077905664204,1.036124815661946,0.12885908597140697,0.13965394425171337,2.89623451803905,2.786808851540997,40,2.883135190233588,3.7380906144157056,5.800848031230271,87.59758612699807,5.697097507771104
453,0.8709223040042416,0.8689800741810454,0.058131663388909696,-0.04084760361149199,-0.000836360931352089,0.3642512918249849,0.40509889543647687,0.014101963148566187,0.01493832407991828,3.0663351688545086,3.312647256051553,40,17.299016353674233,1.7841337789781393,1.1606151894666257,141.94637353532016,44.51153721110895
469,0.8969965355693575,0.87286909799792,0.20664540300651993,-0.04732322680696227,-0.003277300422270442,0.6554616950099444,0.7027849218169067,0.030924711446126595,0.03420201186839704,3.7312859258429056,3.800158122083316,40,15.439205449074507,0.5623131513595582,3.9978736676275735,2.816182811744511,26.75968860751018
289,0.9038680028139228,0.8769852998388769,0.21880162334257203,-0.0467570385019207,-0.003369046802482286,0.6777193829869994,0.7244764214889201,0.03417215170320995,0.03754119850569224,3.66937903269438,3.740216655964949,40,13.711357808671892,1.5271956233307722,6.773638243600726,35.22979463171214,44.81877590697259
430,0.9040935095399096,0.8861643464434613,0.1791586589719394,-0.04636820207843746,-0.0027482629703785314,0.5783203946850511,0.6246885967634885,0.024479317957215994,0.027227580927594523,3.6980586143458467,3.7890233625523635,40,15.06557844672352,4.111784531734884,3.3315152723342183,87.21282459702343,30.17341303313151
52,0.9064270166580876,0.8689278158816517,0.25802012966980586,-0.044674904552072583,-0.004101607540089985,0.5810713909000265,0.6257462954520989,0.024321304109467947,0.028422911649557937,3.72703849930398,3.7196842757025363,40,1.0761370612308383,3.6978718109428885,3.977963133901358,150.18487132154405,35.01520663211122
452,0.9108835119653145,0.4614043748206456,0.785375563196764,-0.02560654268145455,-0.013546834857574044,0.9983636213019554,1.0239701639834102,0.10328441806692186,0.11683125292449589,3.1065131721179586,2.9975457380912216,40,2.5818658880889416,4.856579095497727,6.56559713287279,29.37539133988321,13.501460329908877
340,0.9140112271582559,0.8796941809678821,0.24810213893190827,-0.046967438186379204,-0.003964984510153761,0.6078936726723526,0.6548611108587318,0.02682640166023335,0.030791386170387115,3.712533407037219,3.738112209501156,40,2.063060793094337,3.78621485400945,5.210021997150034,127.0200661579147,41.374514354206624
45,0.9199495090180703,0.8851639175676317,0.2505831961223889,-0.04087986466338496,-0.003533875855990015,0.5815537905269412,0.6224336551903262,0.02454517227032119,0.0280790481263112,3.719743904433529,3.724396777816962,40,19.479130449704826,0.914376248139888,4.215202528890222,155.53445757739246,38.313572346884754
117,0.9200944300966032,0.9069229611066549,0.1551273764115474,-0.044976222057347574,-0.0024402081514434105,0.448896215907636,0.4938724379649836,0.01648157241448296,0.018921780565926374,3.4971680286905737,3.592278155382906,40,15.964119822718203,1.5508226608857514,1.676294160820544,158.92601181473583,27.980750603135675
381,0.924006379241044,0.9073217842329854,0.17479979615095673,-0.04354741676248613,-0.0024756132703684956,0.5330565590391532,0.5766039758016392,0.021274694785086392,0.02375030805545489,3.6584745415522995,3.746157053850476,40,18.140179433859885,2.2472694292664532,4.338947782386094,190.14401585888118,47.0054916058667
15,0.9267539334190539,0.3733836669967834,0.8482084002930668,-0.0199506695403712,-0.014554298876108521,1.0111986784120528,1.031149347952424,0.10904315899459097,0.12359745787069949,3.062915558816561,2.9353159778168996,40,9.932793241925538,0.9624066443182528,6.436690037697553,43.19118927139789,11.518022397253661
327,0.9307981557688318,0.9269346929827482,0.0847188392722466,-0.04485914516665012,-0.0013507215908714204,0.34942976338249593,0.394288908549146,0.013712016765390949,0.015062738356262368,2.9823805022726875,3.210738691617653,40,7.041345173493028,1.5095362402498724,0.9649482279084622,183.82051683589816,43.415505793411285
365,0.9311023022222631,0.9305121418570951,0.033145905631313734,-0.04788753907733736,-0.00038894567862663234,0.36852876280242197,0.4164163018797593,0.014079192205618141,0.014468137884244775,3.105716109310489,3.46073324362244,40,19.99303675442934,1.324147272575647,0.8049818094819784,54.11845523491502,30.44840797400102
476,0.9353009497615117,0.9280020190482219,0.11661954924972594,-0.048245365922039665,-0.0019803181359581965,0.3635494453920363,0.411794811314076,0.013827688519312192,0.015808006655270393,3.091827061900273,3.2731999544993213,40,3.553125803358853,3.9000593021512033,0.9223184341564774,159.94165272079408,29.097533422056586
133,0.9355045861041418,0.9257232208371768,0.13492719898050648,-0.0478015453460799,-0.0018209076503015737,0.5824931550336476,0.6302947003797275,0.02466518814410972,0.02648609579441129,3.7137717538862796,3.874723125696209,40,17.367265598848462,1.3731758114881816,3.9378953551873566,44.36243296042085,36.82901691934094
213,0.9360820605143314,0.31854418364901704,0.8802154435592104,-0.01613086653558531,-0.014983467282382572,1.01734138951977,1.0334722560553553,0.11192898214894291,0.12691244943132549,3.041758303925812,2.90281786052308,40,15.529018562287092,1.6712462744675578,9.236257363762707,80.18292848207057,15.010447541158646
423,0.9364105588720689,0.9262622757730953,0.13748793127670064,-0.04638974054961268,-0.002105587298160918,0.43591225408679624,0.4823019946364089,0.015941562355759158,0.018047149653920076,3.452307515313806,3.591096644616674,40,7.932812355458736,0.3912632649764419,1.4159462703391912,125.9869939237833,26.279231437202544
488,0.9366805077369518,0.905375828528887,0.2401353424425177,-0.05038088353704384,-0.003891476725015437,0.6513267617974352,0.701707645334479,0.031371499900881186,0.03526297662589663,3.677593161352383,3.74048183321588,40,6.931052337400615,3.712284277565778,4.487906082253903,43.465474982745945,30.89916722653434
382,0.9366917912503472,0.8959367035997817,0.2732927641532811,-0.05195536090024697,-0.004820467083986826,0.712602355505692,0.764557716405939,0.038542780480869565,0.04336324756485639,3.6307224059178673,3.671845752103421,40,12.936188180930912,3.598359051253647,5.060318354144692,11.41893667820841,29.379405576363208
350,0.9414352173853805,0.9380956023058187,0.07922694912680874,-0.04938227773433583,-0.001292508500056759,0.3740283968542292,0.42341067458856496,0.014101177281442617,0.015393685781499373,3.148512899412435,3.4120005128906756,40,13.513922514393926,4.249962667841464,1.0455456659197808,114.52093267813325,33.07542078504339
486,0.9491845204419879,0.9150420212450305,0.25228823437190956,-0.04727642293890274,-0.0038158076523217245,0.58747452552246,0.6347509484613628,0.025762503846486283,0.02957831149880801,3.6623155937540814,3.6984954578659894,40,12.128366528078914,4.981134680658579,4.373642819002271,165.82794036436826,36.42302687028423
149,0.9517615483607422,0.9498452865901732,0.0603653582816268,-0.048544272604954475,-0.0009189037312941787,0.3747126839886692,0.4232569565936237,0.014012728302328395,0.014931632033622572,3.1647255746283607,3.4627152856096473,40,15.662850520573556,0.3559953816235065,1.2058090451173487,101.12889278959483,42.105075110215694
346,0.953990257052235,0.9336261602937759,0.19606020342152575,-0.05000581010182557,-0.003010629885928421,0.6221483290079455,0.6721541391097711,0.028071970592968058,0.031082600478896476,3.7165577779946704,3.814923212080037,40,16.75631614588201,2.61096463277936,6.126616302132606,51.30562724266201,48.421569026634096
404,0.9574870859331578,0.9508011871162304,0.11295407167135396,-0.05092154549014803,-0.0018625995601857129,0.4199422169751405,0.47086376246528855,0.01471233343399882,0.016574932994184534,3.4617016561908054,3.6577596714354272,40,1.7483262587338686,4.542077199928462,1.6587761307135225,93.18107362091541,35.347154694888744
441,0.9699301175720099,0.9572286437382367,0.15645368829244283,-0.0477412025238175,-0.0024199823937567653,0.46710310745118555,0.5148443099750031,0.017366146480695895,0.019786128874452663,3.5437524011329287,3.6632732361615465,40,12.756558150053024,0.1638964363373816,2.6651532258838415,191.75828649755567,39.283845140691845
422,0.9789703880464367,0.474646935577232,0.8562086820506633,-0.027134270359098066,-0.014723270935879737,1.0323657831463833,1.0595000535054813,0.1239372410034935,0.13866051193937326,2.933276373618461,2.8464267095358347,40,11.957345956005156,3.168070983048529,6.223856202512979,39.16323421150446,6.6002518623135975
78,0.9811926048677312,0.40544970100451533,0.8935040390521314,-0.023558407110343627,-0.009490658001630967,1.091432418294801,1.1149908254051446,0.24247404072472603,0.25196469872635696,2.217471919206182,2.2314891342938834,40,14.118816322647035,4.334437157120556,9.356844762898982,52.70890215784311,1.3708006030879916
193,0.9835299178247152,0.98322306108708,0.02456646907561593,-0.05479633853782773,-0.00031024189948840764,0.40577532559534424,0.460571664133172,0.014447508283662435,0.014757750183150847,3.37561477842758,3.7912669278922584,40,13.321779266931117,1.4436110264621678,0.7289704920724034,1.3096747137606144,23.812371496483685
240,0.9894098235442372,0.9624910799826678,0.22922198821150708,-0.049948463750905246,-0.0035102128192559825,0.5587252244329959,0.6086736881839011,0.023585086934511657,0.027095299753767642,3.6401791127336183,3.7082468703372045,40,10.022531805559993,3.9378369675017897,3.022051897738129,145.4809480998665,27.1401286396198
184,0.9926249942869124,0.9634524482552189,0.23888021942831011,-0.05872940343532662,-0.004500089626558542,0.6316464165787643,0.690375820014091,0.028104542531876008,0.032604632158434545,3.767783552268314,3.823419104794252,40,7.077346072532237,4.504299543704837,4.682952457759529,3.524782959371805,33.36576389772817
484,0.9941354822768251,0.9594831777510882,0.26018721862237865,-0.0505202238574843,-0.004167260829992226,0.5365504752976289,0.5870706991551131,0.021626154844630662,0.02579341567462289,3.649379500659291,3.6640276076183036,40,3.159455298446119,2.9822189589962367,2.5375260456465187,147.08759765233845,24.24207216128707
113,0.9991475899570191,0.9567299633793359,0.2880341710441561,-0.052098910380505556,-0.004714826100712248,0.7015212605087553,0.7536201708892609,0.03694658155822763,0.04166140765893987,3.6540090316240517,3.692758063713298,40,14.456586075015366,0.41008881358429794,6.728463270701468,20.891168428584933,40.98773800786584
67,0.9998279865511536,0.9785294116536746,0.20527102381887008,-0.05090047338716737,-0.0032442517206478297,0.5150432043983937,0.565943677785561,0.020343181466232672,0.023587433186880502,3.6119701893827783,3.689617970148697,40,4.3377145659178495,1.7923545653000477,1.238921932131052,74.15292254649103,13.410582803562283
311,1.004932262481342,0.9929245458086673,0.1548860823525486,-0.04751839158852428,-0.002549606192048268,0.38774564961821395,0.4352640412067383,0.01492050707570668,0.01747011326775495,3.173882011982618,3.2906781503544438,40,6.226509667001665,1.155405654013157,0.14183368477970362,30.795812170021236,3.4510419268161057
19,1.0054240780333539,0.9655373757457131,0.2803839380693935,-0.055588818644742646,-0.004942212584809904,0.6902079621726672,0.7457967808174099,0.03540247292642703,0.04034468551123693,3.668993646448084,3.713359083910144,40,4.840184845030308,1.4966766074299813,5.748107704240828,10.371771708130836,35.25451342537999
232,1.0075270098437297,0.42113520068471644,0.9152900186874597,-0.022200073316735406,-0.015632591988012378,1.0069885925972897,1.029188665914025,0.10676086731160339,0.12239345929961579,3.0822828662781525,2.944631586791248,40,6.837538252584636,4.8188037757761775,9.767365792766213,64.0925794634968,17.78460268890485
36,1.0126017089152752,1.0114896533534794,0.047443672465291416,-0.058383250529322736,-0.0008484590535613133,0.38445113698510225,0.44283438751442494,0.01337973958217123,0.014228198635732544,3.323252470656141,3.7124085671915,40,2.786355009302497,4.772996324021369,1.1782010794617237,7.941320193000138,42.21307770339772
114,1.0142221827846418,0.9980364427074688,0.18047131373230746,-0.047879334018365804,-0.0026636011470812073,0.49399132763305287,0.5418706616514187,0.018961415068270593,0.0216250162153518,3.588795627467829,3.688416248167509,40,19.066683501936495,4.212336729094386,2.8359797342680397,181.06329788267612,35.836875141691415
130,1.0142661519724632,1.0140449955036435,0.021179568717122007,-0.05630990912680243,-0.00025342243567585173,0.3558729754964304,0.4121828846232328,0.013517979413229464,0.013771401848905313,3.06178481431263,3.5116514418360736,40,18.104106621816754,4.379212313052267,0.6128615136258304,22.19164754729718,25.867810274939984
392,1.0152938028427632,0.9950618791357035,0.20167638131879065,-0.0522065379914254,-0.0031278808252322154,0.5205640742486526,0.5727706122400779,0.020767712263425116,0.023895593088657335,3.6137975645977165,3.711360517477246,40,5.894794869236648,2.8159592806361617,1.0897625143639744,60.75032607931644,11.425627992302179
485,1.017159477323543,0.9988658590251982,0.1920426983328349,-0.0532723364450847,-0.002905635316033142,0.6067858515018092,0.6600581879468939,0.02648196575117735,0.02938760106721049,3.7320121912044315,3.8526594148861735,40,16.72143147327006,1.2084949559532108,5.179622187186032,33.84023233409971,43.139343962073326
387,1.0175889279209285,1.0086394907732774,0.13466107039485595,-0.053161056630364724,-0.00213589502339188,0.42014863873997566,0.4733096953703404,0.01519464686697442,0.0173305418903663,3.4090875211447753,3.5961279743902503,40,4.113051316700876,1.226724244747311,2.326952544040978,185.30424470454454,45.247695407178256
241,1.0185309183731248,0.5988968640747004,0.8238493660151053,-0.032489656967304506,-0.013369610321002413,1.028664078812692,1.0611537357799965,0.12519625740521761,0.13856586772622004,2.9111816251249123,2.850758580731425,40,14.608353692106903,2.0903939783573153,9.683765923511237,32.132610293105245,9.00429718149826
302,1.0206692907155395,1.016384080120958,0.09343020221767813,-0.05269342297470405,-0.0014802855774541993,0.3804347349834966,0.4331281579582006,0.014334688022696229,0.01581497360015043,3.1774440954735566,3.4424540577762928,40,15.21938298549503,3.2839131404645743,0.688908273074776,75.1947758672759,20.01056678518653
14,1.0223906423525635,1.0158269869998495,0.11566398770963768,-0.052687582553989976,-0.0018323783215660285,0.40458810842735293,0.4572756909813428,0.014933516111997985,0.016765894433564014,3.3101149777160757,3.530833878511328,40,14.549652066081762,2.596907834708691,1.319131305627525,131.27508421707898,30.803763834480197
79,1.025866566189534,0.9912905890632924,0.2640931268701565,-0.049382815668942925,-0.003976931918776953,0.5597156879218372,0.6090985035907801,0.023428567618031297,0.027405499536808254,3.661600727536406,3.686675685122393,40,10.354428650811315,2.287358757667244,3.310302418842912,165.27685971558094,31.593962503876536
186,1.028362386591942,1.014879846251487,0.16597619055043042,-0.052853452309612955,-0.0025669801619689096,0.48935793750731554,0.5422113898169285,0.018563727907575146,0.021130708069544056,3.5921697761808695,3.734521704902973,40,17.108494829386473,2.8476741657592357,1.6093271097168327,85.62049166299403,20.989500844292344
55,1.0358040581770087,1.01034310557692,0.2282473569379157,-0.05545165199516257,-0.003630745765469527,0.619777850431301,0.6752295024264635,0.027978079666682133,0.03160882543215166,3.706464728443771,3.801345509227874,40,6.280382133089006,2.4939258075319235,5.422198679391294,52.20637936145067,41.724135632812974
221,1.0390176744482544,1.0386013422332752,0.02941053768801691,-0.055636757231124954,-0.00037719089512346175,0.3779120369761539,0.4335487942072788,0.013967477318481381,0.014344668213604838,3.196613193970629,3.6192707041155976,40,18.655741188675165,0.7845814814791083,1.3987409028224649,46.22270579729229,48.330465734470636
257,1.0398133668572986,1.0326500819740692,0.12184271046746777,-0.052355233085310184,-0.001857699025721323,0.43312493720166695,0.48548017028697715,0.01584922988320638,0.0177069289089277,3.4384172307580605,3.6492316845828525,40,13.101157266646624,0.799028904363513,2.135900128632784,140.45582837052643,42.67932956581935
505,1.041799613895654,0.7216618658669803,0.7513658142785857,-0.039661493606503895,-0.012639459928191408,0.9759082223595478,1.0155697159660517,0.09695137776692322,0.10959083769511464,3.136897114045726,3.0682068044433914,40,12.296644638292491,1.8633079817518594,7.0048732832074165,13.801413213834167,16.08689681822434
161,1.043611917136149,1.0232596689247357,0.2050987165747963,-0.05492272614177189,-0.003123984746379329,0.5760120533089796,0.6309347794507516,0.02422771358129012,0.027351698327669448,3.703250474946665,3.819635700024114,40,13.477920942939818,2.3859819808974865,4.766703389026224,95.9138345234096,43.3217053479515
401,1.0447376209030979,1.0354918987302404,0.1386839002707479,-0.054161482931991765,-0.002122145867108214,0.4749301534242473,0.5290916363562391,0.01747717381178395,0.019599319678892165,3.5938507982593664,3.7815819917207683,40,14.66047207545489,0.6468141818419099,1.0170391652733088,42.962928463704884,15.119714618101716
472,1.0478226341870047,1.0097534333791587,0.2798754660444441,-0.05918716481818613,-0.004937009609583621,0.6696063227172612,0.7287934875354474,0.03304913006662118,0.037986139676204796,3.6841118692240578,3.7401865878184823,40,8.029334806837142,3.1140297253616156,5.935561637021601,24.92823817487806,39.48107574768365
112,1.0492178534426972,1.0413986469537855,0.12785523886695557,-0.054190419860145986,-0.002046653315667198,0.3940494448537435,0.44823986471388955,0.014665374699298753,0.016712028014965952,3.253927480970386,3.4667077534207733,40,10.167342122644186,3.761718090064824,0.9983533550053835,106.93455085717142,23.262757581286134
124,1.0533297430484878,1.0282143585430734,0.22864553456485762,-0.06197047922597304,-0.0042197568969124626,0.6057249347734123,0.6676954139993853,0.025655663062351574,0.029875419959264037,3.781749357460842,3.8631283652765234,40,4.077131815254688,2.9594025781378153,3.552981143444777,4.91285814344883,28.765454491320998
108,1.0573469308100498,1.0528949573570041,0.09692647143904852,-0.05803935509554037,-0.0016530458770942162,0.36898838478652085,0.4270277398820612,0.013563823170731603,0.015216869047825817,3.168191209729028,3.460870815863255,40,4.591147758997977,4.2864253434352575,1.6052041144110263,139.4154010033235,48.463066298794004
146,1.0651862261799574,1.0487577835687587,0.18635666837396495,-0.05553725609751636,-0.0029554787893038255,0.5469233735308954,0.6024606296284116,0.022106195566458604,0.025061674355762432,3.680589345560512,3.8086050682113646,40,19.954653701744974,2.86183351892978,4.543209466151893,134.91418911144137,46.71128426352516
273,1.0690121200803835,1.0613342969432653,0.12789223201860672,-0.05955037445630131,-0.002130788433814785,0.5376643322375589,0.5972147066938602,0.020680457477516102,0.022811245911330887,3.7399276788397686,3.9542212110856405,40,14.812539448030293,2.155132942739874,3.000855271611363,4.406948753632605,34.67711353795603
138,1.0718973399457998,0.4480460046754797,0.9737652104471701,-0.024431036581600583,-0.016876053704933607,1.0121540246260003,1.0365850612076009,0.10933514707309788,0.1262112007780315,3.0621754043523604,2.919843862042196,40,15.868597039952874,3.4355362853035336,7.547697482164949,54.402906101197004,12.407362188864498
309,1.0765512670762545,1.0681117349805587,0.13453606297312903,-0.0582058860106204,-0.002133801472986125,0.5110020229669205,0.569207908977541,0.01925499463014784,0.021388796103133968,3.683623654385611,3.8937444113593487,40,16.32724862359464,1.9127421958372,3.2157524530775845,58.28127206955105,40.78025564374402
446,1.0765908934832982,1.0713129792304357,0.10647277804008942,-0.056127195888750724,-0.0017316390422541482,0.38803562341160663,0.4441628193003574,0.014341793320112614,0.016073432362366764,3.239512920844843,3.5024776825228896,40,13.215044885873795,3.1292964938096706,1.807882606703788,170.41034746915102,47.144718104135244
238,1.0842031013887703,1.0750465118710584,0.14061067660351473,-0.05414550214475968,-0.002197230008725032,0.405939826109828,0.46008532825458764,0.015133314877526055,0.017330544886251086,3.299461566502495,3.4945972060077204,40,14.850920801982284,3.8683818010613327,1.7962582631967963,184.79681409988552,38.68425593106076
491,1.1074239509961146,1.0729054231484043,0.274338769076826,-0.05688204616601198,-0.004136931311189253,0.5986984392693896,0.6555804854354015,0.0266059931955329,0.03074292450672216,3.671598495651587,3.7490276933820725,40,1.7265888368710876,2.4413886365480724,6.159357610158622,156.91836257930845,48.55394075792283
497,1.112162252711627,1.0973733954556697,0.18076644407271855,-0.05862586632590727,-0.0027943996460335963,0.576672092149449,0.6352979584753562,0.02431728623278141,0.027111685878815007,3.700027336603745,3.860470865958969,40,14.513679939322174,0.9766804358921946,5.024861931428313,62.822718870826066,45.53322177967057
321,1.121472854839376,0.43649132752332176,1.0330424411119363,-0.022678616648248197,-0.017714500496801767,1.0106024572240142,1.0332810738722622,0.10877718646385848,0.12649168696066024,3.0647498563236155,2.907645999957535,40,13.273486747406423,2.4695776122622193,7.698594703152776,68.20556168537587,12.855784035567194
334,1.1265450318997676,1.1133480114954284,0.17192996887460824,-0.061868017069789505,-0.002772047874785096,0.5715265774317857,0.6333945945015753,0.023695160222395456,0.02646720809718055,3.714754157226845,3.89444060462015,40,14.177535838447511,2.9911271743476395,4.115453859511763,29.804377446882427,37.96281210808083
181,1.1279054093771912,1.1130424540308046,0.1825023507448977,-0.061556065863579965,-0.0029707074549797305,0.5974237125533924,0.6589797784169724,0.026074899811049525,0.029045607266029255,3.7020938196506377,3.8674076143809204,40,16.277689699083567,2.0005195224657655,5.2311469278298315,25.58749002404511,45.39883614107966
249,1.1311492376402998,1.1162153168985245,0.18319924709277077,-0.057532707647956725,-0.002836970916747288,0.5027963036267512,0.5603290112747079,0.019050381400126375,0.02188735231687366,3.644093780619356,3.791316823287815,40,12.391399930231273,0.5245354951359332,2.3441505170427264,94.27150870207697,29.484214591700585
235,1.1329948036275355,1.1004139037181877,0.26975260063750445,-0.05487768320749218,-0.004291589927791107,0.45470777763117615,0.5095854608386683,0.017139594528446316,0.021431184456237422,3.473234932474213,3.4873704382071873,40,1.6322412407025695,1.02614478264004,0.8789833401329815,137.1293329410255,11.831233059056103
271,1.1439602019993915,1.142550692042615,0.056770237549532095,-0.0620653873936441,-0.0008223694056471985,0.3895386530287989,0.451604040422443,0.014291396909887146,0.01511376631553435,3.2587062251853367,3.67268868795882,40,9.9866974176839,2.076255758665502,1.7750634073279798,64.58956450410187,49.6407491912134
212,1.1511009335481024,1.131786401322683,0.20998309693011835,-0.05974627253134375,-0.0033983311126863994,0.4670415513856355,0.5267878239169792,0.01671989185370553,0.02011822296639193,3.611825892612086,3.7183547635895,40,1.9676588149741292,4.950651935301721,3.198254190851003,190.71036166138947,45.98729065312072
135,1.1546699833971144,1.1415248615844815,0.17373474305049882,-0.06261856249765096,-0.0027990393980414736,0.5064401604782255,0.5690587229758763,0.0194778737182656,0.022276913116307074,3.631556253366908,3.815542252017443,40,7.266605774872005,0.9244824501685799,2.061898653302342,69.5423835311085,24.64777686614543
90,1.1584559099898806,1.1423344522803827,0.19259308015544188,-0.060005855209870805,-0.002977745203908346,0.505786987839382,0.5657928430492529,0.01924509920679033,0.02222284441069867,3.6479513780589854,3.7996437651477946,40,16.810143312439322,3.9495735733769837,0.848958935495466,31.504402680322528,10.111846791952848
147,1.1656704497261847,0.5246039362633349,1.0409506748265551,-0.028219153384222224,-0.017619637986938705,1.0076272019367063,1.0358463553209283,0.10703339062825372,0.12465302861519242,3.08007620063644,2.9375808228100455,40,4.685510413721204,1.3100188004784288,8.094330667704345,48.86778501048684,14.176809074822813
11,1.1660258354043196,1.1356222688173883,0.26453414032292555,-0.05404055405940285,-0.004080852051841108,0.45448255054289455,0.5085231046022974,0.016898057720534206,0.020978909772375313,3.496419265530553,3.5169438825867005,40,1.3374412069097161,2.3766467515379195,1.3565635390579702,178.99086950719357,19.659963903948665
410,1.1751270756162016,1.1560010546309811,0.21115209101106577,-0.05921863207690803,-0.003302959307351091,0.4917173446490171,0.5509359767259252,0.01853773036055175,0.021840689667902844,3.61168258626427,3.7335970689311475,40,16.441056101582944,3.3857530105859044,2.2552606099285186,116.2369260340929,28.27457984117791
416,1.1765354489893645,1.161081254324839,0.19006836555319725,-0.06323650479723679,-0.0030818811168988667,0.5027119806451098,0.5659484854423465,0.019133090523237216,0.022214971640136087,3.6350748561286372,3.800265705195643,40,8.689333759248257,2.897147895023227,3.057540314178914,110.03183008637279,37.148550557624546
341,1.1780308219944222,1.1621671547053953,0.1926762105004653,-0.061935303502283254,-0.002984794860830002,0.5555560785942653,0.6174913820965485,0.022767466590417777,0.02575226145124778,3.683875460110653,3.8511090660229312,40,15.294388903304935,2.2420264783315362,2.2847607416100804,41.265154101885855,22.83943375516683
254,1.1794907679313151,1.1619327065555776,0.20275812455147965,-0.06292641887108119,-0.003244651279403356,0.5471542271235931,0.6100806459946744,0.022077027687809298,0.025321678967212657,3.6849950935525895,3.8371755398641256,40,13.137228379957378,2.7649937997572125,3.366989268548787,72.097591528669,34.18721993276849
300,1.1807181278459398,1.1585671186185218,0.22763463945541582,-0.0677055796422748,-0.003977067450127733,0.5776449199954399,0.6453504996377147,0.024019931799580292,0.02799699924970802,3.727398828210615,3.8585409605234333,40,5.11864392273128,4.076518706511706,3.7640449604019524,38.770664223469794,32.77923164824024
101,1.1852353414153147,1.1757993187904807,0.14926076668608945,-0.061235030720584616,-0.002274724121185066,0.4979809169788437,0.5592159476994285,0.01870095546239648,0.020975679583581545,3.6432347837734094,3.8629170071615264,40,16.476975992321968,0.17833971558138728,3.479646483715624,97.53114462643862,44.56331779556349
202,1.188788032980698,1.1766384461815358,0.16952567453226144,-0.06462553504403523,-0.002849084950561439,0.4427676114037222,0.5073931464477575,0.016165433745540202,0.019014518696101646,3.482455537145333,3.6811061369160094,40,16.291340057738125,4.713706908468157,1.9680839623324575,126.6410271609202,32.0934410716407
233,1.1907783616271759,1.1834863971280722,0.13157908014694578,-0.0637195905704286,-0.002036148196594681,0.4331828287178043,0.4969024192882328,0.015878509116282545,0.01791465731287723,3.4378599966108654,3.7143480843267627,40,10.531575506553054,1.8218718606978657,2.7928306648507717,151.01426923461258,49.547333913948385
284,1.1908540626721873,1.142559365219479,0.33569553993479706,-0.06805411700310057,-0.006099477610553886,0.6668917979239808,0.7349459149270814,0.03268840265603299,0.038787880266586874,3.6886473124719976,3.732287143464852,40,3.8300397247076035,4.656530598923564,7.261253223475069,20.433089087717235,47.59989456851035
72,1.1908840217745564,1.1657637486016188,0.2433097527109095,-0.06335827985505829,-0.004049571781290869,0.47154100066373983,0.5348992805187981,0.017760921049123808,0.021810492830414675,3.538490373239462,3.626728942650142,40,6.119485439732671,4.680754758790135,2.478103225398809,199.89714915957302,30.079524846654387
211,1.1913642523168777,1.1795934557727583,0.16705705850587302,-0.06371120741359237,-0.002693091063225254,0.4391858052384359,0.5028970126520284,0.016100855778765112,0.01879394684199037,3.4617985636067607,3.671936045292729,40,5.1545520992949605,1.94696215800941,2.512278986349702,169.31374116335064,41.26969353472814
316,1.1949837664083645,1.1900218544978094,0.10878505318799679,-0.06541849802302228,-0.001825074042644204,0.3747057004157585,0.4401241984387808,0.013706170251987898,0.015531244294632101,3.2003910655926275,3.530344906223609,40,4.444593551568687,2.5520334778353573,1.3799583184532822,106.38352191634476,40.00263386843726
371,1.195903019109467,1.177477695518424,0.20911792766704546,-0.06548326377268886,-0.0035124131440978077,0.582781724031881,0.6482649878045698,0.02425629303065168,0.02776870617474949,3.7434009619439585,3.8904891785326763,40,5.520845249295235,1.087353981472552,4.524503592960536,14.97113902401179,41.61410677051172
136,1.1969608092619815,1.173375598434078,0.2364421364912923,-0.06811745007951679,-0.004072591385185469,0.582444085829321,0.6505615359088377,0.024183043164911922,0.028255634550097393,3.745517720317271,3.8724062259973735,40,5.804968166165054,3.924882993847132,5.710296958312392,34.687842013314366,49.733143317326906
98,1.2025552522768663,1.1981274929805312,0.10310017140075217,-0.06450605224086267,-0.0016611414939130674,0.4395109355959302,0.5040169878367928,0.015694986984741907,0.017356128478654975,3.5068132117851647,3.8262051900728586,40,18.403056517243385,3.02871791953221,2.308157272823155,63.6880569672212,43.03477614158764
86,1.2175600944188207,1.1982894441298908,0.21576605759026307,-0.0663858008363831,-0.003457314412317146,0.5091511345977257,0.5755369354341087,0.019523684136224767,0.022980998548541912,3.6456698619582113,3.8013063452125406,40,11.090304369106889,4.448746633064002,3.7032961155287922,133.49578303843737,41.91536871371791
495,1.2233414194442789,1.2220243534400543,0.056751283045939335,-0.06600426342966052,-0.0008703140780535419,0.40873335875038225,0.4747376221800428,0.014629143810363893,0.015499457888417435,3.377758776800435,3.813181305210557,40,9.691226313821971,0.7445205561816692,1.3003487212583424,21.343371039256454,32.52861402472481
95,1.2274471696274198,1.2236003340561246,0.09710188836528663,-0.06834107102786995,-0.0015744796913848807,0.4084900215430916,0.4768310925709616,0.014896632494604942,0.016471112185989824,3.3462599302142677,3.715588195436061,40,8.653488046489656,1.27930120928213,1.8265831691212953,78.98875018116087,39.572188241500406
263,1.2302009634870439,0.8780648827426225,0.861624321998071,-0.046676526036639424,-0.013579156021594102,0.9858786644627978,1.0325551904994372,0.10260304609178253,0.11618220211337663,3.0856619613286016,3.029510194708794,40,7.472214926965535,0.5388282707892359,9.014753653388471,12.070247926749289,13.593703000526874
103,1.2370766192379488,1.2319595367259182,0.11240223189622978,-0.06850801532240228,-0.0018433084028055178,0.419916491695853,0.4884245070182553,0.015238027086641149,0.017081335489446663,3.401699431638211,3.7372611756472884,40,7.559087109751999,2.195945299882442,0.366149615868926,16.38580451719463,7.429043799266219
247,1.237633319559905,1.230370074648614,0.13388694146194458,-0.0659124869961123,-0.002155648790413621,0.4020817668043746,0.46799425380048676,0.014668668528435184,0.016824317318848807,3.3191751444489865,3.6079807139934728,40,6.001221178099513,1.7380622203461829,1.567487782239914,117.0912733161822,34.97192995538935
490,1.2407633099506237,1.2252354333775126,0.19568271286919117,-0.06509895770337001,-0.0030976531505469106,0.47843742385559035,0.5435363815589603,0.017981291264987757,0.02107894441553467,3.5693200425946783,3.747179694927425,40,15.770091937854886,4.180417920276523,1.3740980915725232,70.39521627034992,18.71784389372915
195,1.243306218649703,1.232152146862221,0.16616690499567877,-0.06543514772181015,-0.0025836927126872667,0.4789167424994595,0.5443518902212696,0.01770756951485885,0.020291262227546118,3.599772897122753,3.8251305201157373,40,4.482811968773603,1.0119483374990523,2.6437147659249605,87.6777375433594,35.993617684114724
320,1.2472385193815894,1.2198238374755137,0.2600648568255444,-0.06702592512657535,-0.004210053349169801,0.5460708468002939,0.6130967719268693,0.02228346441694509,0.026493517766114888,3.6588984105376894,3.7732145366781156,40,8.984786743298173,4.171077999658882,4.745585244335234,156.1930507523939,45.01100983032957
397,1.2519328634839268,1.2509981230211713,0.04836931742924349,-0.06855755531227987,-0.0007097497567042467,0.412510449587994,0.4810680049002739,0.014850489622812055,0.0155602393795163,3.384544445274586,3.8565538410480285,40,19.10265619494021,2.423720071744174,1.584081839118153,13.205064006149769,38.26192263038829
81,1.2542250773354549,1.2506586471158563,0.09451715723329704,-0.0684890527097686,-0.0014953137741593905,0.40098529215228884,0.4694743448620574,0.014801737669940937,0.016297051444100326,3.2958983761319702,3.677218646151789,40,15.029532248154283,2.5145850584842266,2.08435650523752,105.92012425418943,46.65733738681301
412,1.2673973904316629,0.6466683346356751,1.0900074358702843,-0.038507618481544104,-0.018190274661337706,1.0706914318914673,1.1091990503730114,0.19630484728348593,0.21449512194482362,2.4170033508284545,2.396532788591727,40,3.6869599912315607,3.042987184133381,8.979351232759655,33.17977600451559,3.1719206950627266
204,1.271377805963595,0.7867491576097139,0.9987128158270576,-0.04659910006137101,-0.017852827601350325,0.9930546529653508,1.0396537530267218,0.1032756069974736,0.12112843459882394,3.0902384569649906,2.988429503391336,40,5.32312348857522,3.8397933291271333,8.856568852066994,23.53026786632836,11.681838315632193
403,1.2772310822044737,1.2555731942250201,0.2342118513072956,-0.07010408501822875,-0.0039294099727158836,0.5382500571233167,0.6083541421415455,0.02138781406626783,0.025317224038983715,3.681125859841592,3.827144356460316,40,4.629395620897412,2.3399103675037627,2.814861589577049,71.05564887728542,27.49586483510211
425,1.2923207233516762,1.279152771513433,0.1840136927886146,-0.06897042269133039,-0.0029879345482342673,0.5047558357887476,0.5737262584800781,0.01885322064525603,0.021841155193490298,3.676395253499435,3.8838681169336198,40,11.052129552699625,1.5652351822704078,2.4956781988032164,52.60439647734165,31.694993404019623
35,1.2935370634810406,1.272228187471122,0.23382380888843884,-0.07501397904475549,-0.004151642449795609,0.5579484255750978,0.6329624046198534,0.022184296760916662,0.026335939210712266,3.746149670356263,3.901461713029169,40,3.588970949873328,2.113846503850073,4.648234352469444,29.29836834780872,43.825641047861424
30,1.2980884912147508,1.2892953274868875,0.15083530602835554,-0.07377445267822536,-0.002596481298009086,0.5060172427446453,0.5797916954228707,0.01881606364503032,0.021412544943039402,3.6893935542392633,3.9624093311285393,40,14.027518552727997,4.036457744706422,3.8173783238045873,13.87614400498569,48.16535284770653
288,1.3021666662425373,1.275889400675951,0.26027728275046635,-0.06609735135379517,-0.004292264585380312,0.41308705219103015,0.4791844035448253,0.015386838387817754,0.019679102973198064,3.329589933001209,3.4188810368256446,40,8.537565859034657,4.500942428316921,0.7501517759636045,148.5781324384734,13.059437582455574
56,1.303225141516056,1.2784643807211904,0.2528331400483867,-0.07236941288401579,-0.0042537376503346425,0.5457853087432989,0.6181547216273147,0.02198291607027544,0.02623665372061008,3.682432008607995,3.8200529661725495,40,7.232011302374303,2.8913602333515884,1.7326348144561055,40.36829583346844,17.013137795589866
511,1.3143149147522661,1.2874025104853104,0.26461003597062727,-0.07115899056677481,-0.0043693405233196534,0.5274010518476426,0.5985600424144175,0.020760967057242403,0.02513030758056206,3.66327291626884,3.7810719078663446,40,9.019490784034133,2.2144251328893008,3.838518596719951,135.61680485028774,40.117483792919664
314,1.3188820493237707,0.6617187420234926,1.1408672869722034,-0.03664144202928612,-0.019582142905564377,1.0062260236708946,1.0428674657001806,0.10716657341833453,0.1267487163238989,3.07533991035402,2.9326647830280423,40,17.20317463390529,3.515652892459184,9.506018886715173,46.70129392389208,16.47152490383014
4,1.322473951651444,1.2878207663974799,0.30075742124176064,-0.07220725363348442,-0.005033135816694935,0.5690310265761168,0.6412382802096013,0.023712032054758646,0.02874516787145358,3.6959790244082305,3.7863798240866586,40,2.2134043062105775,3.0517606033943596,5.1984027062542735,118.7789042070508,45.14463247526437
306,1.3232143892532755,1.3173174924334845,0.12478358888762495,-0.07147413758137518,-0.0019967017992550125,0.4401298844970828,0.511604022078458,0.015914999325325835,0.017911701124580848,3.488053006728664,3.823582891556625,40,19.141890754923224,3.844510516896844,2.5334174890071157,79.68975389190018,45.502116380725056
231,1.3238566851743057,1.3131365863608286,0.16813336504492715,-0.07303393394577733,-0.002767530182349717,0.5182233521653179,0.5912572861110953,0.019711964344612927,0.02247949452696264,3.692103317506029,3.9441176554655555,40,7.713753896765411,0.6035718990489841,3.593208143953234,27.67424094863236,42.58399904342368
432,1.3497262697215253,1.3453461591473872,0.10864950641285404,-0.07761535190932407,-0.0018734765730556325,0.41934512199164836,0.4969604739009725,0.014906576086116046,0.01678005265917168,3.4348884881383674,3.8366693192554964,40,10.392602794803679,4.348729585949331,2.105573489330709,47.071078307926655,41.620834852103144
123,1.350367248035555,1.3437169517675127,0.1338523742775693,-0.07278308629930948,-0.0021107333516360302,0.4708272934471158,0.5436103797464253,0.01716403162510887,0.0192747649767449,3.59353545914464,3.9169019919589707,40,2.449085958302021,0.26200953088700774,2.2352733650244776,33.26590849366039,33.49279569583014
156,1.3602095077258827,1.331779248198932,0.27664768022626857,-0.07578959973707212,-0.004668707272586003,0.5604138141961958,0.636203413933268,0.022680552846348775,0.027349260118934782,3.7215556867917954,3.8510242424979895,40,3.781751522794366,4.156630631536245,4.3177349288947875,62.35770918056369,39.761653907876465
218,1.376170144188488,1.3676897283553089,0.15254203586928253,-0.07714586538910065,-0.0025188884620884117,0.5012035718529029,0.5783494372420035,0.018854224143018516,0.02137311260510693,3.650764287151483,3.956343511888305,40,16.96192041411996,3.752373587712646,3.1901968894526362,18.610421838238835,40.48589289570227
264,1.383637838021029,1.3700932284634173,0.19312745046263483,-0.07840945136915693,-0.0033261472603060864,0.45839893778616003,0.5368083891553169,0.016564665030424634,0.019890812290730725,3.5616285424206695,3.808242601560605,40,6.039603275246918,4.888343658670783,2.7752382839098573,98.38397069368511,38.78576568895951
439,1.3875122434104599,1.3775598442259949,0.16588882177524716,-0.07932479430681984,-0.0029099727614907227,0.5050980855627616,0.5844228798695814,0.018927818778779523,0.021837791540270247,3.67154640863001,3.955219168044117,40,6.083438568748534,1.3426465916447343,3.7208622376434506,19.507280847989023,46.36710283504799
191,1.3892823711412958,1.3867180114848632,0.08437217187821922,-0.07867234663702058,-0.001430574008224803,0.3842998688933567,0.46297221553037726,0.014072124687617824,0.015502698695842625,3.239759559448726,3.718086460418303,40,8.94656662736088,2.455444631446153,1.0666679412126543,38.087470847181976,28.746295440848918
224,1.3905997301925213,1.3879947393701884,0.08507768856871634,-0.08134390178842518,-0.0015009506910124443,0.41837196658551185,0.499715868373937,0.014884534731484406,0.016385485422496848,3.4290748345144415,3.9039014613616585,40,8.163867014460266,2.6907459381967787,2.1171738974750043,12.545049325563014,44.08821673104539
262,1.3919357822593903,1.3766321509224848,0.20583766171571646,-0.07444543472971162,-0.003285493072970173,0.49411021894565116,0.5685556536753629,0.018949939282066095,0.02223543235503627,3.5899279930188626,3.8166607738374636,40,12.429545301944017,3.651800215803087,3.6131186776794495,125.31458564195782,44.187810872029516
280,1.3949274404641696,1.3767111174232776,0.2246977154380303,-0.07656604839556046,-0.003699692079267236,0.4496097517067887,0.5261758001023491,0.016684443083825915,0.020384135163093148,3.481932276598046,3.689522423719667,40,7.749825682491064,3.5824849017895763,2.3640640011988583,158.21883613802493,33.89840392274782
500,1.420921356902689,0.7356439764970535,1.2156666658034931,-0.042050583512118773,-0.020806754088745917,1.009837698238543,1.051888281750662,0.11014416958768965,0.13095092367643554,3.043052922248279,2.910640296888798,40,1.3013706598430872,4.259441519062966,2.5994355158880356,11.038504160940647,3.371217212639749
70,1.4245445977741644,1.4226051554477235,0.07430937182559551,-0.08068081939123824,-0.0012496055877384677,0.3942720390812111,0.47495285847244934,0.014255818582342188,0.015505424170080656,3.3019186351945393,3.814155457564946,40,12.79240460600704,3.409584428183735,1.4358765719458462,23.8985343715176,37.053508539590986
360,1.425638900168145,1.4061761243388515,0.23476580034580283,-0.08492924142856303,-0.004347160899136608,0.5349981408000819,0.6199273822286449,0.020555261465201126,0.02490242236433773,3.7316521674053305,3.9287102198425883,40,6.7879842119291425,3.994410546217114,1.8696177618578078,6.622056999243796,19.2848363859579
278,1.42835005466441,1.4221579675474458,0.13285553808983952,-0.08241119990737397,-0.002255672549667991,0.4320720867610384,0.5144832866684123,0.015410443995480841,0.01766611654514883,3.480884372919526,3.871526863330395,40,10.567410637624562,4.814254962187261,1.549901892244816,32.80848486162722,26.85018259221688
304,1.4408974994135015,0.935557660629119,1.0958637996823564,-0.05659333690401114,-0.020407964492828008,0.9757940123787575,1.0323873492827687,0.09595077255278409,0.11635873704561209,3.150283841502938,3.026735384566893,40,10.247204220853746,3.3580032790079715,4.4085833682678635,9.447775285691023,8.176251693814992
315,1.4567278288874845,1.44329725126817,0.19735504031310852,-0.07831981987673517,-0.003215020882149336,0.4530812228908667,0.5314010427676019,0.016610621176225755,0.01982564205837509,3.5150356375354503,3.7763154240521772,40,2.529273930005729,0.6561446834355593,3.1701922370120883,134.0078569808975,47.839112226571885
388,1.4569964117459069,1.4342629776821894,0.25637522245854405,-0.08075211893838039,-0.004318728942120241,0.47667174522223127,0.5574238641606117,0.01749623320140018,0.02181496214352042,3.6039556508607418,3.7780399402467544,40,2.410784444771707,3.311505212914199,3.4996343187056485,151.4732081508264,43.71485444335267
394,1.4586640519234313,1.4532290975243192,0.12580145659862232,-0.08314702025854577,-0.0021472488241966294,0.44247989684967964,0.5256269171082254,0.015758252210860746,0.017905501035057374,3.5246026463610036,3.928426180400538,40,15.925871500745416,4.472621914837509,2.8888028576970104,28.382931909523904,49.14125314960256
417,1.4608619594965675,0.6848935583680408,1.2903637000513128,-0.03683439387643262,-0.02144505446444709,1.055593620126033,1.0924280140024656,0.15960594570606929,0.1810510001705164,2.6463249429060958,2.5679933585692227,40,13.566547208465636,1.274752121884376,9.387243678513915,23.98844765778631,4.978313613217323
88,1.488042125161832,1.4803452389631726,0.15115336494834883,-0.08578740446208657,-0.0026626806631314553,0.43334987292750105,0.5191372773895877,0.015303119867236814,0.017965800530368267,3.5032380646819212,3.873489867269511,40,7.971187657676637,3.1727979184128348,2.68508411757648,57.62876004725695,47.44114378849044
344,1.4917367220131934,0.7630936757094999,1.2817825439187538,-0.044510963375912385,-0.022694025493247994,1.0071666363082579,1.0516775996841703,0.10830798332618696,0.13100200881943494,3.060927586147061,2.908118255624425,40,7.875530905090272,4.592665719054639,7.924362752866,37.78502635192126,10.702428558934479
196,1.5069353997820443,1.491252485893644,0.2168416990163482,-0.08648866364654412,-0.0038028261343951097,0.4727997844456368,0.5592884480921809,0.0172051468980015,0.02100797303239661,3.6045407944439405,3.8604444184123743,40,2.493275862187147,3.520224906783551,1.9459760498255492,53.11799163464457,25.143834696058185
460,1.526549264818575,1.5073226437615619,0.24151833371772807,-0.08626267849200342,-0.004173161169109416,0.49181618799004234,0.5780788664820458,0.018315391901526087,0.022488553070635502,3.63454531479949,3.8580631630709545,40,5.411776933819056,2.728484029043466,4.233921088930219,96.95568413753062,49.964236287306996
93,1.533376027499603,0.7316855013946706,1.3475453123213676,-0.03888376104287459,-0.022994017563684622,1.0625023711299575,1.101386132172832,0.17322823462205056,0.19622225218573516,2.5545354645357072,2.4868146086564535,40,18.809828778728843,1.7086862285621467,4.93895605225116,10.10788003820926,2.2464068342000245
299,1.6340980026101375,1.6241232943871962,0.1802770278302854,-0.09630933745694929,-0.0032329225023656274,0.44218672349545346,0.5384960609524029,0.01552254916015241,0.018755471662518036,3.549141347015221,3.93273097277468,40,2.0059671234339476,1.6855157763697208,1.985575733613223,22.852124819532037,31.28204662622884
411,1.6546856531277234,1.1836671370449596,1.1562511489060276,-0.0657767552307205,-0.019679713172975136,0.9599247004574749,1.0257014556881954,0.09317303339667843,0.11285274656965356,3.151776983972885,3.0532774281471142,40,3.2844294998794794,0.19248717175796629,5.510228868108243,5.613086976110935,10.940626924764365
107,1.6698825463902198,1.6454058595253065,0.2848636097827737,-0.09143586690392445,-0.004787061917680387,0.46598267847161184,0.5574185453755363,0.017092386474524917,0.021879448392205306,3.56438686242893,3.772868954814848,40,1.7842994118109345,1.471945504192263,2.9063120365142825,124.22567177563906,37.57565319603309
106,1.7775677527003848,1.2180887944644303,1.2946068145350107,-0.07187939617925612,-0.023688404720389696,0.9536981610181469,1.025577557197403,0.08913148913042106,0.11281989385081077,3.195706077855049,3.0534012220032083,40,15.573144622147083,4.556201838701964,9.566870120726525,12.917858347296715,20.242422284092754
174,2.12966175169949,1.4928877055766157,1.5187973779243653,-0.08588243388269703,-0.026974364760605534,0.9372281866322322,1.0231106205149292,0.08486892019098921,0.11184328495159475,3.222831583213533,3.0592897989242074,40,15.012584791518748,3.0794980318285528,8.569889453332872,8.297465536743402,18.607819492835553
50,2.730322267468406,2.0685954496916663,1.7820136222118925,-0.10951145782786206,-0.027364691373206462,0.9304759476854529,1.0399874055133151,0.09304165594734913,0.12040634732055559,3.1046514998556534,2.997114874532009,40,19.201806178316474,2.733037643413991,7.153946861904115,3.0942789735272527,8.743018466699867
246,3.2616040854444583,2.2032244165699986,2.404966399020529,-0.13388499708968196,-0.04475155149498672,0.9196204888795663,1.0535054859692483,0.08628175287166329,0.13103330436665,3.133537480550379,2.910397145611925,40,11.513941663317382,4.902621794678271,6.043311521969735,4.517239795066416,4.3772963813506065
8,3.2966794208291343,1.0432083358424975,3.127269027721639,-0.06419884746726337,-0.0595747290839385,1.0697817869323625,1.133980634399626,0.2722750384299554,0.3318497675138938,2.050180256989408,1.9685043743472803,40,5.947176379151642,3.4707773308269685,8.052889768127352,21.830958945676684,0.6453066584654152
351,4.0181927316576775,2.5955130455330067,3.0674394630073087,-0.15770855433311692,-0.056329493729740186,0.9181714972445482,1.0758800515776652,0.0998059346862695,0.15613542841600966,2.9137492687533078,2.7228311289637412,40,8.593527323566377,2.3907039877027274,6.449239488504827,3.990474861115217,2.8740833469666542
