Number of Assets,Classical Asset Allocation Diversification Ratio,Classical Asset Allocation HHI,Community Asset Allocation Diversification Ratio,Community Asset Allocation HHI
20,1.4522114258586232,0.17365126606198034,1.4308528259758848,0.1994481747861579
25,1.5767532356432035,0.16494140625,1.528172449988663,0.1976963891824447
30,1.5449068953957197,0.156298828125,1.4991174759702015,0.21040831134793261
35,1.7257317141750796,0.14521484375,1.7211515663990256,0.20621337468631923
40,1.738773511275884,0.13740234375,1.777861783052149,0.1472651401765102
45,1.7329759020250322,0.121044921875,1.7159900741921317,0.15849290859131587
50,1.7299205413247687,0.11982421875,1.7142112982204711,0.1366106965794735
