combo_id,n_degenerate,mad_risk,sd_risk,mad_return,sd_return,mad_sharpe,sd_sharpe,score,gamma,beta,lambda_1,lambda_2,lambda_3
75,0.0,0.002992355888474567,0.0,0.04032596246299647,0.0,0.044548279601615004,0.0,0.25404966403197066,1.211498161777854,0.8985487009398639,8.168847795203328,2.4915161253884435,49.872594559006394
80,0.0,0.0033526559402817695,0.004407702657369668,0.01325742930866155,0.015290792446410953,0.02389823700045184,0.026432661949709092,0.26441106923629487,9.594391419552267,4.107220804691314,5.632187387347221,19.004510446451604,14.486580688413232
384,0.0,0.004437968440446903,0.0034572976163641054,0.014449876251576116,0.012129184877708253,0.03535994262821648,0.026303049678659877,0.28642751627329577,9.29924891423434,4.9276242105290295,8.310115126427263,15.907231217250228,25.2538602123037
215,0.0,0.002850896909203659,0.0031665914420095156,0.00979045425439913,0.013527761513607068,0.0566661259153051,0.03960468099214056,0.29867288011003434,6.578661100007594,1.2389855870045723,7.4388034481555225,8.94877678528428,27.7764473637566
294,0.0,0.0021291411278379167,0.001253203143622714,0.03007552269534928,0.013013303092570939,0.04686497831331228,0.03407727856640677,0.30168888968776464,11.814846551977098,4.225196142867207,7.638484589476138,1.395768653601408,43.21789587382227
324,0.0,0.004651400459934009,0.0021653491172089977,0.01287151133679898,0.009181827167466024,0.06787623752453419,0.0204945453997595,0.3102439792406452,2.7272539865225554,2.842975414451212,9.826805172301828,17.40535725094378,36.097659058496355
208,0.0,0.0024917001268472995,0.0029935456737183366,0.012776553303703864,0.012345427153505967,0.06048451903916781,0.04532669876758861,0.31109996497506753,9.44987101946026,3.28847624687478,8.287632352579385,31.08297927957028,35.505142574198544
20,0.0,0.004291522283612682,0.005393376922951253,0.013889901502203494,0.017827863451632456,0.027246691885349617,0.034303548541778923,0.3163180657756463,1.690690852701664,4.194705548323691,9.86227470599115,26.278117670677602,27.39358097650111
283,0.0,0.0025123410239622965,0.0025592144952975245,0.025686812352661247,0.012560393437595286,0.05316916971799376,0.03254573397109225,0.31831570053239894,3.139039561152458,2.303209916315973,8.427001358754932,41.77803869172931,39.85200786944479
148,0.0,0.0049838798343437235,0.0034391148879209374,0.01686441255955596,0.012939824719109615,0.04951242815044722,0.03100119549617357,0.33524827908299815,1.843036251142621,3.2033841543830937,6.317376671079546,14.308178472332656,22.01064033107832
143,0.0,0.0026457190819565604,0.0031143431481334733,0.018342321017218534,0.015560805697887863,0.056429623537275084,0.04906928409513069,0.33827170719751654,10.077310669235885,1.8371478291228416,9.977957918960602,7.1119460025802255,38.88829018473625
178,0.0,0.002796315409250744,0.0036183920614005893,0.019284957762298084,0.01784909985278703,0.05233335270108967,0.04347371168641085,0.3412446366133674,19.344593588262796,4.9688720241189,9.180976200290024,40.77755136881024,40.68861670382321
420,0.0,0.0030453864035400596,0.0031585066505405547,0.02656472601630112,0.019614625073866427,0.0444922992263644,0.03780750184742215,0.3460843448922739,3.0256236232817173,3.963857094291598,8.138911304157228,74.83732540719211,43.929459537751974
442,0.0,0.002785392857794055,0.0020356729197071833,0.030937235707247945,0.012087772298004357,0.053416377227124744,0.04609359605123068,0.3497002582373274,17.051116179674864,3.8848299359902745,6.888802180904895,9.796287496574223,34.32161291409284
406,0.0,0.0030890197667856464,0.002978199138979136,0.02664704713448617,0.015065785685803582,0.04766767712316292,0.04574255003912233,0.3497113047159869,10.721787790767848,2.5790127113461496,4.8100383539684115,20.777058040723205,22.968226508051156
76,0.0,0.003258029466944046,0.002228750380034526,0.03695838385026311,0.01163918355558517,0.05256884663187211,0.03253843529122918,0.35905012101927036,5.168447216972709,3.5582595006562774,7.480772972572595,36.277049673721194,38.895031278766695
482,0.0,0.0029671347083493104,0.0021477950010727305,0.034218507792492234,0.015153665680931043,0.05147877542693573,0.04245757026236361,0.3637710160124946,18.30247680284083,3.2579573404975237,9.271134755387902,6.215849824249744,44.653674545511606
48,0.0,0.002934057735406518,0.003742704001216396,0.021757560934852465,0.01952029753289726,0.051243307718954,0.05520748339381705,0.37013695825914383,10.339671886526048,4.38805841030553,9.06749235764146,85.98859210964292,46.458726624771955
462,0.0,0.0033935705556939117,0.0033499382701127284,0.027596428250891314,0.017520306044953672,0.043438223280208924,0.05289532418715071,0.37021787333113343,14.329600238241255,4.402177372109145,2.3962842356413603,16.997620335780084,12.248605367355047
184,0.0,0.004500089626558542,0.0002832121623964195,0.05872940343532662,0.0022449631997040914,0.055635552525936806,0.0041836795367693564,0.37073432465404654,7.077346072532237,4.504299543704837,4.682952457759529,3.524782959371805,33.36576389772817
510,0.0,0.004996757908313591,0.006099901682684145,0.01591693691409269,0.017302596928326256,0.03936676325855211,0.04055583014867589,0.37097393868316025,13.08099580835551,3.7949461158365017,8.644331990275532,48.40969603229314,20.831512593198568
258,0.0,0.003464568114293698,0.0042811185061813325,0.016157229419364403,0.01923817389718275,0.05376498562153827,0.0549628303880191,0.37134953243448077,18.009977914392948,4.434091398399323,8.5107616760768,61.109282556921244,36.91912104208022
352,0.0,0.003310223156259365,0.0037147140686199062,0.02210959148425152,0.0189639152099626,0.05324090161977578,0.05195484145899366,0.37509379832610423,8.411840570159256,3.6724502667784695,8.766093347035348,70.0240911860019,42.49366283454001
87,0.0,0.00582580322565079,0.005695957953419608,0.023159935777291633,0.01835220628926916,0.029006592294151222,0.03560035223854682,0.38095613714598,6.43645132984966,1.5605321595445276,8.818229591939598,47.3605465143919,22.23690443141386
256,0.0,0.00349467327652166,0.003838532491584151,0.02270632283792783,0.017525555996878182,0.05695117879303639,0.05504694590084072,0.38855673515548245,9.147770931012928,2.7791081068106,5.396953980438411,27.985794940963387,24.542964969482274
451,0.0,0.006787777896071982,0.003208753331366315,0.02096885070598765,0.010208926123323483,0.06924008934917666,0.030376854945739336,0.40205793018974134,4.535778444260359,2.044323624484241,7.884820141457022,7.250200857408345,24.391556225810202
237,0.0,0.0036019715099382898,0.004409406785836123,0.02145831650544768,0.023494587639188613,0.060270740396105325,0.04834004959862534,0.40476040214759224,19.757783519104123,0.13907405892387034,7.757687112130225,15.199396866373718,31.95121441613883
244,0.0,0.003726503756867591,0.004059517591076759,0.027580360122649295,0.024427724291211303,0.04343437002160396,0.05604548663008161,0.405037593691954,1.3900739345699549,2.9231667805463077,7.840840821061283,84.47602046560496,41.511576233245435
251,0.0,0.005622874954727015,0.002854618001214598,0.015395175540953302,0.012293702271331888,0.0922679937984334,0.031270108075583794,0.4062491668134456,2.304556356742978,2.5447233705781405,4.257619744166732,19.73055915813893,17.105393478646874
338,0.0,0.0036179700588054088,0.004364963917201689,0.016602501720878616,0.019567420068791096,0.06595496214762167,0.062017434179017124,0.4071931160310507,19.585576010867953,4.750985945109278,3.4263389181345705,25.313213208690286,15.102315407060086
41,0.0,0.004896730980932208,0.005675102460699693,0.016767554624966527,0.02059227011537675,0.051624779616484706,0.05335298412805306,0.4120563855387652,10.809345765970647,2.271493808180094,9.141424276586623,16.898692443035543,30.265286661684513
312,0.0,0.004221957651321553,0.00485495949263792,0.019475685511022377,0.022801081224576445,0.0561727525886252,0.05899909658957368,0.4194508995039735,7.139625175856054,4.308856457006186,6.393352583330125,67.21415068488568,28.655435946024955
391,0.0,0.0037918498050586343,0.004035651281162145,0.026473334714679563,0.021102298752122932,0.05405600240465007,0.062239325801715324,0.4206776561973466,7.318408052437007,1.959224595502019,7.300266988761723,50.48211254645139,36.22470312546939
323,0.0,0.004023778573826309,0.005331602215517277,0.019962947274372637,0.025684502357144156,0.051302726662852835,0.05929275892121585,0.4224983821977409,4.3927014004439116,0.4513367366977036,5.899630333390086,45.74630905035883,25.2347119435668
104,0.0,0.003885366523186551,0.00463233185265044,0.023538280041879554,0.025065191124528242,0.05133922387298619,0.06152739572451477,0.4242297046382818,6.692431648261845,2.5744633501395584,6.491969762835652,76.16070670448244,32.62123735565692
427,0.0,0.003752418946568442,0.004628123792133635,0.01704292912362156,0.021416692916909938,0.06871633497110381,0.06593431082381443,0.42830344343787236,2.157454025000334,0.8101818593218922,4.294642273522913,36.387379264459014,19.511088217422365
234,0.0,0.003950568040511227,0.00491979400319532,0.021690076838813865,0.023383555894414973,0.05876698944822619,0.06661489160559159,0.4384006185494712,15.718244360759854,3.1457458700053396,6.615197658445686,49.82276988402009,30.355769864656033
124,0.0,0.0042197568969124626,0.0005996377338425915,0.06197047922597304,0.00504836610780337,0.08137900781568107,0.010639617027308939,0.4394939267164769,4.077131815254688,2.9594025781378153,3.552981143444777,4.91285814344883,28.765454491320998
382,0.0,0.004820467083986826,0.0015548393090026509,0.05195536090024697,0.012066800675590045,0.05203342085790121,0.04517731028011046,0.44050959727819056,12.936188180930912,3.598359051253647,5.060318354144692,11.41893667820841,29.379405576363208
508,0.0,0.0040007955387669925,0.003750595262818292,0.03627331861750055,0.02587021854347349,0.047553711399247356,0.05453759034765233,0.44180896160746574,4.130710648372769,3.3274104716256265,5.570338133536279,65.59834845270962,33.59761335514486
414,0.0,0.0034242572075913655,0.003553741476721042,0.03166746910965089,0.018862838737042475,0.06324183136124889,0.0674679988823554,0.44216877390440146,13.829449224285781,4.700247816834599,7.065588585380465,55.80608130712062,40.30276823733002
44,0.0,0.0069226972678174264,0.006409585735862703,0.02762226653501239,0.01742909980354766,0.035252296294595864,0.0454449258897332,0.44352643457674124,5.021945280954242,2.663723525032401,8.383667002338916,68.71981922350824,19.419223511684688
319,0.0,0.004796272005855036,0.005006795189249381,0.020530896469874386,0.023306033133915934,0.05989728232059745,0.06071882403686075,0.4440823827705084,8.740421100519598,1.4578894362784924,8.018314629606904,95.55823350325227,33.2617045847699
192,0.0,0.0031357758978856664,0.0035956561420275646,0.03114007219370164,0.025993216006150607,0.06652436781915681,0.060479570299380975,0.4497656047449652,8.778710722923279,4.565704675577581,6.756144407019019,114.26249666139483,43.50813191272319
267,0.0,0.00429320989107929,0.005210356534099395,0.02178156193273675,0.02606318811715486,0.0561771967113218,0.06651300298532435,0.44981326804714505,1.4282373199239373,1.262851394992322,6.633921234216541,103.17876537423581,31.460329356044532
419,0.0,0.0034522375611971924,0.00298654022067543,0.039717221138362485,0.02164208012516571,0.06359162651935647,0.05436118898450804,0.4513075427549209,3.5029912032186985,1.722810009401292,6.350779437832534,89.97557945270091,42.30418415572494
284,0.0,0.006099477610553886,0.0012404991007123611,0.06805411700310057,0.008642549015444959,0.04363983099285422,0.018224916779098033,0.45154073682423085,3.8300397247076035,4.656530598923564,7.261253223475069,20.433089087717235,47.59989456851035
5,0.0,0.004175556761390434,0.003676196839574847,0.038996684781098204,0.02410240718844108,0.05283848331137529,0.051132571406685735,0.45290818508655284,17.51904086023569,1.1201287714764478,2.557416516449303,5.9133667796850204,12.575207362510262
19,0.0,0.004942212584809904,0.0016076903208158094,0.055588818644742646,0.014515774315316823,0.050847219532754374,0.04264730041455294,0.4552063001581138,4.840184845030308,1.4966766074299813,5.748107704240828,10.371771708130836,35.25451342537999
118,0.0,0.0032487179036911167,0.002644131574795747,0.041101172661627834,0.01796703100206459,0.0768398676549406,0.050391700319826344,0.4569439896239177,11.66803873796016,2.8016805239953104,7.722293966915458,42.28480024356395,45.63574943561107
464,0.0,0.003513744868745518,0.0037145000686796695,0.033742187105170865,0.022616625509881274,0.06336153004138102,0.06756011885353476,0.46146669507968574,9.356316165067255,4.629550169780851,3.626915395073593,51.69798372685909,22.14503368418664
409,0.0,0.00435054574791272,0.004079077390248668,0.03428419958346268,0.026264187585569622,0.051668163731216896,0.06523521874507965,0.467254231824752,12.146643030457199,2.1913824672810738,8.5455511264503,83.43340505473316,48.075013850443064
13,0.0,0.003836785780636036,0.004290234341858416,0.03261305653845703,0.02576142326856203,0.06137378459990959,0.06441200124105828,0.47046903367338366,18.864576622843742,1.41300485720858,9.472918243985623,70.67584779020399,49.038719452172515
368,0.0,0.004078890377860132,0.004885223958812622,0.0265125088222918,0.03267626789157104,0.05954489188786537,0.06442822982717172,0.4759322652453677,10.113365467637777,4.799016377795487,6.275701535027474,187.40464634541422,34.8808146731928
121,0.0,0.004283634100331074,0.004807603191715001,0.02727467485790842,0.02827588688487538,0.0570699443467255,0.07248169625696994,0.4764738944232857,12.535918136127293,1.9735167505219582,4.0714751107618214,55.72596250940114,20.921622478589416
445,0.0,0.0054390034460883654,0.0051369289377311235,0.01899879024957365,0.021304529352642074,0.07952208869863943,0.05769513802931409,0.47666587251097536,17.826518427580595,1.7970483880490067,7.600135685130954,31.9791714604944,29.690937029384077
188,0.0,0.004297147394871342,0.005203466105143284,0.02344319451083043,0.028232193900635458,0.06163762496656509,0.07214571102174017,0.4768430200579983,4.354407814331353,3.7347142228856685,9.580586899910122,163.85644073877484,47.7368255795911
366,0.0,0.004088119373940692,0.005281375410432882,0.02076714245259565,0.027136914566222026,0.0649776545531299,0.07823016583076903,0.47685133895689974,14.787305999547243,4.868329099752009,9.9955261063762,145.8782090563327,49.44328054953367
113,0.0,0.004750499832522454,0.003011282182085006,0.052098910380505556,0.025580120176838597,0.04714329960716028,0.04156959311962863,0.47702022444117786,14.456586075015366,0.41008881358429794,6.728463270701468,20.891168428584933,40.98773800786584
210,0.0,0.004622384679321358,0.005933564362936504,0.022065423278150163,0.02838756655464097,0.055193060246332894,0.07333995054834393,0.4778701162341189,19.49495730921626,4.062371560651809,5.1365869859233495,58.01200369838625,22.7363766788505
472,0.0,0.004937009609583621,0.0015906621030922102,0.05918716481818613,0.0112289758821948,0.06044168227591325,0.045048241195315475,0.4780782518352,8.029334806837142,3.1140297253616156,5.935561637021601,24.92823817487806,39.48107574768365
250,0.0,0.004234525515985611,0.004503834611872064,0.031244917473418253,0.027948703188062852,0.056785423072300646,0.06932275321790377,0.47907864813892675,17.57632928248495,4.095932934992016,8.448200640268624,108.10899747442454,46.91363256983459
46,0.0,0.004485264875004227,0.0036169394194333847,0.04046578653277875,0.0227451637736748,0.05341427935797988,0.06731609744493654,0.4806114261923199,15.16435085143894,4.62484218198806,5.347513884492218,45.28813000023365,31.79804434590042
362,0.0,0.003528985310202895,0.003813224691281677,0.03143503027765392,0.03176730271287917,0.06263181787819651,0.07140801173530953,0.4810749799109717,15.627012558281422,3.2176724030636255,4.906158271152526,82.5233128843829,32.05349511457607
68,0.0,0.004148368007086572,0.005011927112934198,0.02429870923456417,0.02958916717957413,0.06377455382516171,0.07190164608349145,0.4812511703536559,2.6360637675970793,3.8802573010325436,4.549448528233915,90.05950277019292,24.28751457259059
488,0.0,0.004022658868104055,0.0026580190872822333,0.05038088353704384,0.02015877640819121,0.06523304001524503,0.04822942784553165,0.4818445533331731,6.931052337400615,3.712284277565778,4.487906082253903,43.465474982745945,30.89916722653434
201,0.0,0.004539810280015195,0.005471329726544239,0.02311059380832917,0.026497274534523507,0.06561217483670219,0.07150817119204812,0.4850807477655729,11.104236328043044,1.1695208555087448,8.669277497194708,75.30310089420527,38.054433109425005
340,0.0,0.004209643387495228,0.002954897735979341,0.04724215334732481,0.02703567697295269,0.05102499591127798,0.061177384424231165,0.48733325119177,2.063060793094337,3.78621485400945,5.210021997150034,127.0200661579147,41.374514354206624
66,0.0,0.003318804736691626,0.0037100273409867075,0.03541222053584853,0.03565761807284175,0.060043759693409825,0.0667431635775519,0.487630597353497,17.78836229722947,4.829507027100772,6.333207119815051,162.52528489939868,44.41890189014375
469,0.0,0.003433951947633637,0.0025555661790073545,0.04732322680696227,0.024122549108377103,0.07346859054118549,0.0519603544837565,0.4894428450391961,15.439205449074507,0.5623131513595582,3.9978736676275735,2.816182811744511,26.75968860751018
111,0.0,0.005443730906408135,0.0062822399567011925,0.021069894680476594,0.026937701352800096,0.06329875027810945,0.0629640017335366,0.489894380792262,9.776694317348301,0.6420875202864409,7.958331854641438,60.257112939842045,31.001468837819996
479,0.0,0.004227081947554757,0.004840734406935873,0.03198403857601245,0.02813021713518841,0.0644106172303523,0.06420144247233081,0.4924415722678355,8.44205089751631,0.10738575151190162,9.71405883571133,40.0696232393384,47.33733115419746
22,0.0,0.007399540468953932,0.007228209320995064,0.030083008719705585,0.018236768402648377,0.04308876880066781,0.05160608779977514,0.49283022391341424,10.622474481351674,3.7075625810772186,6.827245572861284,62.70303069520742,15.212335067708045
428,0.0,0.00029816628822704617,4.180565946795334e-05,0.020949733485429715,0.0036389351429403517,0.2220317771852709,0.02717634300498585,0.49707820327135954,4.964845966547728,3.6229984559118753,0.17895974656566976,1.8156741755083203,17.99208356589079
400,0.0,0.0035391972294181936,0.0039051564483907493,0.03303850426413228,0.029877416507133974,0.06802875283092763,0.07735507946364101,0.49992668947677077,9.815013384446502,3.543851287197322,6.748447860218584,128.61231328267604,45.73106954805553
317,0.0,0.006099021094063111,0.0067815410272119145,0.02277908050682614,0.02666122526079364,0.061938622496880036,0.05567388483082842,0.5000821879710187,17.672132356092334,1.0072539671324194,6.181896027270704,18.29657564498484,21.080381159018724
339,0.0,0.0043541032216061135,0.005465133267090054,0.025880735848804005,0.02925173526356607,0.06312143913478034,0.07729598637950424,0.5003859716710098,4.906151029281318,1.8896903119981292,9.163464366085828,111.84243548102677,46.07738882731646
62,0.0,0.0056638797582884235,0.006229336146447261,0.02505692434896172,0.02793140404832271,0.05895701075939118,0.06674286073415754,0.5052840507481524,13.454712772741914,3.234121706243605,9.69415095737204,112.93211217876524,39.38614080343395
286,0.0,0.007661276863121863,0.009982690815335425,0.009229870576303579,0.012465327359622793,0.060216989515187794,0.0714863176349288,0.5070470921823542,13.972518128342927,2.6954492347314956,9.097746914252639,93.58711473736912,9.880759863462298
440,0.0,0.006791250795879699,0.008495538844065913,0.02061327659421438,0.02302170625193515,0.05713530847624672,0.055227332340469,0.5087431804924458,6.987560139037669,3.395445861667395,9.924048465676606,79.28218303527683,21.555506017711014
377,0.0,0.00578340957465646,0.006712872961455604,0.02206753955361616,0.028363539314129507,0.06815904285935485,0.059208501078806215,0.5109968328222552,12.439142485149205,0.9386017222888768,9.312566121388226,27.373958179727197,34.09710976853967
2,0.0,0.002665714287633499,0.0029180268536313225,0.03578205832670735,0.028236793586282758,0.09637770494096667,0.06581525036333531,0.511652516406579,17.950021721422672,3.3226979751139885,3.26966129783541,34.30589161720127,23.563515199534596
172,0.0,0.004475211190626549,0.005449168235132032,0.03267560427847073,0.03450656819391921,0.05805485246623578,0.06519091437597985,0.5118573993354837,4.870167683809996,4.7367214082740245,5.456317792087793,80.70066935755312,31.178992431238296
199,0.0,0.00408730846404182,0.004920791023315867,0.026342367875367055,0.03019220783987169,0.06766755499964258,0.08636520568438652,0.5123262959237131,7.103698313236237,2.3270508076995613,7.617342251259833,148.10857374500483,45.113302332907914
171,0.0,0.008090621478465218,0.00393651034186588,0.028165685847311307,0.015976942918551396,0.08870574770020612,0.039547935618283195,0.5146215594161347,2.101298462599516,2.2278837134130303,8.955349715892226,58.563146063126624,32.68736666366458
380,0.0,0.0069515123536541155,0.008617412579684843,0.0204937646620532,0.020756881836318023,0.0627002775288455,0.06197208072835109,0.5254481188780803,3.98589176684618,4.374499195907265,8.211580872442573,77.57910369616002,17.195500668603927
52,0.0,0.004260949888193514,0.0031551485755471824,0.045908649122704,0.0331526040019982,0.05644980496629328,0.07441398494658125,0.5273766140522678,1.0761370612308383,3.6978718109428885,3.977963133901358,150.18487132154405,35.01520663211122
162,0.0,0.003913418155992943,0.004700164575338137,0.029646343596671086,0.033593135247248565,0.07333079767792314,0.08148214328970824,0.5286287351914026,18.681551073677838,3.4977712039835755,5.87964574387297,103.74513489939272,36.58102515954524
10,0.0,0.003930601863823132,0.004714263470127188,0.028796797447487373,0.031023154720575253,0.07816495479702788,0.08564269578006488,0.5339786322978082,16.01079796254635,4.264018224645406,6.138221762888134,92.07223106175661,38.16953119970858
289,0.0,0.0037139658406965823,0.003085198541703288,0.047324358757514326,0.02719931013535676,0.07941649722722421,0.06538456967647886,0.5355694159854885,13.711357808671892,1.5271956233307722,6.773638243600726,35.22979463171214,44.81877590697259
206,0.0,0.0034601345098092553,0.0039061013084075,0.03611624231938774,0.030050677307724753,0.08012922065556075,0.08248849728576693,0.5361845267969871,14.27348091546446,3.372295160219074,7.057915900181979,90.48984069749713,49.00762557853013
349,0.0,0.005040563507525427,0.006342008971587232,0.02550998455494926,0.030049512714746922,0.0722515117773903,0.07698495872937311,0.5388124772817973,18.717478891834617,0.6785610022023321,9.600576800201088,85.13652146048844,40.58970822542906
450,0.0,0.0022303220538342646,0.002679298552003341,0.03576079539638906,0.0311402342360142,0.10191390002536505,0.08395729941852478,0.5411313744316691,17.729381141252816,3.9838808714412157,4.627037726342678,120.60156626719981,42.89163782531396
470,0.0,0.0029702289680270497,0.0032852864492812456,0.039244339300137814,0.032104680080916784,0.08078705374499681,0.08679053728905096,0.5416969583629825,10.847735047340393,4.364557151403278,5.40100588882342,197.19138982053846,46.552531531639396
198,0.0,0.010878026592107732,0.005302820691833196,0.04093373362490587,0.0155195840013336,0.04619746585988863,0.03900109270892815,0.543731198359835,12.649623707868159,4.29471851112321,4.982129462715238,35.9300560830161,12.959846229851244
85,0.0,0.004933087978353035,0.005880781166810104,0.029674643787430642,0.032137809716742835,0.06801464837507717,0.08031991742870678,0.5463990348002298,15.386820329353213,0.8244508136063814,6.943356837891042,66.51380861364305,34.42089875321835
228,0.0,0.004675539447336686,0.005680928115082436,0.026537294373626185,0.032578080189359156,0.07484938523097587,0.08412320229719204,0.5473744876127026,3.1031864872202277,4.32330921003595,7.198234797269106,172.32415509596467,37.40400234870613
243,0.0,0.004048107550762018,0.003770633129658067,0.04545430570496332,0.031566048695656546,0.07482469873935876,0.0699478370049785,0.5521492364617614,5.727647760882974,0.37600995879620314,6.53279682546854,56.897372256964445,46.13525179754943
356,0.0,0.004169632469583395,0.0046943696895896505,0.037009550533836436,0.03612559928111083,0.07270318922360569,0.07460805158090973,0.5521922016346357,3.304553479887545,4.413478713203221,3.955461477302015,108.6285694418475,26.55398899400607
343,0.0,0.0028717640039406197,0.0031084522131166934,0.03849259216168188,0.03203871278224962,0.10331431903992153,0.07073884567223185,0.5533365509024109,6.376572146080434,0.22438360126689078,4.1985981823876495,72.63956786971539,35.41327173402533
134,0.0,0.003729671028549203,0.004100025124047945,0.03926824563194432,0.03864951264400062,0.07486815546505968,0.07572443217390855,0.5557168284953191,12.477506851777434,2.634805469401181,5.626247222255915,158.01572430320084,42.782371770776805
475,0.0,0.003816024537551049,0.004302077835985239,0.036120574583913066,0.03521751525610442,0.07608907123395825,0.08604157872255123,0.5569811104820763,2.82472634781152,1.8535964751616123,4.866087505128235,175.89368553925306,33.745485364366324
153,0.0,0.008460139745277456,0.007449094927923349,0.029394888747809256,0.027599393754898553,0.06066259622886979,0.047624145449748176,0.558390822234574,12.23522852640599,0.8550189416855574,3.306268083956093,11.495921120978892,9.971098953671753
361,0.0,0.004076744640877353,0.004873187688615477,0.03506917089126417,0.036061047809372256,0.07085793386450989,0.08713839573029819,0.5595693227233569,10.73877714946866,2.0149224787950515,5.731516007706523,118.31474371347576,38.59339048769325
454,0.0,0.011158467881417765,0.005525036252261204,0.04103345052492714,0.019388352737979033,0.05135140252247881,0.03223414642767999,0.5608174649373698,12.705806449986994,2.877086752094329,9.640733525156975,59.60585154592991,26.075292267277838
69,0.0,0.004713216642490104,0.005804240380240607,0.027207731999959083,0.03317072262113415,0.07424250707552686,0.09245108923010792,0.5627648823911153,17.08718106430024,2.129113254044205,8.117701106052845,177.65148783940822,42.789348018169406
493,0.0,0.00400751689012249,0.005038541863357641,0.03065753102950447,0.03693666983185837,0.07581186167369583,0.09346176176416661,0.5652702522766351,19.84764646179974,1.4825475877150895,3.13806007290259,92.57833449542522,20.34470307547599
219,0.0,0.009112656897034043,0.008140012565800794,0.03584762998670692,0.02165253150463819,0.04219256742754286,0.057801393637859445,0.5655900658548931,2.918960695154965,0.4382825535722077,9.5246869944036,106.30033103562891,20.402190032694488
471,0.0,0.004039385265077933,0.0048385300643032925,0.029595617941901704,0.032529016805381006,0.08303776642228182,0.0964686718613629,0.5657787951793837,6.521382109262049,2.276061916165054,2.1614547702483833,86.27301035728306,14.383532627858221
179,0.0,0.004040057707052845,0.0045151909918199964,0.03318154514001176,0.03768910547487045,0.07511379859333334,0.0919936230286605,0.5659454169625926,5.295565997250378,1.6529795468784871,3.4475004341453315,127.6901197815314,23.330398934707045
348,0.0,0.0040209201569020485,0.004487877268944504,0.0342631555301783,0.03804696482309483,0.07353730009865046,0.09129973252949455,0.5659513829380441,3.408596838824451,3.493208371382207,2.960223850142211,198.38995681144297,20.504729399830104
58,0.0,0.004496032549250727,0.005375496641401974,0.0327405834514876,0.03615331341073675,0.07559137060325169,0.08469546027583359,0.5706824442987909,17.263171596452594,4.851880891807378,4.883679886069149,73.49248993955553,29.586892494838686
55,0.0,0.003812264936576309,0.002781993987658622,0.05584853362292529,0.025387358922709123,0.09726915765982233,0.05356522859838029,0.5715340658016692,6.280382133089006,2.4939258075319235,5.422198679391294,52.20637936145067,41.724135632812974
109,0.0,0.009021910097292312,0.0069939387967163195,0.03085447180041795,0.025073337322296427,0.06671618606071326,0.04863937575479375,0.5724040831927125,19.90057361871004,2.354193030484021,6.082334857713431,28.881897791288793,18.62520569143817
389,0.0,0.00903283714110579,0.008513097213830286,0.03185630191359904,0.028291549068342744,0.04796670294068054,0.05108181191248603,0.5733130416041474,17.460897462442517,0.2667264083400369,9.215247592050583,63.39233784284443,23.653619229327887
63,0.0,0.002880973446162221,0.0030819699122755207,0.04047224550536177,0.03436092814920371,0.10980182152303664,0.068700686643943,0.5734554608225461,8.794212027452886,0.34411046262830497,2.74096750067547,24.464847370050848,21.659565423615277
92,0.0,0.006194691535202826,0.006215411668371437,0.03145681566223031,0.031617450553543563,0.07150591972370621,0.07585229641346562,0.5762676994170473,3.466926778666675,4.913167277351022,7.582567497715354,121.02321114111692,33.64294571839273
499,0.0,0.006134996349058376,0.006951420174508804,0.02792282939606754,0.030860094085447078,0.06926747099059458,0.08384199271151845,0.5779522445789445,5.674640515819192,1.4083057590760293,1.9122718966566028,26.176897577010095,8.012423506565392
430,0.0,0.0031125656239717387,0.002565150704846072,0.04759346905359374,0.030780601363009988,0.1000403454244974,0.07649070296791775,0.5781515685933616,15.06557844672352,4.111784531734884,3.3315152723342183,87.21282459702343,30.17341303313151
407,0.0,0.005125148695311554,0.006295353130814917,0.030858940980153404,0.03694338656532473,0.0669889168319776,0.08881125264127725,0.5791193786073349,6.656529700383544,0.9990875364281238,7.741091893520206,107.20682014338672,41.08733661025762
346,0.0,0.0034678553836342977,0.002795505915284374,0.051963090291257744,0.02809667080967599,0.09883124280858493,0.0674786475620676,0.5807171563940663,16.75631614588201,2.61096463277936,6.126616302132606,51.30562724266201,48.421569026634096
7,0.0,0.004425113016788161,0.005467851434110807,0.028194681343875226,0.034653929379085735,0.0845714210151582,0.09656862433336302,0.583456761778234,7.418374170549214,1.8774278014898302,4.356144556775689,83.17573112808168,25.343973164912313
127,0.0,0.003892375308310065,0.005270644089325152,0.029423352878317256,0.03700363732552504,0.08452224528063605,0.10053448401237317,0.586596811702425,9.263258207589388,1.69897442990914,7.083104550186545,196.30013306252658,47.973499631136654
486,0.0,0.004452913269650119,0.003815843458082761,0.04964178812999137,0.03404637212901454,0.07154059203950605,0.08155956749082185,0.5879223668702982,12.128366528078914,4.981134680658579,4.373642819002271,165.82794036436826,36.42302687028423
54,0.0,0.0034492654501412463,0.0026471278036685774,0.04318264033324468,0.033488382363409425,0.08627656177076107,0.10376380225341267,0.5887629200093598,11.23716870136559,4.1278335263952615,2.178932969551534,162.73076121509075,22.441082937270405
187,0.0,0.004088939623642286,0.00489976028082289,0.03104011953041224,0.03528703558778436,0.08576315481508615,0.10272412707713492,0.5912335873075556,2.763181415386498,0.730463320016861,6.107818965613842,197.6995758432895,39.91000170763582
353,0.0,0.003733213542504568,0.004780375322205816,0.028544028563091527,0.038409713804838895,0.08870009466002855,0.1054228006227536,0.5918480043889911,13.846437450498343,0.5182063491083682,3.6690223634243013,157.32760588265955,24.741574151441455
379,0.0,0.010823468453394925,0.0059216322508134165,0.04024104094360681,0.019770325217706188,0.0620175458195726,0.045853602239066926,0.5944812739674488,2.3941217735409737,1.3686224709264936,7.514743992127478,61.660424921661615,21.915780580136925
290,0.0,0.003421021313522044,0.003096344808606217,0.040674261886766726,0.03858322624122867,0.08459907084334925,0.10402899382113995,0.5955218966162363,18.619743580929935,2.7888198689557613,2.6249398526735606,164.43000841978937,25.828494863491507
136,0.0,0.004072591385185469,0.0017126260620176875,0.06811745007951679,0.015527886383203474,0.12688850568010238,0.02779215147421591,0.5956075427514371,5.804968166165054,3.924882993847132,5.710296958312392,34.687842013314366,49.733143317326906
150,0.0,0.008502136218651942,0.00578724346843291,0.0331925798658485,0.02314324011885259,0.08165725198945796,0.06313192922281585,0.5958257912841515,10.774831275455654,3.999132863339037,9.42967476081103,99.70461202505976,34.77941198907793
367,0.0,0.004871019209036758,0.004619977771492903,0.04290002584614592,0.032608654744975075,0.07418041770016699,0.09040165846232412,0.5961478439690545,9.83662333060056,1.7535697306506337,2.719962117727846,34.9658996257931,17.68230117056519
183,0.0,0.009220544733367591,0.01136290608967909,0.01013956748963643,0.013498775604507298,0.07482439573434098,0.08346324309294714,0.5961891850181709,6.135272555984557,0.3079838965088129,8.343519515916705,88.27470872923732,8.267875762376933
300,0.0,0.003977067450127733,0.001437944228848627,0.0677055796422748,0.013651002102667885,0.13114213231281785,0.031273492122886874,0.5966219647593725,5.11864392273128,4.076518706511706,3.7640449604019524,38.770664223469794,32.77923164824024
91,0.0,0.006638242974006123,0.006940350073146126,0.032604914575299876,0.03373441155863662,0.07100519042740674,0.07637765316648364,0.6012028708373832,3.0637802137061954,2.059807185642421,6.867583131510764,143.19404399953783,29.005147939920427
3,0.0,0.005576381070816791,0.006920657384985193,0.029793100981414994,0.036276365877788874,0.06851300916515972,0.09714440970473787,0.6028722444872355,4.166700788773596,0.2366448705084622,9.29113734252751,146.39104583021253,43.62299261894077
159,0.0,0.004269919744144294,0.005516696290496658,0.03355825704843879,0.04252509623538549,0.07812193432317018,0.0943770388315918,0.6032137546907897,8.373475460335612,0.503922828193754,5.080246590450406,138.47949303127825,34.001695966534314
487,0.0,0.01085821156094776,0.011585358311325093,0.020657836548361543,0.010066007547684979,0.05398659277009733,0.07542709079080191,0.6052356892624295,7.771146136336029,1.6407182776369156,8.254833962954581,55.30355851072818,5.813479554001241
484,0.0,0.004278669729291956,0.003064516310290062,0.051847695325325516,0.032142469420308926,0.07872545617521624,0.09430806175029989,0.606865279295604,3.159455298446119,2.9822189589962367,2.5375260456465187,147.08759765233845,24.24207216128707
139,0.0,0.004371187793422037,0.00538484707730165,0.03141143397304161,0.038119265746228384,0.08423025483084748,0.10525425314316214,0.6105290190865191,1.4912383845075965,0.12383549278602005,4.926089162845164,166.87596416845918,29.768221111316233
268,0.0,0.007477226624448921,0.006665065761598685,0.036394428833193805,0.02925616369334286,0.0716704349350269,0.07359680657789451,0.6106722846315271,5.691594661213458,3.1976204418577256,7.777594990469515,137.79027706757188,29.872042389586568
31,0.0,0.007765780298054281,0.010045168423179566,0.026340336402807883,0.024247458658878684,0.07341466462481616,0.06948413560098586,0.6117628164138081,8.221410777419806,1.9917742598801853,8.626803633663803,101.47725043259561,15.98690988747403
282,0.0,0.00491985819279751,0.006157430638005418,0.02580817584218803,0.03229748663390775,0.09170462036217535,0.11078611275429694,0.6177792031924313,16.59340447280556,4.318586655613035,4.240145675465464,129.7625031210482,21.327706774882973
129,0.0,0.00520505276026807,0.0063881115427207045,0.027855014873438576,0.034394937097597514,0.08505493444339572,0.10633278512398373,0.6197017883757312,12.90033153258264,0.5877351336181165,8.786026894114912,179.37585677299649,44.279687660746276
57,0.0,0.003695847824900153,0.004029752430549102,0.0411378144776879,0.03784196437948593,0.09383200205684052,0.09967607748435048,0.6217450668093806,12.669745529070497,1.2993249681778254,5.916838061250746,128.06125635653734,47.2373473836109
240,0.0,0.003889895842818162,0.0033045165790236905,0.050913842713539784,0.0349839655943611,0.08843336983195857,0.09267150492229234,0.621748172161305,10.022531805559993,3.9378369675017897,3.022051897738129,145.4809480998665,27.1401286396198
449,0.0,0.005005283574311347,0.005714849083508081,0.03789563249960119,0.039624236704432624,0.07856604128006894,0.092188816263454,0.6227363312407899,13.416557208634913,0.329976861178875,6.008436048123985,81.79186727013439,36.96264588460326
456,0.0,0.008923970609597877,0.006925783872392662,0.03775845897337334,0.02665833498285578,0.06899639298721602,0.0683316807060678,0.6248264549435864,6.316208593547344,4.132406398653984,9.120224995072931,133.0005949884653,31.50361755806953
274,0.0,0.003961421847575956,0.005097601616940339,0.02676594086877513,0.03261903640417734,0.10005335254221275,0.12497495421414707,0.6249756373698867,19.719620593823493,3.424837588332594,6.552712374925613,195.59381992649287,42.19594640918076
465,0.0,0.0063014774806393545,0.007365272291470822,0.033429936372299636,0.03915721744368748,0.07160998265034094,0.08403852684787216,0.6272939593423797,15.128523647785187,1.3985965524800124,9.049902042001486,163.396746404469,41.825249812565744
142,0.0,0.004404142922283816,0.005080009565022235,0.03548610499362216,0.04105096649331482,0.0860587347235364,0.10435994190528981,0.6291031121525097,14.398175923153758,4.803574373107404,2.698857545014471,117.64240381959826,19.184844993799924
205,0.0,0.0031580869912247083,0.00378405512555126,0.03592836186497167,0.03693947244361361,0.10524852179815754,0.1146528217553611,0.630012242707126,19.180198674090207,2.1695506664924324,3.742904687486589,110.73434908129275,30.603386866208165
501,0.0,0.007440421649456028,0.008459698309146347,0.032673900032295214,0.035672553783010465,0.06660303159998886,0.07589910748063963,0.6302157368625078,16.049116074107587,2.362354870326817,9.883417044207453,123.21399421989918,35.94069958012551
189,0.0,0.004820168686190556,0.006100571116872024,0.031076561787331803,0.03771512406595094,0.08788558238260678,0.10452969272760593,0.6302981829363438,17.920100461691618,0.45591371608898046,2.941540990304202,50.99697927478701,16.36748046223074
296,0.0,0.005057410031673147,0.006266577994181426,0.03141475169699318,0.03749309861990192,0.08527544594456042,0.1033916222909811,0.6309202107232867,6.616898203268647,2.937569828145206,8.650499928556382,176.80549241229892,48.71928099058569
79,0.0,0.004515260633112734,0.0040597902178845366,0.05336123710267534,0.043764165076675,0.07181562843000656,0.0862164370205069,0.6333141948563088,10.354428650811315,2.287358757667244,3.310302418842912,165.27685971558094,31.593962503876536
12,0.0,0.004949950051643845,0.0060702884748798785,0.03340101896824014,0.039549239037307116,0.08288610530536505,0.10408015213278426,0.6346165733645366,5.636494577862322,4.615095664374531,3.1168876403011385,156.82018194999546,18.038132728636267
97,0.0,0.006097429134800462,0.007585146258752043,0.03059204745138925,0.03587508843637235,0.07699389710993153,0.09833458100795424,0.6375589253686634,13.791219588369131,1.9357703587040307,8.32762696063146,136.7005014019087,36.51465660855174
120,0.0,0.006769375152244572,0.006604230119934793,0.03528852794331165,0.03391130668024642,0.08227374653904432,0.08473743796128086,0.6382412774775807,7.356638360768557,4.054687051754445,8.56666720584035,168.68486042041332,40.20936337001622
169,0.0,0.010037834682472834,0.008672752420138664,0.033346227118553694,0.031017497593425147,0.06694303997515076,0.053931236409228825,0.6395412495681776,10.963439867831767,0.22895108861848715,7.118025165610015,30.47114251833409,20.113618005905302
102,0.0,0.010147486625610153,0.006115612605126072,0.043419544175663426,0.023866650783888225,0.0719512503649955,0.06037337326533214,0.6412024007946104,12.18263440951705,3.8322479333728556,7.321391919441521,102.1376711782068,25.548675142601134
16,0.0,0.0037215513598536838,0.0036095664676328693,0.04205355621380096,0.030696704192172145,0.09864694211688738,0.12310255211637434,0.6413374900919395,9.72947134450078,2.819349107053131,5.043636844679713,189.2972546350211,41.191393134836105
65,0.0,0.0029843147841679555,0.0032223415882671564,0.04271905302351927,0.029633358522741213,0.1294172678924271,0.09570373698249005,0.6413514115796596,13.176670326851308,1.0568712178617716,3.0762461873702707,39.865749314427376,26.17935474039987
4,0.0,0.005046530108379609,0.0027312274410773423,0.07220725363348442,0.026629523603609585,0.09294541522381755,0.05565848055281746,0.6414492413790427,2.2134043062105775,3.0517606033943596,5.1984027062542735,118.7789042070508,45.14463247526437
67,0.0,0.003437664137344039,0.0025808050586189715,0.052161785553453986,0.035117592938369094,0.1008959343810633,0.10136109424475553,0.6420437105012068,4.3377145659178495,1.7923545653000477,1.238921932131052,74.15292254649103,13.410582803562283
72,0.0,0.004056069669449146,0.00229281162112558,0.063993488887181,0.03163304107529013,0.09944636753830773,0.07556103143568722,0.6421667206878297,6.119485439732671,4.680754758790135,2.478103225398809,199.89714915957302,30.079524846654387
422,0.0,0.014723270935879737,0.006293658650104331,0.027134270359098066,0.007858549624312306,0.08739554871911813,0.049289734266957354,0.6424878948599921,11.957345956005156,3.168070983048529,6.223856202512979,39.16323421150446,6.6002518623135975
480,0.0,0.00941982725141036,0.013405412933847524,0.009069352658839607,0.012800551619241386,0.07575103457266105,0.10115561677350536,0.644415829808131,8.257462638430297,4.031889947038144,7.394826930668205,82.86711577884853,7.324461107421666
145,0.0,0.006743965848073899,0.008052498580001493,0.033827099921803175,0.0408064267397997,0.07154219223131415,0.08196181705914514,0.645643918806047,14.749139110557735,1.75811416329816,6.258129217009992,65.08399046398699,26.94280276298523
392,0.0,0.0035607497402068713,0.0027591771874155317,0.054144327635604436,0.034036413720518154,0.11370285240685254,0.08153177950213954,0.6464843779414761,5.894794869236648,2.8159592806361617,1.0897625143639744,60.75032607931644,11.425627992302179
35,0.0,0.004151642449795609,0.0012276344804219225,0.07501397904475549,0.01248967852212296,0.15531204267290594,0.022114954497200568,0.6470063306753266,3.588970949873328,2.113846503850073,4.648234352469444,29.29836834780872,43.825641047861424
9,0.0,0.00497612979173077,0.004859256846483993,0.04404276562124411,0.0424060185647664,0.08107473151400388,0.09643364098911159,0.6473815173917571,11.419546272605658,0.7009908014908434,4.507910734694451,109.1405496057123,32.42909870194271
452,0.0,0.013546834857574044,0.005616827550923082,0.02560654268145455,0.010532241982178616,0.10896743402673667,0.04700951511909403,0.6500546075340986,2.5818658880889416,4.856579095497727,6.56559713287279,29.37539133988321,13.501460329908877
491,0.0,0.004497313961506053,0.0041958505454792,0.057615618389084536,0.03447913124539813,0.09198360998531493,0.07853874973221531,0.6509129613729371,1.7265888368710876,2.4413886365480724,6.159357610158622,156.91836257930845,48.55394075792283
261,0.0,0.009305681088869125,0.006889693520825156,0.03514865957501691,0.02634503505976887,0.08829587357633356,0.06788369400976144,0.6543356913192113,17.614693082869053,2.5400058724917476,7.177042006701231,77.06136282067746,25.972625145874918
359,0.0,0.003423170660770332,0.00354805767214786,0.04944535447500533,0.04034940280404759,0.11500940692961707,0.08054567573036144,0.6551442864823898,7.619079542346299,0.8597266191616655,5.6075440044514835,91.37198276910931,43.98363376036286
429,0.0,0.00461989975379357,0.0054467469198829594,0.04142549356773784,0.043399990330783976,0.08904349230659947,0.09551284837343454,0.6553770099758374,19.675312486477196,0.5487610423006117,7.460844736266881,113.60931558627635,49.38934594169259
305,0.0,0.008866271646302654,0.008312983279342588,0.037912945880743856,0.03144170115974419,0.06563081023414538,0.07552034545104425,0.6565345794190766,14.235244484618306,0.2013691197149456,8.267629765439779,121.53595710173249,27.8714849203825
505,0.0,0.013046602170120694,0.006577587311879849,0.040390282108616046,0.017931516364358684,0.0732073365397066,0.049496370851365545,0.6597965238711986,12.296644638292491,1.8633079817518594,7.0048732832074165,13.801413213834167,16.08689681822434
463,0.0,0.0052886419787083055,0.006504442487321387,0.030121259036336646,0.03827537012562793,0.09334951939751629,0.11243771239931886,0.6610547237841269,10.301281861960888,1.6259607890620829,5.329925339110195,104.59872676339,29.974945036135615
253,0.0,0.005669664308216469,0.006852895163688968,0.03253515638273087,0.039401754803314495,0.08794233296167164,0.10402796501394422,0.6619407540481621,18.045830599032342,1.589459488168359,7.278841768857092,129.46599818393588,39.17381953150034
504,0.0,0.0006423796530089347,0.0004910006758394939,0.02797545419000304,0.021619099495391838,0.18115172361797602,0.15068567209046255,0.6622791801182883,7.456673985347152,4.7585529900155965,0.6729978492483497,101.78282631747425,47.87045463779941
326,0.0,0.009898329505739087,0.0069350365083774715,0.0431732843677773,0.028359527304053517,0.07115962965581704,0.06555011182757467,0.6624901744053467,12.851205660961568,4.518573572579771,6.674249941576272,96.60733798518777,23.72150912033394
310,0.0,0.006291483153393412,0.007934993063441902,0.03201117270083107,0.04193557966305164,0.07844898070373338,0.09570102334035742,0.6631462161664028,11.140216382220387,3.016456431243569,7.420022929087281,143.6582982717082,35.60502968095243
277,0.0,0.004570620157434547,0.0064550100844901585,0.03175613559180183,0.041878221038103874,0.09742192311852091,0.1103599541874417,0.6665050332627533,15.754297920502722,1.0308527704328299,7.859561446402222,168.02703304216266,46.81533158645034
485,0.0,0.0033326240939251807,0.002900770968431358,0.05410489665388067,0.030914978627622183,0.1285703365434818,0.08478201224464048,0.6666647214066174,16.72143147327006,1.2084949559532108,5.179622187186032,33.84023233409971,43.139343962073326
303,0.0,0.005775359008994169,0.006688003338298129,0.03192275055519121,0.03712036752441239,0.09294404686445872,0.10834425681453559,0.6684517955844833,9.413891637697816,0.27546694315969944,7.037905641924589,161.63061393331736,37.75801486074924
182,0.0,0.005088203713234576,0.006632011949647023,0.042466137437001165,0.05196262669362143,0.07276636571918428,0.09289270961211073,0.6702642288698023,11.389235578477383,3.270218755770475,4.178610347397625,176.35253364220262,27.961827077809723
156,0.0,0.004668707272586003,0.002365719566518098,0.07578959973707212,0.02334324719150518,0.12946855570619348,0.03537107282048283,0.6707374929821797,3.781751522794366,4.156630631536245,4.3177349288947875,62.35770918056369,39.761653907876465
297,0.0,0.006198509653587493,0.007419984633278225,0.032527350945440694,0.03782030342878576,0.0851877462711718,0.10743469403951449,0.6737321884564682,10.9006537636742,1.2342820166610182,3.8619595319032674,91.15003756061196,18.51594558544457
45,0.0,0.004648747929350961,0.0047515465237362,0.05090669160170027,0.0511510565477353,0.07766629184304268,0.09628595569373327,0.6769911137983331,19.479130449704826,0.914376248139888,4.215202528890222,155.53445757739246,38.313572346884754
28,0.0,0.0051374552679074245,0.0064528749993046424,0.032369133258269366,0.039826565425288875,0.09312976790114705,0.12108369816381771,0.6794488237389883,3.9268516153097153,3.2438148493878547,2.019849319756031,100.07725498825312,10.836061985604465
137,0.0,0.004184009928447309,0.0039032273917905458,0.042424324320105976,0.04379330465654709,0.10652707670991543,0.10931554206243108,0.6807416401863403,11.57335045747459,2.1033121013082567,1.8521616907790304,145.99867711402476,17.58737347610295
291,0.0,0.01410295514981055,0.010900167683368277,0.026594597922007607,0.014729603018226544,0.06368119276679664,0.06311765375490265,0.6814175758668264,3.6478082444518805,0.7704570800065994,9.887522502895445,53.80009339842945,7.2946523050777605
161,0.0,0.0035252076204794814,0.0030198652663752405,0.05507619202383127,0.03035842199066314,0.12350971361370308,0.09809736418108712,0.6815848269686888,13.477920942939818,2.3859819808974865,4.766703389026224,95.9138345234096,43.3217053479515
180,0.0,0.005178363328811714,0.006260653406896021,0.036605233452687715,0.04483767002614358,0.09382909946456001,0.10760388102199886,0.6868434704170774,1.2281925426796079,4.008861054014415,2.302311521489173,111.72574822045863,15.585956442356109
395,0.0,0.00944454468191883,0.009930382703314417,0.03914058666667187,0.024102840077930045,0.07001604497331201,0.0828194545920666,0.6898240124689804,1.580014138482511,1.5367030784487725,9.545711260102689,140.0725732287392,18.14195428574458
371,0.0,0.003514842218181779,0.0018507906565071108,0.06548326377268886,0.026364079815935144,0.14708821658871768,0.06760623337758119,0.6914580801845074,5.520845249295235,1.087353981472552,4.524503592960536,14.97113902401179,41.61410677051172
32,0.0,0.00794728701218796,0.006748467486591962,0.04302430370595492,0.03299935209384915,0.082367633983688,0.09412114870041463,0.6942557770857343,8.478112490847707,3.466132497042418,5.9885204986669125,170.71138639748096,26.371634672023358
354,0.0,0.012256924142268833,0.013441796884401176,0.02207097068487481,0.013056486997287427,0.06452903078595475,0.08660519692277574,0.6958759213438347,18.456861034035683,4.142487592808902,6.967053298745304,43.899027328938246,4.972858705837279
15,0.0,0.014554298876108521,0.006352718926389113,0.020300440908764657,0.0114171250976626,0.12759958099966212,0.049337476711391194,0.69639823762576,9.932793241925538,0.9624066443182528,6.436690037697553,43.19118927139789,11.518022397253661
413,0.0,0.003374900302244993,0.0034230038533047957,0.04531072443957603,0.044802530816123134,0.10914465930507022,0.12485922202821909,0.6973061997623644,18.441357641480863,1.1476879594847562,3.5717817254364492,144.5779252788052,33.00906375935301
217,0.0,0.005814854698093279,0.00738312888743378,0.03133274371808117,0.038463192964584794,0.09336965884219693,0.12188604572744241,0.6973125791980226,11.776556186378002,2.401289104204625,6.372216736059635,181.78867346420884,33.16782085970044
269,0.0,0.01059833500846489,0.010433873560585071,0.038321919438755674,0.03194442879923865,0.059710526146829326,0.07114798443884374,0.6986182067803295,18.960165426135063,0.38058283105492596,4.850274888053536,49.319984655827284,12.509895607456563
412,0.0,0.018604663653433107,0.010089436151322568,0.038507618481544104,0.00492833333989517,0.04026896155007176,0.04683039096421406,0.6995424336338334,3.6869599912315607,3.042987184133381,8.979351232759655,33.17977600451559,3.1719206950627266
320,0.0,0.004246868817499805,0.0028950873066934573,0.06702592512657535,0.030361528840305796,0.12119695865536947,0.07917812726682767,0.7015063979601561,8.984786743298173,4.171077999658882,4.745585244335234,156.1930507523939,45.01100983032957
56,0.0,0.0042537376503346425,0.002211153637623772,0.07236941288401579,0.023858124454004752,0.13762095756455422,0.06337802096030681,0.7024029393267857,7.232011302374303,2.8913602333515884,1.7326348144561055,40.36829583346844,17.013137795589866
295,0.0,0.006243759262608324,0.007563835131946722,0.033155435663332455,0.03652134686839073,0.0936451515204012,0.11798155164548238,0.7033240249211228,8.086909146979451,2.415431595314294,4.999659884627908,113.96980217471719,23.907699230499567
146,0.0,0.0030544686224276813,0.0023048511653679833,0.056049704586321566,0.03394545284974106,0.13767130263317448,0.10127462982476547,0.7048206407989663,19.954653701744974,2.86183351892978,4.543209466151893,134.91418911144137,46.71128426352516
241,0.0,0.014283982156380704,0.009048316328074412,0.032489656967304506,0.016475876560889943,0.07807950605653849,0.06005653255459436,0.7048711403138057,14.608353692106903,2.0903939783573153,9.683765923511237,32.132610293105245,9.00429718149826
477,0.0,0.011989524538994923,0.009938595888720238,0.017773728519525314,0.02227592736750378,0.10880322406335,0.0657549353666514,0.7051045052846071,18.56599149480462,2.1281344057060783,6.640140362456441,73.79731856100261,10.202950362954288
333,0.0,0.005535116558482491,0.00686107434554838,0.03769075368095785,0.046485569553443455,0.09077716436435003,0.1103737468121435,0.7059712797049137,19.382831717841327,1.6672583035193387,5.438801827281713,171.41779924277216,32.19801205229014
212,0.0,0.0034160649836353406,0.002341228062974195,0.05974627253134375,0.03733776433480976,0.12120125007778651,0.10435602015749265,0.7067123356820255,1.9676588149741292,4.950651935301721,3.198254190851003,190.71036166138947,45.98729065312072
403,0.0,0.003996548681100283,0.0020897337015118875,0.07010408501822875,0.027070315460126563,0.1469999377237226,0.06129532635917194,0.7104865786113685,4.629395620897412,2.3399103675037627,2.814861589577049,71.05564887728542,27.49586483510211
381,0.0,0.003281606535529561,0.003275203399190698,0.05285944853011189,0.04625952249193366,0.111846054980331,0.11293561353845764,0.7105128848359306,18.140179433859885,2.2472694292664532,4.338947782386094,190.14401585888118,47.0054916058667
53,0.0,0.012178662014014721,0.015527310716070572,0.015819295470036597,0.015665667319610676,0.07141719628565703,0.08126073198473185,0.7120168012328079,16.42278759740293,0.4927856081165374,8.457152724079787,36.937506003305316,4.00507844472304
125,0.0,0.010813929579066434,0.012940709520134291,0.013639086758818569,0.017540502724815665,0.09416887936327975,0.09658384720975792,0.7133193093653625,18.199628272093832,1.2124502158723773,8.95947846453637,116.70649955421686,10.254840995464473
492,0.0,0.008476169616506886,0.008833711097766928,0.04166512172004941,0.0399986283061445,0.07379099470873315,0.08646963918546237,0.7168572289627437,4.801866344176233,4.5267305842600765,9.49041385082528,178.32717651873827,37.67970367912203
175,0.0,0.0023030083650562765,0.0021551909186658044,0.04752179402338572,0.03257495608854314,0.15822505987973426,0.11834503568325631,0.7175207838822136,9.462906330823898,1.111225174367428,4.09665327752009,119.69863648340106,48.80939710335806
437,0.0,0.003273026518522415,0.0029723275114062466,0.04020632302603647,0.04559175594090436,0.12957274893073661,0.13015115835049504,0.717629368539874,16.184171084314585,0.8939907056279481,0.5695246309041977,94.40957377571613,8.84629842750728
313,0.0,0.0039828173671551045,0.00503785749325452,0.035232351311497725,0.04455844947549507,0.12538550966339387,0.12171664119940839,0.7190409824580299,12.611451828852296,2.3317633042111994,1.294186241272837,154.13584045600146,10.510291299410163
345,0.0,0.005596104533826094,0.006723769240995021,0.03782627282916682,0.045866328715438734,0.09261949814586444,0.12084172495903837,0.7208917309804928,11.86619627662003,1.435435751732439,4.665443278942257,149.09586145263165,28.451876088697464
133,0.0,0.0027297401304037707,0.0028659781526695826,0.04959727310645493,0.03454413241053988,0.16429757614286225,0.09391150384132771,0.7237048704038843,17.367265598848462,1.3731758114881816,3.9378953551873566,44.36243296042085,36.82901691934094
507,0.0,0.01206202764708588,0.0069650781260960125,0.04920769382843859,0.025877790695240804,0.07853141365007062,0.06775846081374333,0.7276675845711456,2.251630650833249,1.1246826596558095,8.879963188897818,100.17028780281544,28.85556140244007
252,0.0,0.0006466666945698035,0.00042295512252866986,0.03145006431069028,0.022011050198461883,0.20702293582326442,0.16002234638846896,0.72992679940754,4.219332383945584,4.438649704027921,0.33196043046191337,41.867943082004786,21.810962641984226
181,0.0,0.0029811378886146042,0.001970564488237021,0.061556065863579965,0.026211698052443295,0.16531379473028207,0.08968086679861534,0.731054053724761,16.277689699083567,2.0005195224657655,5.2311469278298315,25.58749002404511,45.39883614107966
213,0.0,0.01501276137426118,0.007043021225671725,0.018273647776117917,0.013079640888683552,0.1389404434027317,0.05309010203002674,0.7345404255109365,15.529018562287092,1.6712462744675578,9.236257363762707,80.18292848207057,15.010447541158646
497,0.0,0.0031015728527803493,0.002507564895563797,0.059130200011870485,0.03358900488379598,0.16113525517629695,0.08517899905217283,0.7366227956397561,14.513679939322174,0.9766804358921946,5.024861931428313,62.822718870826066,45.53322177967057
511,0.0,0.004535963431687659,0.0026239621890339843,0.07118314820734717,0.030467734804019743,0.12846625157377994,0.08548563358612177,0.7369664005585772,9.019490784034133,2.2144251328893008,3.838518596719951,135.61680485028774,40.117483792919664
435,0.0,0.008366560433141438,0.008905832969873918,0.038524641723055204,0.03869571619082043,0.08468133172130263,0.09842401378534268,0.7370339529930755,5.206840072758496,0.6182257464155555,8.685879483353347,154.48131579719484,35.105557433515784
73,0.0,0.012968785303373347,0.008665170885518034,0.05611402054188449,0.028409124870159477,0.05278831226446849,0.06130014045007989,0.7393332111914129,11.256591564975679,1.3285320107825103,5.094023115839809,86.55488138552755,12.3519032667391
86,0.0,0.0035627293721898433,0.0025356114953398513,0.0663858008363831,0.027786773340603605,0.15564220587030123,0.08156773650586058,0.7397537866215733,11.090304369106889,4.448746633064002,3.7032961155287922,133.49578303843737,41.91536871371791
334,0.0,0.002910641406067972,0.001956131484758906,0.06242135566835309,0.025111348097859688,0.18063576812748408,0.07943202409410603,0.7429485079841287,14.177535838447511,2.9911271743476395,4.115453859511763,29.804377446882427,37.96281210808083
287,0.0,0.0047074480661022265,0.005309787284465381,0.05066908788396396,0.058134536039300716,0.09226629224655357,0.11033325465603565,0.7439740818877891,8.12572231516242,0.8826986375264824,3.385707828588784,180.40480441693217,29.188267765101045
360,0.0,0.004347160899136608,0.0005614407468578554,0.08492924142856303,0.006232155791214705,0.19705805243725816,0.03385203342571863,0.7453411206283667,6.7879842119291425,3.994410546217114,1.8696177618578078,6.622056999243796,19.2848363859579
200,0.0,0.007298856145145384,0.007513320113584181,0.045034376619728325,0.043846126090952474,0.08846299992464249,0.10200557566783844,0.7457455126980939,6.264881961047649,3.0211555293761196,3.8818553134799005,161.3404073594138,19.90906018745154
99,0.0,0.007399871262472296,0.00826313830231163,0.04029472721468616,0.04107893204809583,0.09165432200786669,0.10622266426944571,0.7461691086828834,3.72301581595093,1.143143216520548,5.253699193522334,151.38404212798923,24.138786251936107
204,0.0,0.017852827601350325,0.004792106047803157,0.04659910006137101,0.006934376157040656,0.10180895357365376,0.03860574438343757,0.7462850274418449,5.32312348857522,3.8397933291271333,8.856568852066994,23.53026786632836,11.681838315632193
416,0.0,0.003166149464933378,0.0020972399554944595,0.06352847065254122,0.031007807625667638,0.16574392681485942,0.0837717471157694,0.7464653472131288,8.689333759248257,2.897147895023227,3.057540314178914,110.03183008637279,37.148550557624546
276,0.0,0.013130328677897356,0.006936331745768987,0.053444996608146424,0.02427741798605603,0.078330249398189,0.06188044750824847,0.7468077786615506,1.5939423814415932,3.1598699611611667,4.623895453941077,56.23946759477258,14.279092654585838
498,0.0,0.006187719095196817,0.008122098290919502,0.034802552386826356,0.043488218224067315,0.10248473742503103,0.11901204389882522,0.7476355343557699,18.828678249381483,4.600980462878942,5.765601540822535,139.13277085032314,28.07185110691935
17,0.0,0.011946758385525433,0.008816722318124021,0.04408490844282468,0.029182061012146966,0.07877405962492313,0.07303694958523542,0.7477588495182887,14.903806676156819,0.7399755759164691,7.6615766363218425,78.67039093934,23.070525238011033
396,0.0,0.011853940358527333,0.007981949594158565,0.05298445860275739,0.031105949181992863,0.07068101723416471,0.07104070791233418,0.7520067257721429,5.537506788037717,4.198039882816374,6.064786733221262,124.12039510905743,19.751061526406556
96,0.0,0.011039403554508425,0.013207336036931694,0.020444298919328117,0.023604387635864785,0.09262327182647741,0.0955033591099184,0.7522819986952017,8.316224587149918,4.704951734002679,4.145558091718703,50.16825745720416,5.903815484046936
372,0.0,0.0005621512464777073,0.0004402439390959955,0.03476355837742264,0.021676955917558464,0.2279136058989925,0.14476252206725346,0.7546595618661716,1.452855721116066,3.440113538503647,1.1858787435106934,48.76886601373553,46.22764006806538
0,0.0,0.00024181235856337926,0.0002946145037708498,0.021850686170676085,0.024016520161312,0.20144161324403545,0.2142125236611217,0.7562243020100985,9.055407454259694,3.8092426517978315,0.1174928684718907,54.81954975891858,36.32951492918655
232,0.0,0.015673752202458213,0.007128221582270579,0.02253188099865319,0.014011097233390129,0.13765127948690456,0.05128487479611182,0.7577673623330502,6.837538252584636,4.8188037757761775,9.767365792766213,64.0925794634968,17.78460268890485
433,0.0,0.008571939603131792,0.008767152639217266,0.044013278173451874,0.037533490124298415,0.08539450191681393,0.10425313539652317,0.7620712596287931,14.082887195050716,2.2919360108673574,5.649641393125057,133.6033222526312,22.3365061939694
235,0.0,0.004370820628838303,0.0032855628753605333,0.05927391200941014,0.04836145150641495,0.10396697526481882,0.12984182353193635,0.7623381047748101,1.6322412407025695,1.02614478264004,0.8789833401329815,137.1293329410255,11.831233059056103
254,0.0,0.003342481611780342,0.0023986296983336164,0.06292641887108119,0.03236859486811148,0.15691648498557104,0.10191062917365087,0.7627098292271643,13.137228379957378,2.7649937997572125,3.366989268548787,72.097591528669,34.18721993276849
222,0.0,0.010438893535562451,0.008743777392064823,0.04905780830635218,0.03495306545043059,0.07557487430520002,0.08769672458068886,0.7645268243690451,13.747283928096294,4.486677544657141,8.000819022767246,153.432539540343,28.55439463593066
473,0.0,0.0028929544815587756,0.0032226809372383086,0.04851076522742283,0.05480615723647811,0.12047750058154172,0.149312588726547,0.7716268271494608,11.723988346755505,1.057831958308816,1.7525816384702921,112.23782883491367,21.36969800852239
90,0.0,0.0033271826919486366,0.0026696624188319073,0.06241369689784557,0.038801510458602174,0.15544207023394677,0.09997617602027342,0.7744580924362541,16.810143312439322,3.9495735733769837,0.848958935495466,31.504402680322528,10.111846791952848
426,0.0,0.007224718373333189,0.008757405022813976,0.0352207723335131,0.041500317570512625,0.0998645373273534,0.12769595762394814,0.7761714352439886,15.34842708427459,2.749143298249692,8.150143987312912,147.4067104589194,38.40367330946028
152,0.0,0.013705289964484358,0.007602208005471212,0.05499508422161975,0.026779519914625797,0.07989115116860987,0.061506664614158046,0.7777657509696423,7.654935447499156,2.704258700925857,9.331269929278642,122.51223064307123,29.279894714988767
138,0.0,0.016876053704933607,0.0066649315013118555,0.02445335033030128,0.011857022966125718,0.14233154231016396,0.05213204383308341,0.782127013818795,15.868597039952874,3.4355362853035336,7.547697482164949,54.402906101197004,12.407362188864498
478,0.0,0.00610729604428383,0.0075940509288067864,0.038914625844738884,0.0486898090701947,0.10247142887071665,0.13237827660942347,0.782249450139094,13.658440224826336,3.451984493248165,2.759727661777288,128.1535181850195,16.718242374062537
155,0.0,0.0002942032125354883,0.0003810338836754295,0.023837155749023325,0.023691564737040392,0.2119730310908853,0.21491937311581644,0.7827053404789083,3.3406258318573236,1.6101095573976638,0.23256646730005742,77.4837697846815,47.49532953640446
273,0.0,0.002130788433814785,0.0011969626557255361,0.05955037445630131,0.021788336423607862,0.21429353224587172,0.0974961995679929,0.7846207211241811,14.812539448030293,2.155132942739874,3.000855271611363,4.406948753632605,34.67711353795603
186,0.0,0.0028268981676492213,0.002297826886697695,0.054181853973249226,0.03618893498412856,0.16003236585778818,0.1377658871712012,0.7858288409182765,17.108494829386473,2.8476741657592357,1.6093271097168327,85.62049166299403,20.989500844292344
116,0.0,0.012309543223944477,0.012408370481248363,0.01726867359741122,0.021793284443440586,0.11591796670145604,0.09474602760674533,0.7881897007434635,1.5441591888666153,4.47731604790315,5.847496006265282,71.71585463639349,7.92003514310345
114,0.0,0.00320228333899279,0.0029773266486127674,0.05595462767851187,0.050967101624719555,0.13133992525458843,0.1379246948053083,0.7921476359402941,19.066683501936495,4.212336729094386,2.8359797342680397,181.06329788267612,35.836875141691415
304,0.0,0.020407964492828008,0.0021859097995127947,0.05659333690401114,0.003815376747635657,0.12354845693604537,0.02017049644661719,0.7941178904374198,10.247204220853746,3.3580032790079715,4.4085833682678635,9.447775285691023,8.176251693814992
335,0.0,0.013148982405708947,0.0092391652701705,0.05756467278031102,0.027290647472433854,0.06699439175587349,0.07753870687461596,0.7968041516625302,10.446388961747289,1.1807714917697014,8.589762221556157,141.60106425266713,19.81871514869854
404,0.0,0.0019190258015571657,0.001129627274988339,0.05204910278993393,0.028629205042782265,0.20584559856895898,0.12867786777994195,0.7984239336083695,1.7483262587338686,4.542077199928462,1.6587761307135225,93.18107362091541,35.347154694888744
438,0.0,0.01144398716226518,0.013177940286877896,0.025695682751803957,0.027247860280080603,0.09860616621477589,0.09891207234547918,0.798597771498021,11.294883452355862,4.685453236289322,8.839332099352031,105.2591475090012,14.581903961021453
117,0.0,0.0026492795693205833,0.001993672556600308,0.04974533358873098,0.04080399582508158,0.15371458472862062,0.1641071175439655,0.7990755752291878,15.964119822718203,1.5508226608857514,1.676294160820544,158.92601181473583,27.980750603135675
158,0.0,0.013127183503376638,0.01537652485385919,0.013674005616203943,0.015299128874406015,0.09593202646033407,0.11183770654099291,0.7998463972136898,13.882411169819534,3.6678819214925173,2.442937263287604,26.68280622549355,2.2409627085551618
489,0.0,0.009943994728319683,0.013071015054292874,0.03301279717066635,0.023832003470837027,0.09967498879703517,0.10727237138441631,0.7999053766321111,10.584111636504531,0.4783446106128395,8.034221660438925,131.15843550581485,11.22768356008455
370,0.0,0.01456265830965488,0.009235140948828255,0.05681102867759702,0.03476426345230251,0.06478308756009914,0.05412131136628655,0.8016879581539954,18.970877260901034,3.1033218557946385,8.074363780766726,100.62356923799962,22.696540769841523
163,0.0,0.012906348951774704,0.008557627042401747,0.05043241012444864,0.03128239772784597,0.09113796660058038,0.07170600794659611,0.8051212032270474,3.4467722214758396,0.6928483564406633,1.6918790047056975,18.092704685404897,5.605991148389875
249,0.0,0.003209599008979533,0.002522680785267616,0.060621693763328134,0.04204766923816874,0.15883809526869053,0.12367953213764267,0.8090859357636031,12.391399930231273,0.5245354951359332,2.3441505170427264,94.27150870207697,29.484214591700585
26,0.0,0.010428432181522552,0.009099515950343768,0.046776873919177835,0.03637117077424812,0.09501685239502226,0.09644114147270418,0.8096405684111685,16.685441792942584,2.9776692509651186,8.898740757536142,151.9503669878468,32.917427979595956
135,0.0,0.002931165774952852,0.001984574646931076,0.06261856249765096,0.028806995482662457,0.18996426316385318,0.11235673431658517,0.8115176645802333,7.266605774872005,0.9244824501685799,2.061898653302342,69.5423835311085,24.64777686614543
398,0.0,0.009686662705859347,0.008801134293853539,0.051025139902074135,0.040283312878418145,0.08703481948628297,0.1056875392515394,0.8144617239322307,14.492487279698253,3.7664303127676253,7.978321754932404,188.74788702093065,32.32529201619327
126,0.0,0.0013983684411303973,0.0009013396028038847,0.03513488730400877,0.03212049359838137,0.18277918576311625,0.21616510764594102,0.8147941835758723,12.995020945556462,4.941739065200091,0.44068334875628357,84.11554536782205,16.19170555472374
263,0.0,0.013972778709733433,0.010977730030465857,0.046676526036639424,0.027751073749429762,0.07394203096809007,0.08187094543063186,0.8164583940699978,7.472214926965535,0.5388282707892359,9.014753653388471,12.070247926749289,13.593703000526874
388,0.0,0.004318728942120241,0.002221867303732151,0.08075211893838039,0.028404103530303162,0.17408428938601322,0.07350689749516001,0.8166593928526151,2.410784444771707,3.311505212914199,3.4996343187056485,151.4732081508264,43.71485444335267
115,0.0,0.015871841840666416,0.018401135516381704,0.013286746415155848,0.011243853894077773,0.07837168357710758,0.09197454449788073,0.8168076124402477,5.575872853398323,2.4282923963852228,9.802164592314512,93.07276342064142,3.268686582427472
401,0.0,0.0023744295110175043,0.0020053171197632236,0.05525655106144576,0.03604335870042469,0.19102426825651359,0.12788221237282565,0.8182084673598623,14.66047207545489,0.6468141818419099,1.0170391652733088,42.962928463704884,15.119714618101716
43,0.0,0.015376974463875917,0.009085143761599574,0.0612665169555691,0.029622239177597525,0.06018559839001473,0.06294982402587034,0.8187650936118351,1.947211368009448,0.5764565369114281,7.226679707691074,97.07310383487493,17.889029649738223
341,0.0,0.0033163034397084012,0.0026491769640117815,0.0644827686308054,0.036143159836643374,0.1699763672325316,0.11714318327415288,0.821371327779962,15.294388903304935,2.2420264783315362,2.2847607416100804,41.265154101885855,22.83943375516683
423,0.0,0.0024201972549746423,0.0019814841569008226,0.051355187959300184,0.03996825803459478,0.17074106284906937,0.15956851838304476,0.8216279748150149,7.932812355458736,0.3912632649764419,1.4159462703391912,125.9869939237833,26.279231437202544
309,0.0,0.0022770084754656457,0.001663338882403308,0.0582058860106204,0.028401757073738987,0.2101207569737375,0.11830088884947254,0.8239781065377021,16.32724862359464,1.9127421958372,3.2157524530775845,58.28127206955105,40.78025564374402
410,0.0,0.0037112992810464747,0.00278327722537683,0.06454866208315987,0.0449155191715801,0.1415588375087431,0.13524453183952118,0.8251483508691531,16.441056101582944,3.3857530105859044,2.2552606099285186,116.2369260340929,28.27457984117791
393,0.0,0.007897390368584542,0.009957012027814025,0.04267320160894054,0.05189932443134682,0.09282275897664553,0.11739346021319629,0.8252586184733932,11.629718927666545,0.762151755206287,6.510767099354416,172.83243193197995,30.712645392119885
357,0.0,0.015255653025493232,0.015089779056804324,0.03148607537520813,0.024267756565455198,0.06896592124900877,0.08734867092100651,0.8314661826437256,16.569375708699226,1.5958452943712476,8.76002444177866,22.490311245433986,6.459516292903571
84,0.0,0.004068561073125961,0.005242197777990622,0.04006741173131282,0.0476984188483602,0.15457777223913793,0.15016191130827636,0.8326198681228945,2.121454152278602,2.753687730897218,0.5894971236586571,154.59467892162502,4.586440712772309
441,0.0,0.002510852596559134,0.002164955263823895,0.05147111111522733,0.04205301886190098,0.16911581184449664,0.16496097712650973,0.8349057908105545,12.756558150053024,0.1638964363373816,2.6651532258838415,191.75828649755567,39.283845140691845
387,0.0,0.0022302446226319652,0.0016644682106754555,0.053405395302906736,0.03359183551830255,0.198418629395202,0.14585239704463684,0.8357433867748708,4.113051316700876,1.226724244747311,2.326952544040978,185.30424470454454,45.247695407178256
347,0.0,0.0046168226814273065,0.004703430731905884,0.05247011555319173,0.05607645964268671,0.12989936615845563,0.14105998481827994,0.8399896629361581,2.966927553527057,0.948350649420172,1.6292048936709762,163.77868530992419,15.87764532007277
202,0.0,0.002849084950561439,0.0014940886873892917,0.06462553504403523,0.029389766533285514,0.20582181205098754,0.11779389006796041,0.8460123814605622,16.291340057738125,4.713706908468157,1.9680839623324575,126.6410271609202,32.0934410716407
321,0.0,0.017719304723468714,0.007779621439143078,0.024704671901122476,0.015764296735384948,0.15710385636608026,0.05296038725025017,0.8466554749013675,13.273486747406423,2.4695776122622193,7.698594703152776,68.20556168537587,12.855784035567194
275,0.0,0.0018739745679306977,0.0016631084620713818,0.046122820854850165,0.04017184240172143,0.18330272973625886,0.18577264993574616,0.847838892483517,4.781451739370823,0.15335734253749253,1.1257650708779694,84.58055876474828,22.10328132174909
11,0.0,0.004395594221671458,0.003701411301942749,0.06293590136575744,0.05964210209783121,0.11380036813013991,0.1497928423091872,0.8489252262679396,1.3374412069097161,2.3766467515379195,1.3565635390579702,178.99086950719357,19.659963903948665
211,0.0,0.002713836315602759,0.0019021550102329078,0.06371120741359237,0.03350494050618433,0.2104590115622571,0.1099580200650603,0.8536014554640354,5.1545520992949605,1.94696215800941,2.512278986349702,169.31374116335064,41.26969353472814
288,0.0,0.004335666549076535,0.0026017623191136223,0.06714062527087883,0.04680651086963271,0.13742018286838623,0.1486206386289916,0.856106869567526,8.537565859034657,4.500942428316921,0.7501517759636045,148.5781324384734,13.059437582455574
37,0.0,0.010580787408036649,0.010291159136376796,0.04661364942759642,0.04224272019598024,0.09454239066877435,0.11057931804997045,0.8579107768561526,16.946094687096775,1.8488931786268952,6.586681642662733,120.11681025195867,24.875207671057435
358,0.0,0.005634431572732506,0.0066083260526888545,0.04541596722745158,0.0514409238901365,0.1631981589664851,0.10607729664104858,0.8596056000808151,12.2734758220613,2.718382481765002,2.0419261605478822,179.4498076820746,13.7849374756217
266,0.0,0.012483333757754548,0.01267149945204454,0.04473649742299324,0.028326526974421767,0.08894463614494023,0.10556456770198712,0.8643634149958525,16.070690736174583,2.927860292978585,0.8989301641471684,15.48885617684573,1.6513846188783645
147,0.0,0.017842648566787238,0.00870430500050574,0.028808397937252834,0.015333597191190027,0.14388059615243615,0.06564177115832227,0.8658574680651306,4.685510413721204,1.3100188004784288,8.094330667704345,48.86778501048684,14.176809074822813
24,0.0,0.015373458689108046,0.00752955513060515,0.06388499835755612,0.02620820463236428,0.09095972519122354,0.07387111830117706,0.8664089446246017,7.809310760349035,4.995259082131088,6.983694064617157,136.09777413774282,20.73657448878512
260,0.0,0.004960503619222902,0.00369152248748638,0.04847609638847601,0.0497402669913049,0.16166998900364268,0.14646277013954775,0.8669684794308281,2.2685859287157655,4.081799333542586,0.5395020334050059,187.58879599999636,7.05382259171456
82,0.0,0.013972283922857407,0.010397404060125334,0.051717160016794314,0.036815541150264884,0.09157628900261636,0.07809484527982334,0.8720893046969047,19.639484716579318,3.637146222405136,8.70581303043291,94.90656771231443,26.667820834554732
468,0.0,0.013354057164678756,0.016328937309988033,0.01682272119424872,0.022936910895140137,0.11199016011328647,0.11313908038861789,0.8729045339023355,1.9112858148291707,3.609482197556645,8.475915540568531,115.68172023911029,9.42128543695435
436,0.0,0.011271326320236554,0.008884213889440584,0.06246055237214358,0.040567484420022816,0.08716675926775327,0.10267626800811032,0.8751234977370993,1.1756700025871396,2.665324467048049,6.92465362008661,182.88593622017652,27.347618067637086
418,0.0,0.0024324307615894445,0.0018982765267961273,0.04697504992517376,0.042785318736559885,0.17368374267474523,0.2047005038568184,0.8768571424975258,18.771518205292523,4.91787495482713,1.2600200138986113,177.96611391473562,24.967590085975825
144,0.0,0.0057489966326434655,0.00717873689005177,0.047350099309428476,0.054677002526976076,0.14130460624399602,0.1313580576318314,0.8774062096631791,9.872541522607207,4.882598054036498,1.4680829578079284,153.07147953100502,9.190200274437665
93,0.0,0.022994017563684622,0.010574289089120779,0.03888376104287459,0.023167840154612894,0.07337099425166468,0.049034880827373915,0.8830096125903044,18.809828778728843,1.7086862285621467,4.93895605225116,10.10788003820926,2.2464068342000245
264,0.0,0.0033261472603060864,0.0014002782507728682,0.07840945136915693,0.022365200686702127,0.24661405913993512,0.06623645729301854,0.8833858803645158,6.039603275246918,4.888343658670783,2.7752382839098573,98.38397069368511,38.78576568895951
490,0.0,0.0034034755892497688,0.002441703362032528,0.0683223380856748,0.03884570453652921,0.18267274158390628,0.13497470969129186,0.8835999354759261,15.770091937854886,4.180417920276523,1.3740980915725232,70.39521627034992,18.71784389372915
459,0.0,0.0003017096516262119,0.0003777014735282536,0.028782316738279506,0.028376871473737603,0.23862482931129542,0.23713168870051385,0.8839955002698394,1.1121799685060978,0.48807283779606225,0.27774649281054736,69.38913447968662,38.99831430679187
74,0.0,0.009901078877631317,0.010063116091882127,0.05448514726913496,0.044791266259790144,0.09379812748419394,0.1189929570410422,0.8842408426516338,16.145950402133167,2.679597637988627,4.31460709515959,113.11535518337041,17.31389987524599
280,0.0,0.0037768626037579154,0.002267972092671324,0.07656604839556046,0.030814529268180627,0.2077116447485987,0.09541116082772208,0.8867133604200641,7.749825682491064,3.5824849017895763,2.3640640011988583,158.21883613802493,33.89840392274782
29,0.0,0.008734216563958059,0.009667908484476182,0.05251582482648067,0.054289695606870664,0.09962138356642562,0.12142886649574983,0.8892961504738169,18.340703607536852,0.3155200192704797,5.590348391793668,186.51006545126438,28.171290864609183
239,0.0,0.012798821819358621,0.011272280661755604,0.054677271018298765,0.04395994079763681,0.08647139510956074,0.09235803092460004,0.8993921241016936,9.633915613405406,2.1598602249287073,5.958958776760846,98.65550754312426,19.377459623944016
229,0.0,0.004899869677007977,0.005640620552335609,0.045509100273038755,0.05764064683585812,0.16289795981026245,0.14481273998282512,0.8996771937022806,16.631650069728494,2.317357920110226,0.5569802327081561,61.40274802967906,4.868290606513619
476,0.0,0.0019803181359581965,0.0009512893145022999,0.05021958910969669,0.033404889495205384,0.21306959432744757,0.19495289898172263,0.9006131049196388,3.553125803358853,3.9000593021512033,0.9223184341564774,159.94165272079408,29.097533422056586
386,0.0,0.014926439281908187,0.010592960639927394,0.0655979203195565,0.03569436222918189,0.06969815590285762,0.08352740100925243,0.9010986742260912,18.16146262176335,2.963961431384087,5.273574912175536,98.00375168025494,12.680022140499204
434,0.0,0.012716395006095876,0.015988398552430477,0.023802908266710943,0.020578530214567688,0.11677295344526462,0.13138918937590854,0.9062466411968597,19.28727835789323,3.5535417652688923,3.903319645021111,66.7853306364268,4.096717105805873
196,0.0,0.0038028261343951097,0.0013159938208128265,0.08648866364654412,0.020043640649550006,0.2559036239684339,0.050734494484917916,0.9063155084655067,2.493275862187147,3.520224906783551,1.9459760498255492,53.11799163464457,25.143834696058185
460,0.0,0.004173161169109416,0.0017000895834408671,0.08626267849200342,0.024606491231723218,0.22351784827146487,0.07775304720100926,0.9065710758756543,5.411776933819056,2.728484029043466,4.233921088930219,96.95568413753062,49.964236287306996
425,0.0,0.0031213863839761992,0.0020145630757416196,0.06952897753001178,0.03677611307495276,0.2074728634341847,0.12939653305214494,0.9078968530768776,11.052129552699625,1.5652351822704078,2.4956781988032164,52.60439647734165,31.694993404019623
39,0.0,0.009884612147553963,0.01230386886649543,0.0441232783652878,0.05112938175824922,0.09817735271732005,0.12385030634776732,0.9080373091074917,7.99117991514504,1.0721006022766233,9.622012899816037,192.8851612349972,37.251072265021506
30,0.0,0.002622249371297762,0.0010984698117755675,0.07377445267822536,0.021087531744305443,0.2730157768892757,0.07853299377580267,0.9114099898892032,14.027518552727997,4.036457744706422,3.8173783238045873,13.87614400498569,48.16535284770653
314,0.0,0.019582142905564377,0.008521531858852764,0.036736041010063114,0.015412296511115309,0.14267512732597729,0.062424589307465236,0.911626977938935,17.20317463390529,3.515652892459184,9.506018886715173,46.70129392389208,16.47152490383014
322,0.0,0.008144052586203673,0.009016714351401554,0.06100495612250463,0.04779675847868482,0.112092722291364,0.1274715828187139,0.9119869744526362,17.884055289439857,3.7204220678657296,1.7105648149736228,131.79271315131336,7.87701541557908
89,0.0,0.011987097696530998,0.014472784475542025,0.04547843561892617,0.03526630540478694,0.09626725545106028,0.10793147302568037,0.9130680487024612,11.92136430926621,0.40540630370378494,9.942785613425077,169.71086589992046,16.820761200133713
165,0.0,0.015983958360172107,0.01108052965382159,0.060696803410907385,0.037041112307866705,0.0774464219855643,0.07489839108075785,0.9147158115094174,16.794609342701733,0.9530545665882528,9.80800724569708,132.098327585496,25.725958377681675
242,0.0,0.003877541951576813,0.0037022054259590377,0.05573450679260898,0.061097150246503903,0.14790067077170105,0.18037816180004934,0.9190071674591386,18.92186617758125,3.1833230479620402,1.1070054998621346,167.52728727832437,14.76426413860172
483,0.0,0.011072605380728408,0.009488603538611773,0.06116986440623664,0.04265207310763126,0.09587274673832716,0.12186021571848486,0.9199263861705786,3.9626873126253486,0.3202464070171118,3.2509952554479242,118.68283192813396,13.261100365594029
355,0.0,0.0010539132250705174,0.0005594763364439761,0.03816492545844643,0.02988929304600012,0.24064347929389954,0.22938385340134887,0.9255664845411979,3.819900185801089,2.479270791914314,0.6340784977190197,130.8115957416594,37.50728853689507
447,0.0,0.016236438816545233,0.009814567883100913,0.058664353730141415,0.03326227125618185,0.10013910290735684,0.07442262828382624,0.9260883545605463,8.894796059466898,1.0425933556631208,5.686298539396375,57.15993379056454,16.92227820781991
112,0.0,0.0020748826146517177,0.0015101228457730597,0.055614138377785685,0.037300063141782504,0.2281186530630265,0.1683311516741549,0.9270362490875301,10.167342122644186,3.761718090064824,0.9983533550053835,106.93455085717142,23.262757581286134
160,0.0,0.01555752290536672,0.008266740368778664,0.06881442703157621,0.029203164669922836,0.09712509287284778,0.08562281232957139,0.9271464251590037,8.631918869912624,4.235815211664885,7.716149318590761,184.2831752039492,24.010220844950528
101,0.0,0.0025259685784447777,0.002193049114836941,0.061235030720584616,0.04192282068048085,0.22300997208407863,0.1413094008642126,0.9282356043897091,16.476975992321968,0.17833971558138728,3.479646483715624,97.53114462643862,44.56331779556349
417,0.0,0.02229783034982207,0.012277354256515218,0.03683439387643262,0.020044792162423573,0.08529051309148686,0.07204495080464149,0.9289571032493477,13.566547208465636,1.274752121884376,9.387243678513915,23.98844765778631,4.978313613217323
265,0.0,0.014360503226987592,0.013006339465098942,0.06028790000544344,0.03359658226617857,0.07851087204900194,0.10009399497795815,0.9365725492311829,11.477953221648932,1.733508605975658,9.746285413578153,184.91014460567385,19.081038586888464
195,0.0,0.002784714553935152,0.0022488048146337386,0.06607795466588093,0.039182516025833954,0.22681653056951964,0.1323833568951818,0.9371031465316478,4.482811968773603,1.0119483374990523,2.6437147659249605,87.6777375433594,35.993617684114724
408,0.0,0.011674947215333612,0.008850452505122904,0.07036330484468052,0.04368496725030474,0.09634421144172599,0.11158681798026303,0.9410921451181866,7.5974707286804914,3.817960579134524,4.053922560624779,196.77567282877862,15.8952830305323
231,0.0,0.0028457881030971386,0.001700116753738373,0.07303393394577733,0.029378063862728263,0.2520143379595274,0.10767817644909704,0.9414648966619925,7.713753896765411,0.6035718990489841,3.593208143953234,27.67424094863236,42.58399904342368
107,0.0,0.004794333936782157,0.0025121679797615185,0.09143586690392445,0.037105259241973575,0.2084820923859188,0.07362342053493633,0.9419413902664655,1.7842994118109345,1.471945504192263,2.9063120365142825,124.22567177563906,37.57565319603309
166,0.0,0.0006801757070953605,0.0004049280431736253,0.045687484948884347,0.02070520933238093,0.31180331260032645,0.15220432894813962,0.942226416732654,11.904415720142424,4.588120976090432,0.9824662580154836,68.29860932659358,44.90988524062559
262,0.0,0.003349444784271102,0.0024667372552459165,0.07444543472971162,0.03875647374649796,0.22963641439545243,0.10582746303886544,0.9453202031200023,12.429545301944017,3.651800215803087,3.6131186776794495,125.31458564195782,44.187810872029516
298,0.0,0.013433607572269529,0.013788108822614829,0.05565681040992484,0.037166335878273615,0.08819347970696734,0.10599223781792028,0.9489586075308304,15.49295640271157,4.955196915566921,5.538212312851101,111.23056313581765,11.198114000726491
500,0.0,0.020806754088745917,0.009302697981219006,0.042050583512118773,0.012195452930238927,0.13421127746874553,0.07546389788316092,0.9532604799207367,1.3013706598430872,4.259441519062966,2.5994355158880356,11.038504160940647,3.371217212639749
40,0.0,0.013404315533052496,0.009038773623258584,0.06955589627449742,0.03816113508618785,0.09683899034557088,0.10979042198789661,0.9551597879061395,6.5573814157396555,4.350273867789656,3.4091045257635417,104.88010554667562,12.153198815137147
439,0.0,0.0029268021004546507,0.001004045761503363,0.07932479430681984,0.020655140385006803,0.28367275941410586,0.08314312231456972,0.9561019212479522,6.083438568748534,1.3426465916447343,3.7208622376434506,19.507280847989023,46.36710283504799
293,0.0,0.002160299169405132,0.002007049205552809,0.04760090824001002,0.04851728211498658,0.19128568370359517,0.23421703047408562,0.9575656019359906,17.000139291398227,0.4337147559039295,1.9259684469550848,199.00180543400347,36.67340748151764
344,0.0,0.022694025493247994,0.0069720838338165345,0.044510963375912385,0.009304776067117427,0.15303247055310337,0.0562865919077162,0.9641371561588561,7.875530905090272,4.592665719054639,7.924362752866,37.78502635192126,10.702428558934479
164,0.0,0.017495575719628766,0.01012489819435821,0.06623247243099958,0.02892097274754349,0.09101861661945834,0.08648567113089772,0.9644832381732517,2.9308819212019444,2.625093999318779,2.858538343384862,45.67158715520054,7.190833908133208
461,0.0,0.01477100351597579,0.013483916360081902,0.0617541704850675,0.039591940468870275,0.07634894132246854,0.10014059238879783,0.9645993898538998,19.237731342203915,0.8307945627719164,8.40361707182601,183.3884946005419,17.404247795324775
329,0.0,0.0006424604505353686,0.0003649649114323118,0.028825154732994896,0.02236505862164831,0.3171181638499162,0.2017808253016979,0.9647350783752539,11.353326446376741,0.2936870502308011,0.4734842278063297,8.398647081106901,48.90432758620009
61,0.0,0.0009695134035262821,0.0009495949090116424,0.04121750443186033,0.03604313652304574,0.2538293539886314,0.2213664038276733,0.9656260129133912,17.767752869054675,2.0397460244596006,0.9435132900252938,89.45676364470273,34.230732506420466
245,0.0,0.009055541441872924,0.010272904697765118,0.05008041929571856,0.052003542436635825,0.12267461147210676,0.15108327547813402,0.9669450175011023,16.10660797264427,1.2487324331887069,4.60394331915304,195.88023977261037,22.592716424353423
14,0.0,0.001975642326550365,0.0014379103299612796,0.05617880805134303,0.037030492689832765,0.24258984291409652,0.18239250791052958,0.9686255364641125,14.549652066081762,2.596907834708691,1.319131305627525,131.27508421707898,30.803763834480197
33,0.0,0.009544897450564327,0.010870672163142346,0.05767762549125912,0.053775688560876445,0.11012645798959149,0.13521610121276365,0.968798530543897,13.620131350122392,0.1121083059348166,1.4959902445785702,59.701152838766575,6.691361288912594
108,0.0,0.001654477399408548,0.000763861711300008,0.05856018319702986,0.02550955935382083,0.29698241471913306,0.13958296886638533,0.9733421538265281,4.591147758997977,4.2864253434352575,1.6052041144110263,139.4154010033235,48.463066298794004
128,0.0,0.014360446908550104,0.009464989493555304,0.06897690270162467,0.03748688530485346,0.10648336256679884,0.10253695354310792,0.9802296576421414,9.209503750316799,3.5840618946589533,3.6877621665596965,91.67682621721178,13.683816046081482
226,0.0,0.013092539113197368,0.016371067531037294,0.04589276782494731,0.03296947031314539,0.09713344430808137,0.13112982020048725,0.9824994170175063,18.25071076489985,4.670799242891372,4.031842197757214,76.59257511328906,6.369159264117479
411,0.0,0.019771037583463418,0.009261367911142558,0.0657767552307205,0.02669306334325133,0.10180200275857158,0.07041400885798087,0.9827169085010976,3.2844294998794794,0.19248717175796629,5.510228868108243,5.613086976110935,10.940626924764365
331,0.0,0.016481434407026686,0.008820659731296818,0.07884753763228303,0.03942764742448655,0.08630993122663524,0.08397011723048868,0.984762894481344,1.2665665354579687,2.0052317451685666,3.509948173444718,80.58094856329262,11.773480136878788
502,0.0,0.0005090164349997081,0.0005210768607511988,0.0403737310122298,0.02724039498778951,0.30082303959359236,0.2031087895747984,0.9862693746503473,11.457790630869567,3.4849106219597163,0.762942120153457,77.99726523272693,40.89534072158858
106,0.0,0.023688404720389696,0.004161514379108173,0.07187939617925612,0.011741890989819068,0.14230485585184072,0.030519236919967153,0.9862787079173234,15.573144622147083,4.556201838701964,9.566870120726525,12.917858347296715,20.242422284092754
94,0.0,0.014505112978770541,0.009062808609233922,0.0782663456634769,0.03844197307412231,0.09509024854970767,0.10027837776911457,0.9867724716084084,13.60478657670319,2.9114121580496435,5.7062683767639095,191.84516625013202,21.462098362017425
373,0.0,0.01563975476799748,0.01239092326711686,0.06330654102256347,0.03588438988676617,0.08796732070237075,0.10613427071241399,0.9892274532822074,15.904589445330203,0.13812792161479592,6.298631852213293,135.195606444031,14.8553645494394
140,0.0,0.0018953594620226076,0.0010173521283501192,0.04453302675328568,0.03717038917487117,0.23109075659499853,0.2497233993952777,0.9925485135980168,5.485006897710264,3.0892072749324146,0.8236823718994856,195.26839115004987,31.369232012424618
223,0.0,0.01855037712107879,0.00993040976092637,0.07261999643057546,0.030641324866678206,0.0881235529421829,0.08200841716703183,0.9931826349155561,8.499393307603896,1.522645915299654,4.4336952425539495,67.68674884270877,10.806240914389491
34,0.0,0.014627768530847424,0.014834353983558262,0.05519677731936534,0.03334105010102064,0.0927500106423049,0.11686718810943267,0.9932768961244915,18.527756090275943,3.895495921932161,7.902291554771364,142.25424162112176,13.992421048041432
176,0.0,0.018249954789112913,0.022098187513334137,0.013969398695659751,0.014093731088267586,0.1040847816844677,0.12384068444581499,0.9969014598217569,10.482452147640288,3.005246756784618,7.344850723166019,73.14566240739077,3.5543429863639178
330,0.0,0.015583370136567997,0.01006053875052868,0.0695274507307307,0.03694558489503009,0.10338470761497634,0.09891761136029387,0.9985369555110362,16.241706813685596,4.022998726088554,8.934233636502176,193.54289186932147,30.693734879232945
308,0.0,0.019007268496928083,0.00976578640757959,0.07508618820155481,0.035218624879799675,0.08722857552177879,0.0724646723025191,1.0035643619964638,1.0209962083026767,4.727980700042099,9.257432451751082,169.20267913583666,23.42075001494959
279,0.0,0.013490791876830211,0.014561266087124323,0.054937557352281986,0.030557835579912936,0.11146629308512039,0.12679442691959208,1.0084451234340712,6.799310881644487,1.8076078714802863,6.022227012179791,144.98700252361596,9.099331949744373
257,0.0,0.002142438836098351,0.00178710882850636,0.05600092883207939,0.0421666444631523,0.23676579134156522,0.21039761785916986,1.0134900900832886,13.101157266646624,0.799028904363513,2.135900128632784,140.45582837052643,42.67932956581935
238,0.0,0.0023374779991854056,0.0018620057521211775,0.05838323014222668,0.04524626652108832,0.2254234142992304,0.21260585147848318,1.015874255892209,14.850920801982284,3.8683818010613327,1.7962582631967963,184.79681409988552,38.68425593106076
218,0.0,0.0026138687464935693,0.0015124444271914935,0.07714586538910065,0.026552791816326565,0.30557922473682114,0.09419717878970434,1.0162460418719077,16.96192041411996,3.752373587712646,3.1901968894526362,18.610421838238835,40.48589289570227
168,0.0,0.000995331718596775,0.0005375383483641349,0.03612932683380412,0.03726525248627909,0.24778756014975561,0.28540874817630923,1.019879450481675,6.4148832857608795,3.3492432946339252,0.45349698290228846,141.0919361812994,37.86281792754308
64,0.0,0.018294952857315618,0.020330403962947198,0.013074356497022549,0.014956853312309781,0.12332819711946566,0.13425254375537812,1.0212572564271754,8.930778378620744,3.1338498343713583,9.407210565451532,125.51513413339853,6.895064004231243
207,0.0,0.002319120307285516,0.0018854760575439263,0.04608847313226835,0.04874258659038531,0.20743128634248986,0.2656112661095771,1.022666250191535,10.211360029876232,0.20594582529738548,0.7075737253762782,177.30753037706017,18.422533468343318
390,0.0,0.0035823819016190792,0.0029949204191557217,0.05541515207753004,0.056920241444567574,0.18285408689440097,0.2347710134290839,1.0245167755980453,12.571754788979888,4.050110072363168,0.3485988359898329,136.61734907049686,5.99886066224426
350,0.0,0.0013332445809439099,0.0008446372726617554,0.05118709964359913,0.0314703359091329,0.2877500749382977,0.20557749264511666,1.0290195758951892,13.513922514393926,4.249962667841464,1.0455456659197808,114.52093267813325,33.07542078504339
233,0.0,0.0023095435622461297,0.0018172974857862563,0.06584607621444696,0.03437331320446195,0.28574850813998987,0.1461592896565767,1.0306913351107438,10.531575506553054,1.8218718606978657,2.7928306648507717,151.01426923461258,49.547333913948385
328,0.0,0.019140498684394568,0.010382541837597235,0.07028376190297521,0.03367946911135009,0.10186524931556167,0.082745421997022,1.0330657599180222,6.173430385068059,3.265646431129426,7.136713631264866,119.41495660319924,18.317953564878554
36,0.0,0.0008484590535613133,0.00022628293059876934,0.058383250529322736,0.014647969439681193,0.38915609653535965,0.10298286950446679,1.0380954648951337,2.786355009302497,4.772996324021369,1.1782010794617237,7.941320193000138,42.21307770339772
157,0.0,0.017533051197335846,0.011391456112916618,0.07464866452801319,0.037128457738058625,0.08751093964148357,0.10036730191020542,1.038915417481953,18.492761283181608,2.4839977272786204,8.19412037571892,174.53927520290017,21.23607090217993
225,0.0,0.017724928624200182,0.011213535598846636,0.07881620675676876,0.03574632065798809,0.0879368846654964,0.09819885726423898,1.0477319003028458,13.936618445441127,0.8685698916204274,5.377004501037299,124.63323114160448,13.888232586625962
315,0.0,0.00331193265747788,0.002121376409794496,0.07831981987673517,0.03962252464857858,0.2632667024665397,0.1336214177031816,1.0483225343464089,2.529273930005729,0.6561446834355593,3.1701922370120883,134.0078569808975,47.839112226571885
167,0.0,0.016748702032374337,0.014464069551708177,0.06428674214490745,0.038779522101616594,0.08812098764182744,0.11800042552009421,1.059180399619266,7.839701436460018,1.421166487131268,6.695407031942159,155.89363979082555,13.151840724330395
42,0.0,0.0005835087197359071,0.0005122989142609529,0.03626611933694143,0.03611109226549741,0.26663626011603137,0.301853242340942,1.0639874646740193,15.40103233139962,3.614209479745478,0.2578330086544156,183.11343790311366,49.28452233383432
27,0.0,0.01673405443705425,0.020635035141442454,0.023398640164769065,0.024328907181076304,0.12616336244620985,0.1389350220251538,1.0648476478946223,3.197836086153984,1.1942300722934307,3.8064754710532727,66.29186081048101,3.081566826440394
302,0.0,0.0015507493148399765,0.0011609770344422545,0.05385084705916099,0.037137339631061576,0.27926995416441897,0.22190356399838548,1.0649471831515087,15.21938298549503,3.2839131404645743,0.688908273074776,75.1947758672759,20.01056678518653
446,0.0,0.0017526876609293696,0.0011552168133858044,0.05705843290968922,0.03694454222201501,0.2787512011742549,0.21471221107101637,1.0677706948158727,13.215044885873795,3.1292964938096706,1.807882606703788,170.41034746915102,47.144718104135244
154,0.0,0.016542766244649544,0.01274269533278083,0.07539010728013133,0.03806860301041629,0.091890862749226,0.11364686827870786,1.068525251685124,16.53105494286865,4.418027800600976,7.493643254972994,190.44571309071034,16.510754061397165
247,0.0,0.0022530730915107855,0.0015346587557326717,0.06633554818565825,0.03697879617521977,0.2909774016425045,0.1681649170250955,1.071301132469357,6.001221178099513,1.7380622203461829,1.567487782239914,117.0912733161822,34.97192995538935
496,0.0,0.0166300386556115,0.014215514503238727,0.069322825088142,0.03696772253882125,0.094214388614107,0.11686152722271069,1.0747318795256926,9.971155343577266,2.6014664506539704,7.641683510132134,173.83295242954046,15.306142762955277
431,0.0,0.014813271844475525,0.018074455743962655,0.04169325017189747,0.030677605572385098,0.1242557331501759,0.14532934015975163,1.078698221872131,9.55609878897667,2.528873307164759,9.374305259622634,199.39741229172796,12.06308298120275
190,0.0,0.015215566361289712,0.015297893187203322,0.06390208942722922,0.03507975266709561,0.10720635286258365,0.13206220168153932,1.0849791304970335,13.309315472841263,4.166361122205854,6.4667876129969954,148.99978027772158,10.60292048593983
103,0.0,0.0019304326053090257,0.001162364089605318,0.06886651052966361,0.027603299527559924,0.3355617440090777,0.14100014325801155,1.0886403514838996,7.559087109751999,2.195945299882442,0.366149615868926,16.38580451719463,7.429043799266219
227,0.0,0.01867320555050462,0.010091793833710646,0.08122070009002819,0.03687459646803631,0.10921771875910449,0.09298236213122898,1.0896534769090263,3.8684031357988715,1.357301680278033,8.528351991716772,188.28828646522015,26.462356002628805
316,0.0,0.001825074042644204,0.0009707384648358997,0.06541849802302228,0.02950673413961173,0.33152318122392704,0.15854923621912742,1.0937761709795515,4.444593551568687,2.5520334778353573,1.3799583184532822,106.38352191634476,40.00263386843726
214,0.0,0.001890917555023164,0.0009536707525684777,0.04355246680399637,0.04217799495362582,0.2490396505871597,0.2991298628384986,1.0950002214160441,10.936497211456299,2.951698847860098,0.1617241555824876,122.19311450049281,8.46620090138167
299,0.0,0.0032329225023656274,0.0008262826973865461,0.09630933745694929,0.013892202542955447,0.38358962575945893,0.02817761673051542,1.097553608289611,2.0059671234339476,1.6855157763697208,1.985575733613223,22.852124819532037,31.28204662622884
38,0.0,0.015929256053471636,0.014350544702552617,0.0689226964172131,0.03138984512776828,0.10710954577002,0.13678433442524554,1.0980814893644284,11.75989595707506,3.1185738476924603,2.9768543263897302,81.09454446192831,5.082123180292546
383,0.0,0.014101528915046208,0.010146039136038783,0.0885772802829841,0.04756116248501874,0.10223991321859618,0.12983525095065293,1.0982400035759528,9.171257127076387,0.5923077685758472,2.424194509722293,122.82010762486607,9.67667644135654
25,0.0,0.00046343979052133313,0.0005589525594733316,0.037708788699114475,0.030050974490712222,0.3381316703070046,0.2425789812784636,1.0992305851687783,12.092450601048768,1.6454265757463875,0.6555060779675841,47.72236342448741,40.40735399639234
131,0.0,0.017761641131621504,0.01937452672292785,0.01891753783314854,0.023904342086415807,0.14890011053976723,0.14652836200556915,1.099903976717541,4.02421214338392,2.261407995782793,6.949599292967468,108.72086981963366,6.950759566854685
132,0.0,0.018667724156168745,0.0231301416345602,0.012058418127343883,0.015708398336469767,0.12873686587532734,0.15781388717820138,1.100729009086246,2.3582211351022124,4.65497171394527,8.738921934366227,130.1173450164497,5.456221646722406
385,0.0,0.0170391579995613,0.014129232645037437,0.07166104113946462,0.03326291878641973,0.09794556609299515,0.1287317582962995,1.100797504912916,12.956636583432555,1.6942756786011162,4.124396575707942,102.82284502498806,7.528923656232655
503,0.0,0.015957725628490516,0.012046626344135674,0.07402518138298674,0.047148180578246046,0.11055166732569832,0.12113444962548565,1.1090163245036766,5.911321995779872,0.7057079892605543,6.808582775946706,189.78788200579584,23.171642206143588
311,0.0,0.0026096161053333526,0.0015656737044282027,0.05539001518725191,0.0511403813357515,0.22888669615530963,0.2809285422491084,1.1152515512327819,6.226509667001665,1.155405654013157,0.14183368477970362,30.795812170021236,3.4510419268161057
402,0.0,0.017457876219801476,0.020437545118576293,0.023557720730096307,0.026360797828510637,0.14670259822701973,0.1397714137305666,1.1161543432785874,19.86471827980131,4.281857856083661,9.784609976876528,159.42801123019308,8.599829587806015
98,0.0,0.0017472954553155715,0.0011773572895957896,0.06561487108380666,0.03480539531475509,0.32137627725211765,0.1790605936717656,1.1172578890311304,18.403056517243385,3.02871791953221,2.308157272823155,63.6880569672212,43.03477614158764
123,0.0,0.002250934414620854,0.0017007735392832212,0.07278308629930948,0.03738822871199473,0.32336653281433064,0.1442609436642792,1.1195688299241355,2.449085958302021,0.26200953088700774,2.2352733650244776,33.26590849366039,33.49279569583014
458,0.0,0.018899204211833977,0.012059065858614106,0.07633794548120182,0.03800921653553208,0.1040695992617893,0.11184929121492429,1.1207445631038804,16.384496276266873,3.683733591251076,7.245437213405967,155.0476406570524,18.929392830934376
375,0.0,0.018805508723622688,0.012806723679287473,0.07194242756910343,0.04488068544925795,0.11183080486049386,0.09686301027564122,1.12495233702724,5.766801949590445,2.0985943659208717,9.450884958915413,152.79645545221865,27.036325114034117
88,0.0,0.0026626806631314553,0.0008728438920118133,0.08578740446208657,0.020154799018062233,0.3702518025875898,0.09080522509991379,1.1280078281754768,7.971187657676637,3.1727979184128348,2.68508411757648,57.62876004725695,47.44114378849044
466,0.0,0.00043357788313596923,0.0005491312571580526,0.042303473662674555,0.027395314128643933,0.37875690992517885,0.20501903966174867,1.1282532569146915,19.443087082356215,2.649459535814822,0.5142493867315352,37.42736238799989,34.52395573658869
278,0.0,0.0022593481936842496,0.0010850401109185777,0.08241119990737397,0.0193783385482237,0.39064249041086824,0.07751935464532281,1.1293333729567951,10.567410637624562,4.814254962187261,1.549901892244816,32.80848486162722,26.85018259221688
193,0.0,0.0005762312715179857,0.0006017479519753084,0.05479633853782773,0.021578514235264818,0.41565214946467843,0.14084473221415322,1.137699697034983,13.321779266931117,1.4436110264621678,0.7289704920724034,1.3096747137606144,23.812371496483685
457,0.0,0.02487276392732978,0.021288567677509924,0.014934577329162363,0.011049115539367613,0.13032489005821685,0.12430349679308031,1.138745343187058,11.198950850404799,2.508223201427609,3.3916304570622744,44.625184275209904,1.2791796946898104
119,0.0,0.018231345221165058,0.011422468417191772,0.08561673107595577,0.04014511273073408,0.10976549160299269,0.11583900041233557,1.151002131566047,5.858721490949392,0.7575975202023983,4.790168241132051,129.1085599558428,15.409946381486952
177,0.0,0.0006918703042097003,0.0006845150294904097,0.04146112194704456,0.038116538633846994,0.3098517232564248,0.29467245461381447,1.154165571751714,14.139223955571651,1.1854656248353423,0.3722976571880281,160.44917710404843,35.70960670309141
432,0.0,0.0018734765730556325,0.0007793030404842605,0.07761535190932407,0.019625825781385147,0.40178083111712876,0.10270259438322173,1.156099000310726,10.392602794803679,4.348729585949331,2.105573489330709,47.071078307926655,41.620834852103144
230,0.0,0.019726557829669016,0.013633037666616353,0.07356395080647186,0.04302435350423473,0.10989157158858705,0.10418534693595638,1.157477839173362,12.039563594385982,3.568196999933571,8.995990836899727,140.5367270503193,24.833204168546946
185,0.0,0.024757360919685868,0.02319583701713435,0.018168579076404612,0.014844959384806995,0.11942523878511839,0.1218484857259713,1.158013301610841,12.812813371419907,1.5049773870036007,7.945521613489836,115.21746967360377,2.778672333341092
444,0.0,0.0201532936483688,0.01222367780570373,0.08031645858559758,0.02906789761939369,0.11032801060192879,0.12146022440024683,1.1582344965941316,4.301803735084832,4.843626299221069,4.960060624964535,142.5126746725291,9.620969353429972
49,0.0,0.014087854514464399,0.01143001213966589,0.08820373506435253,0.052549833383122586,0.10881496040329057,0.14746206912238255,1.1587503251067135,14.293601604178548,1.6212672766298057,3.647993708960712,197.29335717763752,14.672245839610696
95,0.0,0.001665998983898484,0.0010713897902963848,0.06834107102786995,0.026297759698718497,0.36932826522179335,0.15893871021344466,1.1594971909148466,8.653488046489656,1.27930120928213,1.8265831691212953,78.98875018116087,39.572188241500406
100,0.0,0.016057655989319138,0.01906241193709137,0.04207940872147242,0.03172977778823537,0.1390481075912208,0.16040879599523875,1.160389017596625,3.2462643096223474,3.3810310037806635,9.196566797513515,186.007507070899,13.169467653054744
23,0.0,0.0009017085026876767,0.0007376880072697107,0.04597768074267802,0.04139137322541151,0.29722859506183635,0.2971308993111247,1.1618612583151702,6.895080883055925,0.4641974647529423,0.7829497230239213,174.11027760524303,45.8219381515868
149,0.0,0.001042614528143237,0.0008909123743330447,0.052111684285597204,0.037331876809529756,0.32471541030283557,0.2503285421860739,1.1628122670179755,15.662850520573556,0.3559953816235065,1.2058090451173487,101.12889278959483,42.105075110215694
378,0.0,0.000774380633959748,0.0005685055624676153,0.041106612500896415,0.036098196148990076,0.3133094252721606,0.3022530307441692,1.1638955781434719,17.32911739591509,4.640693851746619,0.2501414407044649,175.00571436807513,39.276879675034436
292,0.0,0.01866627967289445,0.02141883493893072,0.021094861002914047,0.027075226413789476,0.1511410722265859,0.15098086667125127,1.1645613837903215,2.883135190233588,3.7380906144157056,5.800848031230271,87.59758612699807,5.697097507771104
71,0.0,0.018275389667381483,0.021764956859162094,0.032499739408134914,0.024429912847250726,0.13423847178346057,0.1537184812421866,1.1666527760433987,6.9493214432150126,0.1686095534823835,6.242601021379232,110.32829647418112,5.268264307919889
336,0.0,0.0008096765006250275,0.0006899625453577001,0.04416542857967726,0.04002818678555593,0.31065160580807977,0.2927215722768528,1.1681495692831638,9.498816206119955,3.074789496418089,0.3910929284058512,88.55535507574677,27.673399210255592
285,0.0,0.0010612201395978752,0.0008042508691544621,0.03963319192869106,0.045031333733978864,0.2818199578891547,0.3311220642883681,1.1712526382600783,18.286681653000414,1.3527575579471889,0.3108732652850449,107.63717030268162,16.614043130911888
306,0.0,0.002162010597043308,0.001476777752020072,0.07160639800343524,0.036199510973967175,0.3375505865313895,0.17402036994599815,1.171485118444138,19.141890754923224,3.844510516896844,2.5334174890071157,79.68975389190018,45.502116380725056
59,0.0,0.016887177458039925,0.020072620563639797,0.03531073235379788,0.029754257680091448,0.1526499308646609,0.15613471401040996,1.1786248111335018,2.620101752690971,1.7700194719247522,7.831808190513402,160.01563624851406,9.518682613503188
173,0.0,0.009885526222745635,0.011486404250175246,0.07387772589124113,0.06592129770784219,0.1698656178271404,0.14829236888420438,1.1817891067495334,19.623949614353478,1.885140950791538,2.221553487889469,193.26558152027428,11.093290114030241
364,0.0,0.017589909738770858,0.01687046477683788,0.06341920264911044,0.03398634713098392,0.11978631446792072,0.1521100824264486,1.1875865837607618,4.649518468417227,2.86653654165566,6.844490918703377,166.97791669890285,11.922107425238936
467,0.0,0.019231992637235566,0.022066027526325672,0.04178545579816191,0.021410620915266323,0.12515487179893028,0.15628105547636112,1.1962736122570465,5.060236212797463,0.9098274345509708,7.173896341305226,149.51251660101116,4.691261439304799
365,0.0,0.0007789770792848755,0.0009231706261529543,0.049931984806400764,0.03532827926218168,0.36835779552450243,0.23024938458288727,1.1962990399948363,19.99303675442934,1.324147272575647,0.8049818094819784,54.11845523491502,30.44840797400102
78,0.0,0.026138421385603926,0.028616948252363213,0.023558407110343627,0.005286635457873478,0.09876953125488101,0.11659859930900261,1.200945539367382,14.118816322647035,4.334437157120556,9.356844762898982,52.70890215784311,1.3708006030879916
270,0.0,0.019788074094987552,0.012590698615922285,0.08846206670950725,0.042239505079155026,0.10903475580151104,0.1158019989433062,1.2042403867267901,14.64658173546195,3.9331241971813147,5.941478512156754,150.3353552017361,17.496255312580615
394,0.0,0.0021472488241966294,0.0009848497549127468,0.08314702025854577,0.02379826319546391,0.40382353403953514,0.11645571708979892,1.2118763421552021,15.925871500745416,4.472621914837509,2.8888028576970104,28.382931909523904,49.14125314960256
81,0.0,0.001568484619300008,0.0011827165702199465,0.0684890527097686,0.0319967185687332,0.38132027001981944,0.17854207937181915,1.2191374123822094,15.029532248154283,2.5145850584842266,2.08435650523752,105.92012425418943,46.65733738681301
220,0.0,0.02309023578653522,0.011151696537542008,0.08638417741903795,0.03617460687599028,0.13157270312001654,0.09816157967592126,1.236343423001141,3.6094172643497586,2.7935281670652334,6.201788563374429,134.6929982090369,15.785260116774587
481,0.0,0.0010818462382964813,0.0006651468148742505,0.04033940013397576,0.042398373457298404,0.3040411430128359,0.356672685040024,1.2369763789908867,13.989217994734645,1.977491286583245,0.13863137112930418,194.17188084684312,25.44538031043485
421,0.0,0.02057922353805512,0.011513897902722923,0.10540422990653256,0.04383657132127056,0.09998284574917532,0.11068544447466992,1.2392002809822216,16.846053753979504,2.0643755309283733,4.566906369570643,162.04748258553445,14.094957626797258
174,0.0,0.02707912438866795,0.007946058302140508,0.08597213748088292,0.022697235272755873,0.166272514907353,0.06118802554454,1.241466671544869,15.012584791518748,3.0794980318285528,8.569889453332872,8.297465536743402,18.607819492835553
453,0.0,0.001142142503209999,0.0010401542742066172,0.04962178857220371,0.047531312778168945,0.31092935894882534,0.31834699024660656,1.2466506599816585,17.299016353674233,1.7841337789781393,1.1606151894666257,141.94637353532016,44.51153721110895
415,0.0,0.0014649919463169715,0.0011904350125825432,0.04491617821146279,0.051023720132947877,0.2842083516250483,0.35349036443578435,1.2466888634353341,8.280387191101909,1.921640992164612,0.4195283236913383,168.37403886485845,20.633282537944616
272,0.0,0.025262901342047922,0.024848221859312278,0.014093278645034601,0.014411173288180302,0.14746458125171186,0.1418690929183387,1.2471919568823937,9.669904727488756,3.854238415509463,9.666294510196895,117.35977070126683,4.477180699724704
1,0.0,0.017965568908248096,0.0235386301670961,0.03329214534996669,0.030185891249836463,0.1501113557709614,0.17098536669812608,1.2493760417076873,13.042831856757402,2.218997147213668,7.377289722766727,166.5183124365285,6.101902774255723
327,0.0,0.0014590687326127415,0.001020984109511882,0.05469516387212405,0.0458691169298922,0.3186954113955655,0.3025877443392912,1.256835330363331,7.041345173493028,1.5095362402498724,0.9649482279084622,183.82051683589816,43.415505793411285
374,0.0,0.023306499914063687,0.011523640530060919,0.0939607752708322,0.03996708581034825,0.1239628002575905,0.09399499423321453,1.2591187216612623,11.609269392676651,3.91074915509671,3.0996410958468914,65.20142498798668,8.90176961850375
130,0.0,0.00046711915833779535,0.0005715169735780058,0.05630990912680243,0.023021378801875384,0.44986662752344386,0.1855190794876257,1.2601142685088134,18.104106621816754,4.379212313052267,0.6128615136258304,22.19164754729718,25.867810274939984
271,0.0,0.0010771966111533704,0.0009947891207340552,0.0620653873936441,0.031120579242845822,0.4139824627734831,0.19390072783214254,1.2621334627465717,9.9866974176839,2.076255758665502,1.7750634073279798,64.58956450410187,49.6407491912134
194,0.0,0.023546690125464755,0.02194567279717937,0.0431006120614703,0.021051195124480466,0.12789558988405267,0.15229975547305746,1.2696060752482814,17.63630646187812,2.566153297573328,9.907415629085154,198.690998705104,6.181976026017218
221,0.0,0.000611505963689958,0.0006987247470618812,0.05749445857755061,0.031224324678156334,0.4233192317346953,0.21375533921700457,1.2780936158351228,18.655741188675165,0.7845814814791083,1.3987409028224649,46.22270579729229,48.330465734470636
224,0.0,0.0015009506910124443,0.00048286659637535934,0.08134390178842518,0.015487961327280354,0.4748266268472168,0.10931324314660669,1.2822330335861574,8.163867014460266,2.6907459381967787,2.1171738974750043,12.545049325563014,44.08821673104539
325,0.0,0.02050466485091747,0.014259167473815833,0.09824152474145187,0.04244490356778054,0.10999976874785795,0.13571516612728493,1.2958132830448315,17.146670672111213,0.7163484653458,2.878408456221223,104.22607156820595,6.284265554323792
83,0.0,0.018369841409561903,0.014244698546066206,0.09939788287792282,0.0456517737795876,0.12037335268935585,0.15043210308307872,1.3081022699229932,5.003067108802497,0.5534833594225348,3.922059448156506,182.20706073660403,9.331187355704605
337,0.0,0.018693733445899204,0.021958948729235112,0.045897694974631184,0.02834019348213671,0.16316431286143462,0.18460735504007753,1.3172587799860738,14.974427634850144,1.097100535593927,7.36472644181922,176.25438563153148,8.36139495326206
51,0.0,0.0010033182457084694,0.0006424869152179142,0.04770042563764888,0.047587720969314816,0.3351162008780954,0.36552498946023737,1.335809170485621,5.449950511567295,0.8450726987794042,0.4955231555737555,115.56126107741147,27.243044298607856
495,0.0,0.0009673929783076899,0.0008134552635021227,0.0665105551809488,0.034705206468280625,0.4354225284101222,0.21555833291673993,1.3453744434888464,9.691226313821971,0.7445205561816692,1.3003487212583424,21.343371039256454,32.52861402472481
8,0.0,0.0595747290839385,0.0012211811667740575,0.06419884746726337,0.00014949705458084202,0.08167588264212795,0.0037165798467893463,1.3573721676355397,5.947176379151642,3.4707773308269685,8.052889768127352,21.830958945676684,0.6453066584654152
21,0.0,0.020978649839312677,0.01324317126275568,0.11442460736858333,0.053711802436204735,0.10764542539730557,0.13060801470469305,1.3583114768320246,15.808238335885108,2.4459517429582776,2.581905093975365,138.84909986611456,8.495781986042857
474,0.0,0.026817280585448394,0.030099315723588354,0.013452525745972388,0.015750981287788405,0.14624732933382756,0.1586274118079346,1.3594508590769379,16.910113606601954,4.787125069927424,7.810727811325341,88.9750470938161,2.350222442764789
191,0.0,0.0014397244739039877,0.0006963150954822474,0.07867234663702058,0.02522112914695975,0.47832690096957764,0.1688142091471279,1.3812449613640743,8.94656662736088,2.455444631446153,1.0666679412126543,38.087470847181976,28.746295440848918
397,0.0,0.0008715916783058435,0.0008135124382807489,0.06855755531227987,0.03181804749361438,0.47200939577344325,0.20895794609904006,1.397781296194189,19.10265619494021,2.423720071744174,1.584081839118153,13.205064006149769,38.26192263038829
369,0.0,0.01943823985885081,0.014690382466008026,0.11298869145743769,0.05701079205319017,0.12771916519971613,0.15118796068028614,1.415042593780975,14.359873843379319,1.8228746581822637,1.4891810395754874,99.03530566487461,4.284899188019335
281,0.0,0.030886222936978812,0.026757370498823707,0.02320635818475957,0.016079082504534284,0.15722336860741315,0.15116366006438867,1.4263873946372816,12.001246792264283,0.6081352792680264,5.314411619026214,72.1815296728164,2.136376856546849
110,0.0,0.02257314033585332,0.015505779259504323,0.10831336810086925,0.049570985675250465,0.11929083325428917,0.15089441308231794,1.4302085260926258,14.696546126157045,3.529708522278816,4.717879121564328,173.50752661842853,11.331737017445265
248,0.0,0.02614175482905473,0.015311424014957112,0.10287254076486782,0.038272395662602904,0.1252359373556795,0.14305142818329325,1.4433738151333657,7.50811386667192,3.6472226157784466,5.29565411331132,179.92696355376393,9.779721713531762
70,0.0,0.0012496055877384677,0.0006521129115469746,0.08068081939123824,0.025977074567283844,0.5122368223704061,0.16969731082494138,1.4450936876413878,12.79240460600704,3.409584428183735,1.4358765719458462,23.8985343715176,37.053508539590986
455,0.0,0.022953362322478653,0.014595134636082984,0.128063187085595,0.05207208755949704,0.12757583565825162,0.1498559315176801,1.506478030213423,7.193701684474945,1.2947666625492276,2.9968064611777665,171.01309845596552,6.792771222814917
141,0.0,0.03232859997495298,0.03444826400193336,0.019582655079456744,0.014457673755821073,0.14136879790196635,0.15415900860184298,1.5079281538638036,19.009105870500207,1.082655503973365,6.864460756070912,82.01495579909533,1.5589934670366348
259,0.0,0.019871307946524655,0.019266094362122285,0.10097278995967388,0.03586287332983126,0.17142520184312177,0.18751996675950314,1.5132595164840086,4.25757844094187,1.5751860069110992,4.010763883870095,172.41102002188563,5.548083564080297
448,0.0,0.021168317389043713,0.013844345454074506,0.1406788911853433,0.06034345598597473,0.12502894177723783,0.1508232397327589,1.5237279493871991,8.830118894577026,3.229404208157212,1.514749815594405,192.41873096581548,5.175637909770011
197,0.0,0.02012435504251327,0.023738843789937503,0.06377623003933638,0.04309087310623436,0.17935556080833887,0.21718281250100613,1.524762365029487,17.241565224714577,0.6704412193968893,5.819510828144848,164.90555708203465,7.784380373451858
6,0.0,0.022047109420035294,0.028575051354594934,0.04013397299035995,0.03242831904283288,0.19473393146411996,0.20306262310186446,1.5254462175207522,12.332697171717882,4.763247360382229,8.233658874966205,194.09411059133708,7.620800352003425
307,0.0,0.02698738723444859,0.012001041418344563,0.12171555006886607,0.04396857437259748,0.16015525971608785,0.13547796677697777,1.539459099977771,5.359186108224094,2.1836839576251807,5.154124193824828,191.38546524383128,15.690530490223317
77,0.0,0.0011942787687833226,0.0007281802355138333,0.04831597737128513,0.059033652401664465,0.3675755924837084,0.4610187137887196,1.5480674019488236,19.323278690688312,0.6323595851659775,0.19770250013098123,147.6751989480108,18.824821943230926
18,0.0,0.020554610542214156,0.018292703041271195,0.11580177165847476,0.05433371484311649,0.1496550579029107,0.178251194266938,1.553852870346895,19.811576374806464,4.53143415460363,1.8910906127654017,123.7231371179223,3.862470896542072
506,0.0,0.023897524552869413,0.016481361422535735,0.12254383422879493,0.05290050548030626,0.14377789557852988,0.16884256832257297,1.5826428159078678,17.48320477362722,3.0660390132106845,3.786579689476639,186.21062187105417,10.346699752658605
203,0.0,0.03643989978265868,0.04043541005239348,0.0168437922686754,0.007076397536971349,0.1688743867957758,0.1526634534320641,1.670539317096464,1.0591500736773014,1.9081835798919202,5.517033094260841,38.6565627316013,0.7251421543769538
405,0.0,0.02946157190174265,0.02836249156360443,0.07350682396855993,0.03155619483479311,0.15212511992890138,0.21687200936039677,1.6945062991135802,15.611510298214853,1.4672369687817992,5.826338915899396,180.7730586901307,3.953342474345118
246,0.0,0.04475155149498672,0.0049302868513122974,0.13388499708968196,0.006700909986881292,0.2231403349384542,0.061968483894811126,1.7108300250726112,11.513941663317382,4.902621794678271,6.043311521969735,4.517239795066416,4.3772963813506065
342,0.0,0.034921954966629004,0.03574263225136804,0.0355911930599747,0.023379410011052475,0.18699697243147692,0.20932487161583266,1.788721492491288,10.999503726139665,3.334960631653667,8.362200310453773,161.11290864180773,3.6557425103150307
122,0.0,0.036120201158878394,0.03071883269084815,0.06068289146175274,0.028945300027258265,0.17134049605110033,0.19192422892058192,1.7891168579219072,17.4248420977965,3.297372232098133,5.491540402453393,144.28523968812078,2.493256659526378
209,0.0,0.02889014624815856,0.030953760091570547,0.07282219836485374,0.04089766089194064,0.18541506902711763,0.22827137571527434,1.8093004451216796,15.181009948253632,0.2897545712068677,4.4272494106553495,143.55301270913333,3.7458615044131873
151,0.0,0.028618097146767597,0.02328101567442122,0.1297439641981239,0.04557055592316792,0.17881036086908014,0.2292589392895168,1.8898915938550234,6.749681388959289,2.0290702452883127,3.0821832545101646,186.91779087577015,4.581236945465206
216,0.0,0.03227982686911986,0.016448334123136593,0.14129074126439917,0.044617920320651094,0.1874687026573867,0.21026902719157642,1.8901701201375523,8.122953080572188,4.220469755120575,1.276651688758284,95.2624995522201,2.965195561945438
50,0.0,0.031082603495458404,0.025405925919288475,0.11100263938342678,0.06707338836957459,0.1857805974409163,0.2009809709121295,1.9248217597362212,19.201806178316474,2.733037643413991,7.153946861904115,3.0942789735272527,8.743018466699867
236,0.0,0.04141067000023878,0.03758281350487523,0.038493896000391575,0.023200425178957183,0.19508424182692746,0.19856356944234377,1.928728052263153,4.745534113608301,3.420269480347634,4.831514726951718,103.28634313773364,0.9655912538990378
509,0.0,0.029307220098245677,0.022474103520597102,0.14280982225248864,0.045339948468188465,0.19616785364782818,0.23715892251384402,1.9720991150446092,17.9884021198377,0.2507828163914383,2.001183867454529,152.41298680659384,2.5963165242224933
255,0.0,0.050212459685634814,0.028608943643777304,0.036551972545761355,0.019518345907330197,0.23980746346748988,0.16316739836723942,1.979631765323259,9.109453385695815,0.7943307006731629,9.077796844765544,158.53342959471047,2.0424962916411458
332,0.0,0.039301203338964745,0.037976781747183753,0.05087836503251926,0.03120361061251829,0.20747823880173705,0.23902781175116755,2.0301150979176232,5.2597189750522375,4.973426259122789,2.2003984628245234,59.23623322043568,0.8284252753481268
60,0.0,0.0448246642301882,0.03529523908757719,0.0498764724394057,0.02100844270291397,0.2129815898205573,0.2075077684406455,2.0301515346313925,4.49979782383889,3.969588095787913,6.657620627060532,175.20560566801578,1.6700398555956781
351,0.0,0.056329493729740186,0.00910119759440604,0.15770855433311692,0.007950106103461151,0.19091813978956645,0.10620394920833608,2.0360420984054715,8.593527323566377,2.3907039877027274,6.449239488504827,3.990474861115217,2.8740833469666542
443,0.0,0.036109138418990314,0.020564445258233092,0.15466087198223266,0.05369865391574161,0.17718389734217724,0.21681925419298465,2.0601183511057144,2.674373951740563,2.1434104106388987,0.8664150065742433,121.10410092491657,1.7626721093431115
376,0.0,0.03823226161289559,0.03278343054847073,0.10514566482300385,0.033198227622979894,0.18693562647647366,0.2345231852974445,2.0826369926981045,7.302580166608095,2.63949929215014,3.286303262319416,137.9947518426925,1.9506164357066156
318,0.0,0.04460653393242585,0.0328412084145227,0.09834948808899491,0.04049706437552311,0.2207024530907431,0.23641633179725188,2.245953961734576,13.357823872938752,4.570258563756942,4.454867675155401,181.69954006001353,2.676376763544977
424,0.0,0.06120355123717593,0.03740433457442841,0.07676371314398017,0.02767934468844334,0.26042138766280365,0.2147697381975764,2.521456067548485,6.472379714250565,4.46287510516122,5.115123852994293,165.56329438835382,1.0748584237881005
47,0.0,0.058968113668278276,0.0390914327042201,0.13704206210035835,0.051989327799779786,0.26430507802948905,0.2809892813904931,2.8457021694895284,9.318098986521363,1.3844724613241852,2.417371400818229,132.49523881822824,1.1796612117439509
399,0.0,0.08505949132217025,0.05302519100386259,0.03309170830755946,0.01688270309441022,0.3325359283689089,0.20470227561972787,3.061836936857146,10.12919448595494,0.424226485658437,4.736561981402337,75.89147095195949,0.5427818838506937
363,0.0,0.08200643603518282,0.04718783646184067,0.07360105987070549,0.02220846011451456,0.3175172147317854,0.218208362123927,3.070308655647723,1.881265320815146,0.36055910866707563,7.528960334416479,194.60239706467837,1.0696416440419854
105,0.0,0.08343727724970876,0.046094245143507184,0.22990456827681802,0.062245205586505585,0.2584047935432011,0.270469701058762,3.635749183544005,10.683640826493502,0.9848229995928706,1.069884730409831,188.63681016676128,0.4417481953278184
301,0.0,0.12555628023320617,0.03943448017140075,0.034012313526815004,0.014499287737121709,0.4343234473324479,0.1396450568771207,3.655525267429512,19.533111634664237,1.9516838544979693,8.874097208678723,126.36871932540089,0.2342602544464171
494,0.0,0.1170012020405713,0.04831144502287639,0.03684366543824044,0.015120020241750132,0.45457705216318267,0.1749989863937392,3.714704003165571,14.939660316333175,2.833618608955294,6.416797501593828,109.81063584797084,0.35088265901431437
170,0.0,0.10378864699746122,0.05157806517143959,0.12021124039946848,0.036863714639431173,0.41311852529647447,0.25312768706829525,3.8800259696559696,15.258541491813958,3.7814881924539807,3.5275007235817615,171.90843550954014,0.1441590130329132
